Starting to train (PyTorch).
  [diag] log10|dL/dh_t| hist bins=60 range=(-12.50,-11.50) mean=-12.00 p50=-12.00 p05=-12.00 p95=-12.00
  [diag] sat-dist hist bins=60 sat<0.05=0.0% mean=0.982 p10=0.980 p90=0.983
Iter 0000020: train nll 1.456, valid error 075.950%, best valid error 100.000%, avg grad norm   0.220, avg grad norm (post clip)   0.220, rho_Whh  0.95, Omega  0.00, alpha  1.000, steps in the past 0.000, valid nll 1.386
  [diag] log10|dL/dh_t| hist bins=60 range=(-12.50,-11.50) mean=-12.00 p50=-12.00 p05=-12.00 p95=-12.00
  [diag] sat-dist hist bins=60 sat<0.05=0.0% mean=0.981 p10=0.979 p90=0.983
Iter 0000040: train nll 1.386, valid error 075.090%, best valid error 075.950%, avg grad norm   0.216, avg grad norm (post clip)   0.227, rho_Whh  0.95, Omega  0.00, alpha  1.000, steps in the past 0.000, valid nll 1.386
  [diag] log10|dL/dh_t| hist bins=60 range=(-12.50,-11.50) mean=-12.00 p50=-12.00 p05=-12.00 p95=-12.00
  [diag] sat-dist hist bins=60 sat<0.05=0.0% mean=0.974 p10=0.970 p90=0.982
Iter 0000060: train nll 1.386, valid error 075.270%, best valid error 075.090%, avg grad norm   0.278, avg grad norm (post clip)   0.289, rho_Whh  0.95, Omega  0.00, alpha  1.000, steps in the past 0.000, valid nll 1.386
  [diag] log10|dL/dh_t| hist bins=60 range=(-12.50,-11.50) mean=-12.00 p50=-12.00 p05=-12.00 p95=-12.00
  [diag] sat-dist hist bins=60 sat<0.05=0.0% mean=0.981 p10=0.979 p90=0.982
Iter 0000080: train nll 1.386, valid error 075.090%, best valid error 075.090%, avg grad norm   0.192, avg grad norm (post clip)   0.207, rho_Whh  0.95, Omega  0.00, alpha  1.000, steps in the past 0.000, valid nll 1.386
  [diag] log10|dL/dh_t| hist bins=60 range=(-12.50,-11.50) mean=-12.00 p50=-12.00 p05=-12.00 p95=-12.00
  [diag] sat-dist hist bins=60 sat<0.05=0.0% mean=0.977 p10=0.974 p90=0.981
Iter 0000100: train nll 1.387, valid error 075.090%, best valid error 075.090%, avg grad norm   0.221, avg grad norm (post clip)   0.231, rho_Whh  0.95, Omega  0.00, alpha  1.000, steps in the past 0.000, valid nll 1.386
  [diag] log10|dL/dh_t| hist bins=60 range=(-12.50,-11.50) mean=-12.00 p50=-12.00 p05=-12.00 p95=-12.00
  [diag] sat-dist hist bins=60 sat<0.05=0.0% mean=0.978 p10=0.975 p90=0.982
Iter 0000120: train nll 1.386, valid error 075.140%, best valid error 075.090%, avg grad norm   0.223, avg grad norm (post clip)   0.235, rho_Whh  0.95, Omega  0.00, alpha  1.000, steps in the past 0.000, valid nll 1.386
  [diag] log10|dL/dh_t| hist bins=60 range=(-12.50,-11.50) mean=-12.00 p50=-12.00 p05=-12.00 p95=-12.00
  [diag] sat-dist hist bins=60 sat<0.05=0.0% mean=0.974 p10=0.970 p90=0.980
Iter 0000140: train nll 1.386, valid error 075.090%, best valid error 075.090%, avg grad norm   0.218, avg grad norm (post clip)   0.230, rho_Whh  0.95, Omega  0.00, alpha  1.000, steps in the past 0.000, valid nll 1.386
  [diag] log10|dL/dh_t| hist bins=60 range=(-12.50,-11.50) mean=-12.00 p50=-12.00 p05=-12.00 p95=-12.00
  [diag] sat-dist hist bins=60 sat<0.05=0.0% mean=0.964 p10=0.959 p90=0.977
Iter 0000160: train nll 1.385, valid error 075.090%, best valid error 075.090%, avg grad norm   0.208, avg grad norm (post clip)   0.219, rho_Whh  0.95, Omega  0.00, alpha  1.000, steps in the past 0.000, valid nll 1.387
  [diag] log10|dL/dh_t| hist bins=60 range=(-12.50,-11.50) mean=-12.00 p50=-12.00 p05=-12.00 p95=-12.00
  [diag] sat-dist hist bins=60 sat<0.05=0.0% mean=0.971 p10=0.968 p90=0.978
Iter 0000180: train nll 1.386, valid error 075.090%, best valid error 075.090%, avg grad norm   0.214, avg grad norm (post clip)   0.225, rho_Whh  0.95, Omega  0.00, alpha  1.000, steps in the past 0.000, valid nll 1.387
  [diag] log10|dL/dh_t| hist bins=60 range=(-12.50,-11.50) mean=-12.00 p50=-12.00 p05=-12.00 p95=-12.00
  [diag] sat-dist hist bins=60 sat<0.05=0.0% mean=0.969 p10=0.966 p90=0.978
Iter 0000200: train nll 1.387, valid error 075.090%, best valid error 075.090%, avg grad norm   0.221, avg grad norm (post clip)   0.232, rho_Whh  0.95, Omega  0.00, alpha  1.000, steps in the past 0.000, valid nll 1.387
  [diag] log10|dL/dh_t| hist bins=60 range=(-12.50,-11.50) mean=-12.00 p50=-12.00 p05=-12.00 p95=-12.00
  [diag] sat-dist hist bins=60 sat<0.05=0.0% mean=0.964 p10=0.959 p90=0.977
Iter 0000220: train nll 1.386, valid error 075.090%, best valid error 075.090%, avg grad norm   0.208, avg grad norm (post clip)   0.219, rho_Whh  0.95, Omega  0.00, alpha  1.000, steps in the past 0.000, valid nll 1.387
  [diag] log10|dL/dh_t| hist bins=60 range=(-12.50,-11.50) mean=-12.00 p50=-12.00 p05=-12.00 p95=-12.00
  [diag] sat-dist hist bins=60 sat<0.05=0.0% mean=0.957 p10=0.950 p90=0.975
Iter 0000240: train nll 1.386, valid error 075.090%, best valid error 075.090%, avg grad norm   0.269, avg grad norm (post clip)   0.279, rho_Whh  0.95, Omega  0.00, alpha  1.000, steps in the past 0.000, valid nll 1.387
  [diag] log10|dL/dh_t| hist bins=60 range=(-12.50,-11.50) mean=-12.00 p50=-12.00 p05=-12.00 p95=-12.00
  [diag] sat-dist hist bins=60 sat<0.05=0.0% mean=0.963 p10=0.958 p90=0.976
Iter 0000260: train nll 1.387, valid error 075.090%, best valid error 075.090%, avg grad norm   0.226, avg grad norm (post clip)   0.240, rho_Whh  0.95, Omega  0.00, alpha  1.000, steps in the past 0.000, valid nll 1.387
  [diag] log10|dL/dh_t| hist bins=60 range=(-12.50,-11.50) mean=-12.00 p50=-12.00 p05=-12.00 p95=-12.00
  [diag] sat-dist hist bins=60 sat<0.05=0.0% mean=0.950 p10=0.941 p90=0.972
Iter 0000280: train nll 1.385, valid error 075.090%, best valid error 075.090%, avg grad norm   0.222, avg grad norm (post clip)   0.234, rho_Whh  0.95, Omega  0.00, alpha  1.000, steps in the past 0.000, valid nll 1.387
  [diag] log10|dL/dh_t| hist bins=60 range=(-12.50,-11.50) mean=-12.00 p50=-12.00 p05=-12.00 p95=-12.00
  [diag] sat-dist hist bins=60 sat<0.05=0.0% mean=0.957 p10=0.950 p90=0.975
Iter 0000300: train nll 1.386, valid error 075.090%, best valid error 075.090%, avg grad norm   0.214, avg grad norm (post clip)   0.226, rho_Whh  0.95, Omega  0.00, alpha  1.000, steps in the past 0.000, valid nll 1.387
  [diag] log10|dL/dh_t| hist bins=60 range=(-12.50,-11.50) mean=-12.00 p50=-12.00 p05=-12.00 p95=-12.00
  [diag] sat-dist hist bins=60 sat<0.05=0.0% mean=0.960 p10=0.954 p90=0.975
Iter 0000320: train nll 1.387, valid error 075.090%, best valid error 075.090%, avg grad norm   0.197, avg grad norm (post clip)   0.208, rho_Whh  0.95, Omega  0.00, alpha  1.000, steps in the past 0.000, valid nll 1.387
  [diag] log10|dL/dh_t| hist bins=60 range=(-12.50,-11.50) mean=-12.00 p50=-12.00 p05=-12.00 p95=-12.00
  [diag] sat-dist hist bins=60 sat<0.05=0.0% mean=0.978 p10=0.975 p90=0.981
Iter 0000340: train nll 1.388, valid error 075.040%, best valid error 075.090%, avg grad norm   0.216, avg grad norm (post clip)   0.227, rho_Whh  0.95, Omega  0.00, alpha  1.000, steps in the past 0.000, valid nll 1.387
  [diag] log10|dL/dh_t| hist bins=60 range=(-12.50,-11.50) mean=-12.00 p50=-12.00 p05=-12.00 p95=-12.00
  [diag] sat-dist hist bins=60 sat<0.05=0.0% mean=0.980 p10=0.978 p90=0.982
Iter 0000360: train nll 1.387, valid error 075.250%, best valid error 075.040%, avg grad norm   0.208, avg grad norm (post clip)   0.220, rho_Whh  0.95, Omega  0.00, alpha  1.000, steps in the past 0.000, valid nll 1.387
  [diag] log10|dL/dh_t| hist bins=60 range=(-12.50,-11.50) mean=-12.00 p50=-12.00 p05=-12.00 p95=-12.00
  [diag] sat-dist hist bins=60 sat<0.05=0.0% mean=0.979 p10=0.977 p90=0.982
Iter 0000380: train nll 1.386, valid error 075.330%, best valid error 075.040%, avg grad norm   0.199, avg grad norm (post clip)   0.210, rho_Whh  0.95, Omega  0.00, alpha  1.000, steps in the past 0.000, valid nll 1.387
  [diag] log10|dL/dh_t| hist bins=60 range=(-12.50,-11.50) mean=-12.00 p50=-12.00 p05=-12.00 p95=-12.00
  [diag] sat-dist hist bins=60 sat<0.05=0.0% mean=0.977 p10=0.973 p90=0.981
Iter 0000400: train nll 1.388, valid error 074.990%, best valid error 075.040%, avg grad norm   0.256, avg grad norm (post clip)   0.267, rho_Whh  0.95, Omega  0.00, alpha  1.000, steps in the past 0.000, valid nll 1.386
  [diag] log10|dL/dh_t| hist bins=60 range=(-12.50,-11.50) mean=-12.00 p50=-12.00 p05=-12.00 p95=-12.00
  [diag] sat-dist hist bins=60 sat<0.05=0.0% mean=0.962 p10=0.954 p90=0.977
Iter 0000420: train nll 1.386, valid error 074.360%, best valid error 074.990%, avg grad norm   0.232, avg grad norm (post clip)   0.245, rho_Whh  0.95, Omega  0.00, alpha  1.000, steps in the past 0.000, valid nll 1.386
  [diag] log10|dL/dh_t| hist bins=60 range=(-12.50,-11.50) mean=-12.00 p50=-12.00 p05=-12.00 p95=-12.00
  [diag] sat-dist hist bins=60 sat<0.05=0.0% mean=0.944 p10=0.931 p90=0.971
Iter 0000440: train nll 1.386, valid error 074.940%, best valid error 074.360%, avg grad norm   0.230, avg grad norm (post clip)   0.242, rho_Whh  0.95, Omega  0.00, alpha  1.000, steps in the past 0.000, valid nll 1.386
  [diag] log10|dL/dh_t| hist bins=60 range=(-12.50,-11.50) mean=-12.00 p50=-12.00 p05=-12.00 p95=-12.00
  [diag] sat-dist hist bins=60 sat<0.05=0.0% mean=0.926 p10=0.912 p90=0.964
Iter 0000460: train nll 1.385, valid error 074.420%, best valid error 074.360%, avg grad norm   0.285, avg grad norm (post clip)   0.297, rho_Whh  0.95, Omega  0.00, alpha  1.000, steps in the past 0.000, valid nll 1.386
  [diag] log10|dL/dh_t| hist bins=60 range=(-12.50,-11.50) mean=-12.00 p50=-12.00 p05=-12.00 p95=-12.00
  [diag] sat-dist hist bins=60 sat<0.05=0.0% mean=0.947 p10=0.936 p90=0.971
Iter 0000480: train nll 1.387, valid error 074.910%, best valid error 074.360%, avg grad norm   0.251, avg grad norm (post clip)   0.265, rho_Whh  0.95, Omega  0.00, alpha  1.000, steps in the past 0.000, valid nll 1.386
  [diag] log10|dL/dh_t| hist bins=60 range=(-12.50,-11.50) mean=-12.00 p50=-12.00 p05=-12.00 p95=-12.00
  [diag] sat-dist hist bins=60 sat<0.05=0.0% mean=0.970 p10=0.963 p90=0.979
Iter 0000500: train nll 1.388, valid error 075.050%, best valid error 074.360%, avg grad norm   0.239, avg grad norm (post clip)   0.253, rho_Whh  0.95, Omega  0.00, alpha  1.000, steps in the past 0.000, valid nll 1.386
  [diag] log10|dL/dh_t| hist bins=60 range=(-12.50,-11.50) mean=-12.00 p50=-12.00 p05=-12.00 p95=-12.00
  [diag] sat-dist hist bins=60 sat<0.05=0.0% mean=0.975 p10=0.971 p90=0.980
Iter 0000520: train nll 1.386, valid error 075.090%, best valid error 074.360%, avg grad norm   0.191, avg grad norm (post clip)   0.204, rho_Whh  0.95, Omega  0.00, alpha  1.000, steps in the past 0.000, valid nll 1.386
  [diag] log10|dL/dh_t| hist bins=60 range=(-12.50,-11.50) mean=-12.00 p50=-12.00 p05=-12.00 p95=-12.00
  [diag] sat-dist hist bins=60 sat<0.05=0.0% mean=0.981 p10=0.980 p90=0.982
Iter 0000540: train nll 1.387, valid error 075.090%, best valid error 074.360%, avg grad norm   0.245, avg grad norm (post clip)   0.255, rho_Whh  0.95, Omega  0.00, alpha  1.000, steps in the past 0.000, valid nll 1.386
  [diag] log10|dL/dh_t| hist bins=60 range=(-12.50,-11.50) mean=-12.00 p50=-12.00 p05=-12.00 p95=-12.00
  [diag] sat-dist hist bins=60 sat<0.05=0.0% mean=0.982 p10=0.980 p90=0.983
Iter 0000560: train nll 1.387, valid error 075.080%, best valid error 074.360%, avg grad norm   0.199, avg grad norm (post clip)   0.212, rho_Whh  0.95, Omega  0.00, alpha  1.000, steps in the past 0.000, valid nll 1.386
  [diag] log10|dL/dh_t| hist bins=60 range=(-12.50,-11.50) mean=-12.00 p50=-12.00 p05=-12.00 p95=-12.00
  [diag] sat-dist hist bins=60 sat<0.05=0.0% mean=0.982 p10=0.980 p90=0.983
Iter 0000580: train nll 1.387, valid error 075.270%, best valid error 074.360%, avg grad norm   0.187, avg grad norm (post clip)   0.197, rho_Whh  0.95, Omega  0.00, alpha  1.000, steps in the past 0.000, valid nll 1.386
  [diag] log10|dL/dh_t| hist bins=60 range=(-12.50,-11.50) mean=-12.00 p50=-12.00 p05=-12.00 p95=-12.00
  [diag] sat-dist hist bins=60 sat<0.05=0.0% mean=0.981 p10=0.978 p90=0.982
Iter 0000600: train nll 1.386, valid error 074.940%, best valid error 074.360%, avg grad norm   0.201, avg grad norm (post clip)   0.211, rho_Whh  0.95, Omega  0.00, alpha  1.000, steps in the past 0.000, valid nll 1.386
  [diag] log10|dL/dh_t| hist bins=60 range=(-12.50,-11.50) mean=-12.00 p50=-12.00 p05=-12.00 p95=-12.00
  [diag] sat-dist hist bins=60 sat<0.05=0.0% mean=0.978 p10=0.974 p90=0.982
Iter 0000620: train nll 1.386, valid error 074.890%, best valid error 074.360%, avg grad norm   0.204, avg grad norm (post clip)   0.215, rho_Whh  0.95, Omega  0.00, alpha  1.000, steps in the past 0.000, valid nll 1.386
  [diag] log10|dL/dh_t| hist bins=60 range=(-12.50,-11.50) mean=-12.00 p50=-12.00 p05=-12.00 p95=-12.00
  [diag] sat-dist hist bins=60 sat<0.05=0.0% mean=0.979 p10=0.977 p90=0.982
Iter 0000640: train nll 1.386, valid error 074.950%, best valid error 074.360%, avg grad norm   0.220, avg grad norm (post clip)   0.230, rho_Whh  0.95, Omega  0.00, alpha  1.000, steps in the past 0.000, valid nll 1.386
  [diag] log10|dL/dh_t| hist bins=60 range=(-12.50,-11.50) mean=-12.00 p50=-12.00 p05=-12.00 p95=-12.00
  [diag] sat-dist hist bins=60 sat<0.05=0.0% mean=0.981 p10=0.979 p90=0.983
Iter 0000660: train nll 1.386, valid error 074.950%, best valid error 074.360%, avg grad norm   0.192, avg grad norm (post clip)   0.203, rho_Whh  0.95, Omega  0.00, alpha  1.000, steps in the past 0.000, valid nll 1.386
  [diag] log10|dL/dh_t| hist bins=60 range=(-12.50,-11.50) mean=-12.00 p50=-12.00 p05=-12.00 p95=-12.00
  [diag] sat-dist hist bins=60 sat<0.05=0.0% mean=0.980 p10=0.977 p90=0.982
Iter 0000680: train nll 1.386, valid error 074.950%, best valid error 074.360%, avg grad norm   0.225, avg grad norm (post clip)   0.236, rho_Whh  0.95, Omega  0.00, alpha  1.000, steps in the past 0.000, valid nll 1.386
  [diag] log10|dL/dh_t| hist bins=60 range=(-12.50,-11.50) mean=-12.00 p50=-12.00 p05=-12.00 p95=-12.00
  [diag] sat-dist hist bins=60 sat<0.05=0.0% mean=0.978 p10=0.975 p90=0.982
Iter 0000700: train nll 1.387, valid error 074.910%, best valid error 074.360%, avg grad norm   0.213, avg grad norm (post clip)   0.225, rho_Whh  0.95, Omega  0.00, alpha  1.000, steps in the past 0.000, valid nll 1.386
  [diag] log10|dL/dh_t| hist bins=60 range=(-12.50,-11.50) mean=-12.00 p50=-12.00 p05=-12.00 p95=-12.00
  [diag] sat-dist hist bins=60 sat<0.05=0.0% mean=0.980 p10=0.977 p90=0.982
Iter 0000720: train nll 1.387, valid error 074.700%, best valid error 074.360%, avg grad norm   0.195, avg grad norm (post clip)   0.206, rho_Whh  0.95, Omega  0.00, alpha  1.000, steps in the past 0.000, valid nll 1.386
  [diag] log10|dL/dh_t| hist bins=60 range=(-12.50,-11.50) mean=-12.00 p50=-12.00 p05=-12.00 p95=-12.00
  [diag] sat-dist hist bins=60 sat<0.05=0.0% mean=0.981 p10=0.979 p90=0.983
Iter 0000740: train nll 1.386, valid error 074.950%, best valid error 074.360%, avg grad norm   0.216, avg grad norm (post clip)   0.226, rho_Whh  0.95, Omega  0.00, alpha  1.000, steps in the past 0.000, valid nll 1.386
  [diag] log10|dL/dh_t| hist bins=60 range=(-12.50,-11.50) mean=-12.00 p50=-12.00 p05=-12.00 p95=-12.00
  [diag] sat-dist hist bins=60 sat<0.05=0.0% mean=0.981 p10=0.979 p90=0.983
Iter 0000760: train nll 1.386, valid error 074.950%, best valid error 074.360%, avg grad norm   0.196, avg grad norm (post clip)   0.207, rho_Whh  0.95, Omega  0.00, alpha  1.000, steps in the past 0.000, valid nll 1.386
  [diag] log10|dL/dh_t| hist bins=60 range=(-12.50,-11.50) mean=-12.00 p50=-12.00 p05=-12.00 p95=-12.00
  [diag] sat-dist hist bins=60 sat<0.05=0.0% mean=0.981 p10=0.979 p90=0.983
Iter 0000780: train nll 1.385, valid error 074.950%, best valid error 074.360%, avg grad norm   0.204, avg grad norm (post clip)   0.214, rho_Whh  0.95, Omega  0.00, alpha  1.000, steps in the past 0.000, valid nll 1.386
  [diag] log10|dL/dh_t| hist bins=60 range=(-12.50,-11.50) mean=-12.00 p50=-12.00 p05=-12.00 p95=-12.00
  [diag] sat-dist hist bins=60 sat<0.05=0.0% mean=0.981 p10=0.979 p90=0.982
Iter 0000800: train nll 1.386, valid error 074.950%, best valid error 074.360%, avg grad norm   0.207, avg grad norm (post clip)   0.217, rho_Whh  0.95, Omega  0.00, alpha  1.000, steps in the past 0.000, valid nll 1.386
  [diag] log10|dL/dh_t| hist bins=60 range=(-12.50,-11.50) mean=-12.00 p50=-12.00 p05=-12.00 p95=-12.00
  [diag] sat-dist hist bins=60 sat<0.05=0.0% mean=0.981 p10=0.979 p90=0.983
Iter 0000820: train nll 1.386, valid error 074.950%, best valid error 074.360%, avg grad norm   0.194, avg grad norm (post clip)   0.205, rho_Whh  0.95, Omega  0.00, alpha  1.000, steps in the past 0.000, valid nll 1.386
  [diag] log10|dL/dh_t| hist bins=60 range=(-12.50,-11.50) mean=-12.00 p50=-12.00 p05=-12.00 p95=-12.00
  [diag] sat-dist hist bins=60 sat<0.05=0.0% mean=0.980 p10=0.977 p90=0.982
Iter 0000840: train nll 1.386, valid error 074.950%, best valid error 074.360%, avg grad norm   0.202, avg grad norm (post clip)   0.212, rho_Whh  0.95, Omega  0.00, alpha  1.000, steps in the past 0.000, valid nll 1.386
  [diag] log10|dL/dh_t| hist bins=60 range=(-12.50,-11.50) mean=-12.00 p50=-12.00 p05=-12.00 p95=-12.00
  [diag] sat-dist hist bins=60 sat<0.05=0.0% mean=0.977 p10=0.973 p90=0.981
Iter 0000860: train nll 1.387, valid error 074.950%, best valid error 074.360%, avg grad norm   0.196, avg grad norm (post clip)   0.207, rho_Whh  0.95, Omega  0.00, alpha  1.000, steps in the past 0.000, valid nll 1.386
  [diag] log10|dL/dh_t| hist bins=60 range=(-12.50,-11.50) mean=-12.00 p50=-12.00 p05=-12.00 p95=-12.00
  [diag] sat-dist hist bins=60 sat<0.05=0.0% mean=0.979 p10=0.977 p90=0.982
Iter 0000880: train nll 1.387, valid error 074.950%, best valid error 074.360%, avg grad norm   0.216, avg grad norm (post clip)   0.226, rho_Whh  0.95, Omega  0.00, alpha  1.000, steps in the past 0.000, valid nll 1.386
  [diag] log10|dL/dh_t| hist bins=60 range=(-12.50,-11.50) mean=-12.00 p50=-12.00 p05=-12.00 p95=-12.00
  [diag] sat-dist hist bins=60 sat<0.05=0.0% mean=0.980 p10=0.977 p90=0.982
Iter 0000900: train nll 1.387, valid error 074.950%, best valid error 074.360%, avg grad norm   0.193, avg grad norm (post clip)   0.204, rho_Whh  0.95, Omega  0.00, alpha  1.000, steps in the past 0.000, valid nll 1.386
  [diag] log10|dL/dh_t| hist bins=60 range=(-12.50,-11.50) mean=-12.00 p50=-12.00 p05=-12.00 p95=-12.00
  [diag] sat-dist hist bins=60 sat<0.05=0.0% mean=0.982 p10=0.980 p90=0.983
Iter 0000920: train nll 1.386, valid error 074.950%, best valid error 074.360%, avg grad norm   0.189, avg grad norm (post clip)   0.200, rho_Whh  0.95, Omega  0.00, alpha  1.000, steps in the past 0.000, valid nll 1.386
  [diag] log10|dL/dh_t| hist bins=60 range=(-12.50,-11.50) mean=-12.00 p50=-12.00 p05=-12.00 p95=-12.00
  [diag] sat-dist hist bins=60 sat<0.05=0.0% mean=0.982 p10=0.980 p90=0.983
Iter 0000940: train nll 1.386, valid error 074.950%, best valid error 074.360%, avg grad norm   0.187, avg grad norm (post clip)   0.197, rho_Whh  0.95, Omega  0.00, alpha  1.000, steps in the past 0.000, valid nll 1.386
  [diag] log10|dL/dh_t| hist bins=60 range=(-12.50,-11.50) mean=-12.00 p50=-12.00 p05=-12.00 p95=-12.00
  [diag] sat-dist hist bins=60 sat<0.05=0.0% mean=0.981 p10=0.980 p90=0.982
Iter 0000960: train nll 1.386, valid error 074.950%, best valid error 074.360%, avg grad norm   0.191, avg grad norm (post clip)   0.201, rho_Whh  0.95, Omega  0.00, alpha  1.000, steps in the past 0.000, valid nll 1.386
  [diag] log10|dL/dh_t| hist bins=60 range=(-12.50,-11.50) mean=-12.00 p50=-12.00 p05=-12.00 p95=-12.00
  [diag] sat-dist hist bins=60 sat<0.05=0.0% mean=0.980 p10=0.978 p90=0.982
Iter 0000980: train nll 1.386, valid error 074.950%, best valid error 074.360%, avg grad norm   0.186, avg grad norm (post clip)   0.196, rho_Whh  0.95, Omega  0.00, alpha  1.000, steps in the past 0.000, valid nll 1.386
  [diag] log10|dL/dh_t| hist bins=60 range=(-12.50,-11.50) mean=-12.00 p50=-12.00 p05=-12.00 p95=-12.00
  [diag] sat-dist hist bins=60 sat<0.05=0.0% mean=0.980 p10=0.978 p90=0.982
Iter 0001000: train nll 1.386, valid error 074.950%, best valid error 074.360%, avg grad norm   0.176, avg grad norm (post clip)   0.186, rho_Whh  0.95, Omega  0.00, alpha  1.000, steps in the past 0.000, valid nll 1.386
  [diag] log10|dL/dh_t| hist bins=60 range=(-12.50,-11.50) mean=-12.00 p50=-12.00 p05=-12.00 p95=-12.00
  [diag] sat-dist hist bins=60 sat<0.05=0.0% mean=0.980 p10=0.978 p90=0.982
Iter 0001020: train nll 1.387, valid error 074.950%, best valid error 074.360%, avg grad norm   0.201, avg grad norm (post clip)   0.210, rho_Whh  0.95, Omega  0.00, alpha  1.000, steps in the past 0.000, valid nll 1.386
  [diag] log10|dL/dh_t| hist bins=60 range=(-12.50,-11.50) mean=-12.00 p50=-12.00 p05=-12.00 p95=-12.00
  [diag] sat-dist hist bins=60 sat<0.05=0.0% mean=0.980 p10=0.978 p90=0.982
Iter 0001040: train nll 1.386, valid error 074.950%, best valid error 074.360%, avg grad norm   0.195, avg grad norm (post clip)   0.205, rho_Whh  0.95, Omega  0.00, alpha  1.000, steps in the past 0.000, valid nll 1.386
  [diag] log10|dL/dh_t| hist bins=60 range=(-12.50,-11.50) mean=-12.00 p50=-12.00 p05=-12.00 p95=-12.00
  [diag] sat-dist hist bins=60 sat<0.05=0.0% mean=0.980 p10=0.978 p90=0.982
Iter 0001060: train nll 1.387, valid error 074.950%, best valid error 074.360%, avg grad norm   0.234, avg grad norm (post clip)   0.244, rho_Whh  0.95, Omega  0.00, alpha  1.000, steps in the past 0.000, valid nll 1.386
  [diag] log10|dL/dh_t| hist bins=60 range=(-12.50,-11.50) mean=-12.00 p50=-12.00 p05=-12.00 p95=-12.00
  [diag] sat-dist hist bins=60 sat<0.05=0.0% mean=0.981 p10=0.979 p90=0.983
Iter 0001080: train nll 1.386, valid error 074.450%, best valid error 074.360%, avg grad norm   0.232, avg grad norm (post clip)   0.244, rho_Whh  0.95, Omega  0.00, alpha  1.000, steps in the past 0.000, valid nll 1.386
  [diag] log10|dL/dh_t| hist bins=60 range=(-12.50,-11.50) mean=-12.00 p50=-12.00 p05=-12.00 p95=-12.00
  [diag] sat-dist hist bins=60 sat<0.05=0.0% mean=0.981 p10=0.979 p90=0.982
Iter 0001100: train nll 1.386, valid error 074.560%, best valid error 074.360%, avg grad norm   0.203, avg grad norm (post clip)   0.215, rho_Whh  0.95, Omega  0.00, alpha  1.000, steps in the past 0.000, valid nll 1.386
  [diag] log10|dL/dh_t| hist bins=60 range=(-12.50,-11.50) mean=-12.00 p50=-12.00 p05=-12.00 p95=-12.00
  [diag] sat-dist hist bins=60 sat<0.05=0.0% mean=0.981 p10=0.980 p90=0.983
Iter 0001120: train nll 1.387, valid error 074.950%, best valid error 074.360%, avg grad norm   0.180, avg grad norm (post clip)   0.191, rho_Whh  0.95, Omega  0.00, alpha  1.000, steps in the past 0.000, valid nll 1.386
  [diag] log10|dL/dh_t| hist bins=60 range=(-12.50,-11.50) mean=-12.00 p50=-12.00 p05=-12.00 p95=-12.00
  [diag] sat-dist hist bins=60 sat<0.05=0.0% mean=0.981 p10=0.980 p90=0.983
Iter 0001140: train nll 1.387, valid error 074.950%, best valid error 074.360%, avg grad norm   0.176, avg grad norm (post clip)   0.186, rho_Whh  0.95, Omega  0.00, alpha  1.000, steps in the past 0.000, valid nll 1.386
  [diag] log10|dL/dh_t| hist bins=60 range=(-12.50,-11.50) mean=-12.00 p50=-12.00 p05=-12.00 p95=-12.00
  [diag] sat-dist hist bins=60 sat<0.05=0.0% mean=0.982 p10=0.980 p90=0.983
Iter 0001160: train nll 1.386, valid error 074.630%, best valid error 074.360%, avg grad norm   0.208, avg grad norm (post clip)   0.216, rho_Whh  0.95, Omega  0.00, alpha  1.000, steps in the past 0.000, valid nll 1.386
  [diag] log10|dL/dh_t| hist bins=60 range=(-12.50,-11.50) mean=-12.00 p50=-12.00 p05=-12.00 p95=-12.00
  [diag] sat-dist hist bins=60 sat<0.05=0.0% mean=0.981 p10=0.980 p90=0.983
Iter 0001180: train nll 1.386, valid error 074.950%, best valid error 074.360%, avg grad norm   0.181, avg grad norm (post clip)   0.192, rho_Whh  0.95, Omega  0.00, alpha  1.000, steps in the past 0.000, valid nll 1.386
  [diag] log10|dL/dh_t| hist bins=60 range=(-12.50,-11.50) mean=-12.00 p50=-12.00 p05=-12.00 p95=-12.00
  [diag] sat-dist hist bins=60 sat<0.05=0.0% mean=0.981 p10=0.980 p90=0.983
Iter 0001200: train nll 1.387, valid error 074.950%, best valid error 074.360%, avg grad norm   0.174, avg grad norm (post clip)   0.184, rho_Whh  0.95, Omega  0.00, alpha  1.000, steps in the past 0.000, valid nll 1.386
  [diag] log10|dL/dh_t| hist bins=60 range=(-12.50,-11.50) mean=-12.00 p50=-12.00 p05=-12.00 p95=-12.00
  [diag] sat-dist hist bins=60 sat<0.05=0.0% mean=0.981 p10=0.980 p90=0.983
Iter 0001220: train nll 1.387, valid error 074.940%, best valid error 074.360%, avg grad norm   0.178, avg grad norm (post clip)   0.187, rho_Whh  0.95, Omega  0.00, alpha  1.000, steps in the past 0.000, valid nll 1.386
  [diag] log10|dL/dh_t| hist bins=60 range=(-12.50,-11.50) mean=-12.00 p50=-12.00 p05=-12.00 p95=-12.00
  [diag] sat-dist hist bins=60 sat<0.05=0.0% mean=0.982 p10=0.980 p90=0.983
Iter 0001240: train nll 1.386, valid error 074.960%, best valid error 074.360%, avg grad norm   0.173, avg grad norm (post clip)   0.183, rho_Whh  0.95, Omega  0.00, alpha  1.000, steps in the past 0.000, valid nll 1.386
  [diag] log10|dL/dh_t| hist bins=60 range=(-12.50,-11.50) mean=-12.00 p50=-12.00 p05=-12.00 p95=-12.00
  [diag] sat-dist hist bins=60 sat<0.05=0.0% mean=0.981 p10=0.980 p90=0.983
Iter 0001260: train nll 1.386, valid error 074.890%, best valid error 074.360%, avg grad norm   0.230, avg grad norm (post clip)   0.239, rho_Whh  0.96, Omega  0.00, alpha  1.000, steps in the past 0.000, valid nll 1.386
  [diag] log10|dL/dh_t| hist bins=60 range=(-12.50,-11.50) mean=-12.00 p50=-12.00 p05=-12.00 p95=-12.00
  [diag] sat-dist hist bins=60 sat<0.05=0.0% mean=0.980 p10=0.979 p90=0.982
Iter 0001280: train nll 1.386, valid error 074.950%, best valid error 074.360%, avg grad norm   0.195, avg grad norm (post clip)   0.207, rho_Whh  0.96, Omega  0.00, alpha  1.000, steps in the past 0.000, valid nll 1.386
  [diag] log10|dL/dh_t| hist bins=60 range=(-12.50,-11.50) mean=-12.00 p50=-12.00 p05=-12.00 p95=-12.00
  [diag] sat-dist hist bins=60 sat<0.05=0.0% mean=0.980 p10=0.979 p90=0.982
Iter 0001300: train nll 1.386, valid error 074.950%, best valid error 074.360%, avg grad norm   0.200, avg grad norm (post clip)   0.211, rho_Whh  0.96, Omega  0.00, alpha  1.000, steps in the past 0.000, valid nll 1.386
  [diag] log10|dL/dh_t| hist bins=60 range=(-12.50,-11.50) mean=-12.00 p50=-12.00 p05=-12.00 p95=-12.00
  [diag] sat-dist hist bins=60 sat<0.05=0.0% mean=0.981 p10=0.980 p90=0.983
Iter 0001320: train nll 1.387, valid error 074.920%, best valid error 074.360%, avg grad norm   0.192, avg grad norm (post clip)   0.202, rho_Whh  0.96, Omega  0.00, alpha  1.000, steps in the past 0.000, valid nll 1.386
  [diag] log10|dL/dh_t| hist bins=60 range=(-12.50,-11.50) mean=-12.00 p50=-12.00 p05=-12.00 p95=-12.00
  [diag] sat-dist hist bins=60 sat<0.05=0.0% mean=0.982 p10=0.980 p90=0.983
Iter 0001340: train nll 1.387, valid error 074.920%, best valid error 074.360%, avg grad norm   0.228, avg grad norm (post clip)   0.238, rho_Whh  0.96, Omega  0.00, alpha  1.000, steps in the past 0.000, valid nll 1.386
  [diag] log10|dL/dh_t| hist bins=60 range=(-12.50,-11.50) mean=-12.00 p50=-12.00 p05=-12.00 p95=-12.00
  [diag] sat-dist hist bins=60 sat<0.05=0.0% mean=0.981 p10=0.979 p90=0.982
Iter 0001360: train nll 1.386, valid error 074.900%, best valid error 074.360%, avg grad norm   0.231, avg grad norm (post clip)   0.243, rho_Whh  0.96, Omega  0.00, alpha  1.000, steps in the past 0.000, valid nll 1.386
  [diag] log10|dL/dh_t| hist bins=60 range=(-12.50,-11.50) mean=-12.00 p50=-12.00 p05=-12.00 p95=-12.00
  [diag] sat-dist hist bins=60 sat<0.05=0.0% mean=0.981 p10=0.979 p90=0.982
Iter 0001380: train nll 1.386, valid error 074.710%, best valid error 074.360%, avg grad norm   0.203, avg grad norm (post clip)   0.215, rho_Whh  0.96, Omega  0.00, alpha  1.000, steps in the past 0.000, valid nll 1.386
  [diag] log10|dL/dh_t| hist bins=60 range=(-12.50,-11.50) mean=-12.00 p50=-12.00 p05=-12.00 p95=-12.00
  [diag] sat-dist hist bins=60 sat<0.05=0.0% mean=0.981 p10=0.979 p90=0.982
Iter 0001400: train nll 1.385, valid error 074.950%, best valid error 074.360%, avg grad norm   0.190, avg grad norm (post clip)   0.201, rho_Whh  0.96, Omega  0.00, alpha  1.000, steps in the past 0.000, valid nll 1.386
  [diag] log10|dL/dh_t| hist bins=60 range=(-12.50,-11.50) mean=-12.00 p50=-12.00 p05=-12.00 p95=-12.00
  [diag] sat-dist hist bins=60 sat<0.05=0.0% mean=0.980 p10=0.977 p90=0.982
Iter 0001420: train nll 1.387, valid error 074.170%, best valid error 074.360%, avg grad norm   0.208, avg grad norm (post clip)   0.218, rho_Whh  0.96, Omega  0.00, alpha  1.000, steps in the past 0.000, valid nll 1.386
  [diag] log10|dL/dh_t| hist bins=60 range=(-12.50,-11.50) mean=-12.00 p50=-12.00 p05=-12.00 p95=-12.00
  [diag] sat-dist hist bins=60 sat<0.05=0.0% mean=0.980 p10=0.978 p90=0.982
Iter 0001440: train nll 1.387, valid error 073.830%, best valid error 074.170%, avg grad norm   0.210, avg grad norm (post clip)   0.221, rho_Whh  0.96, Omega  0.00, alpha  1.000, steps in the past 0.000, valid nll 1.386
  [diag] log10|dL/dh_t| hist bins=60 range=(-12.50,-11.50) mean=-12.00 p50=-12.00 p05=-12.00 p95=-12.00
  [diag] sat-dist hist bins=60 sat<0.05=0.0% mean=0.981 p10=0.979 p90=0.982
Iter 0001460: train nll 1.386, valid error 074.280%, best valid error 073.830%, avg grad norm   0.202, avg grad norm (post clip)   0.213, rho_Whh  0.96, Omega  0.00, alpha  1.000, steps in the past 0.000, valid nll 1.386
  [diag] log10|dL/dh_t| hist bins=60 range=(-12.50,-11.50) mean=-12.00 p50=-12.00 p05=-12.00 p95=-12.00
  [diag] sat-dist hist bins=60 sat<0.05=0.0% mean=0.980 p10=0.979 p90=0.982
Iter 0001480: train nll 1.387, valid error 074.110%, best valid error 073.830%, avg grad norm   0.223, avg grad norm (post clip)   0.234, rho_Whh  0.96, Omega  0.00, alpha  1.000, steps in the past 0.000, valid nll 1.386
  [diag] log10|dL/dh_t| hist bins=60 range=(-12.50,-11.50) mean=-12.00 p50=-12.00 p05=-12.00 p95=-12.00
  [diag] sat-dist hist bins=60 sat<0.05=0.0% mean=0.981 p10=0.979 p90=0.982
Iter 0001500: train nll 1.387, valid error 074.380%, best valid error 073.830%, avg grad norm   0.217, avg grad norm (post clip)   0.229, rho_Whh  0.96, Omega  0.00, alpha  1.000, steps in the past 0.000, valid nll 1.386
  [diag] log10|dL/dh_t| hist bins=60 range=(-12.50,-11.50) mean=-12.00 p50=-12.00 p05=-12.00 p95=-12.00
  [diag] sat-dist hist bins=60 sat<0.05=0.0% mean=0.981 p10=0.980 p90=0.983
Iter 0001520: train nll 1.386, valid error 074.870%, best valid error 073.830%, avg grad norm   0.210, avg grad norm (post clip)   0.221, rho_Whh  0.96, Omega  0.00, alpha  1.000, steps in the past 0.000, valid nll 1.386
  [diag] log10|dL/dh_t| hist bins=60 range=(-12.50,-11.50) mean=-12.00 p50=-12.00 p05=-12.00 p95=-12.00
  [diag] sat-dist hist bins=60 sat<0.05=0.0% mean=0.981 p10=0.980 p90=0.983
Iter 0001540: train nll 1.386, valid error 074.920%, best valid error 073.830%, avg grad norm   0.188, avg grad norm (post clip)   0.199, rho_Whh  0.96, Omega  0.00, alpha  1.000, steps in the past 0.000, valid nll 1.386
  [diag] log10|dL/dh_t| hist bins=60 range=(-12.50,-11.50) mean=-12.00 p50=-12.00 p05=-12.00 p95=-12.00
  [diag] sat-dist hist bins=60 sat<0.05=0.0% mean=0.980 p10=0.979 p90=0.982
Iter 0001560: train nll 1.387, valid error 074.950%, best valid error 073.830%, avg grad norm   0.176, avg grad norm (post clip)   0.186, rho_Whh  0.96, Omega  0.00, alpha  1.000, steps in the past 0.000, valid nll 1.386
  [diag] log10|dL/dh_t| hist bins=60 range=(-12.50,-11.50) mean=-12.00 p50=-12.00 p05=-12.00 p95=-12.00
  [diag] sat-dist hist bins=60 sat<0.05=0.0% mean=0.979 p10=0.977 p90=0.981
Iter 0001580: train nll 1.386, valid error 074.950%, best valid error 073.830%, avg grad norm   0.177, avg grad norm (post clip)   0.186, rho_Whh  0.96, Omega  0.00, alpha  1.000, steps in the past 0.000, valid nll 1.386
  [diag] log10|dL/dh_t| hist bins=60 range=(-12.50,-11.50) mean=-12.00 p50=-12.00 p05=-12.00 p95=-12.00
  [diag] sat-dist hist bins=60 sat<0.05=0.0% mean=0.978 p10=0.975 p90=0.981
Iter 0001600: train nll 1.387, valid error 074.100%, best valid error 073.830%, avg grad norm   0.224, avg grad norm (post clip)   0.233, rho_Whh  0.96, Omega  0.00, alpha  1.000, steps in the past 0.000, valid nll 1.386
  [diag] log10|dL/dh_t| hist bins=60 range=(-12.50,-11.50) mean=-12.00 p50=-12.00 p05=-12.00 p95=-12.00
  [diag] sat-dist hist bins=60 sat<0.05=0.0% mean=0.975 p10=0.972 p90=0.979
Iter 0001620: train nll 1.386, valid error 074.050%, best valid error 073.830%, avg grad norm   0.222, avg grad norm (post clip)   0.234, rho_Whh  0.96, Omega  0.00, alpha  1.000, steps in the past 0.000, valid nll 1.387
  [diag] log10|dL/dh_t| hist bins=60 range=(-12.50,-11.50) mean=-12.00 p50=-12.00 p05=-12.00 p95=-12.00
  [diag] sat-dist hist bins=60 sat<0.05=0.0% mean=0.977 p10=0.974 p90=0.980
Iter 0001640: train nll 1.387, valid error 075.120%, best valid error 073.830%, avg grad norm   0.195, avg grad norm (post clip)   0.206, rho_Whh  0.96, Omega  0.00, alpha  1.000, steps in the past 0.000, valid nll 1.386
  [diag] log10|dL/dh_t| hist bins=60 range=(-12.50,-11.50) mean=-12.00 p50=-12.00 p05=-12.00 p95=-12.00
  [diag] sat-dist hist bins=60 sat<0.05=0.0% mean=0.977 p10=0.974 p90=0.980
Iter 0001660: train nll 1.386, valid error 075.700%, best valid error 073.830%, avg grad norm   0.215, avg grad norm (post clip)   0.225, rho_Whh  0.96, Omega  0.00, alpha  1.000, steps in the past 0.000, valid nll 1.387
  [diag] log10|dL/dh_t| hist bins=60 range=(-12.50,-11.50) mean=-12.00 p50=-12.00 p05=-12.00 p95=-12.00
  [diag] sat-dist hist bins=60 sat<0.05=0.0% mean=0.980 p10=0.978 p90=0.982
Iter 0001680: train nll 1.386, valid error 074.950%, best valid error 073.830%, avg grad norm   0.206, avg grad norm (post clip)   0.217, rho_Whh  0.96, Omega  0.00, alpha  1.000, steps in the past 0.000, valid nll 1.386
  [diag] log10|dL/dh_t| hist bins=60 range=(-12.50,-11.50) mean=-12.00 p50=-12.00 p05=-12.00 p95=-12.00
  [diag] sat-dist hist bins=60 sat<0.05=0.0% mean=0.981 p10=0.980 p90=0.983
Iter 0001700: train nll 1.386, valid error 074.940%, best valid error 073.830%, avg grad norm   0.186, avg grad norm (post clip)   0.197, rho_Whh  0.96, Omega  0.00, alpha  1.000, steps in the past 0.000, valid nll 1.386
  [diag] log10|dL/dh_t| hist bins=60 range=(-12.50,-11.50) mean=-12.00 p50=-12.00 p05=-12.00 p95=-12.00
  [diag] sat-dist hist bins=60 sat<0.05=0.0% mean=0.981 p10=0.979 p90=0.983
Iter 0001720: train nll 1.384, valid error 074.950%, best valid error 073.830%, avg grad norm   0.205, avg grad norm (post clip)   0.215, rho_Whh  0.97, Omega  0.00, alpha  1.000, steps in the past 0.000, valid nll 1.386
  [diag] log10|dL/dh_t| hist bins=60 range=(-12.50,-11.50) mean=-12.00 p50=-12.00 p05=-12.00 p95=-12.00
  [diag] sat-dist hist bins=60 sat<0.05=0.0% mean=0.980 p10=0.979 p90=0.982
Iter 0001740: train nll 1.386, valid error 074.950%, best valid error 073.830%, avg grad norm   0.215, avg grad norm (post clip)   0.226, rho_Whh  0.97, Omega  0.00, alpha  1.000, steps in the past 0.000, valid nll 1.386
  [diag] log10|dL/dh_t| hist bins=60 range=(-12.50,-11.50) mean=-12.00 p50=-12.00 p05=-12.00 p95=-12.00
  [diag] sat-dist hist bins=60 sat<0.05=0.0% mean=0.981 p10=0.980 p90=0.983
Iter 0001760: train nll 1.386, valid error 074.950%, best valid error 073.830%, avg grad norm   0.188, avg grad norm (post clip)   0.200, rho_Whh  0.97, Omega  0.00, alpha  1.000, steps in the past 0.000, valid nll 1.386
  [diag] log10|dL/dh_t| hist bins=60 range=(-12.50,-11.50) mean=-12.00 p50=-12.00 p05=-12.00 p95=-12.00
  [diag] sat-dist hist bins=60 sat<0.05=0.0% mean=0.981 p10=0.980 p90=0.983
Iter 0001780: train nll 1.385, valid error 074.950%, best valid error 073.830%, avg grad norm   0.206, avg grad norm (post clip)   0.216, rho_Whh  0.97, Omega  0.00, alpha  1.000, steps in the past 0.000, valid nll 1.386
  [diag] log10|dL/dh_t| hist bins=60 range=(-12.50,-11.50) mean=-12.00 p50=-12.00 p05=-12.00 p95=-12.00
  [diag] sat-dist hist bins=60 sat<0.05=0.0% mean=0.981 p10=0.979 p90=0.982
Iter 0001800: train nll 1.386, valid error 074.950%, best valid error 073.830%, avg grad norm   0.199, avg grad norm (post clip)   0.210, rho_Whh  0.97, Omega  0.00, alpha  1.000, steps in the past 0.000, valid nll 1.386
  [diag] log10|dL/dh_t| hist bins=60 range=(-12.50,-11.50) mean=-12.00 p50=-12.00 p05=-12.00 p95=-12.00
  [diag] sat-dist hist bins=60 sat<0.05=0.0% mean=0.981 p10=0.979 p90=0.983
Iter 0001820: train nll 1.387, valid error 074.950%, best valid error 073.830%, avg grad norm   0.208, avg grad norm (post clip)   0.218, rho_Whh  0.97, Omega  0.00, alpha  1.000, steps in the past 0.000, valid nll 1.386
  [diag] log10|dL/dh_t| hist bins=60 range=(-12.50,-11.50) mean=-12.00 p50=-12.00 p05=-12.00 p95=-12.00
  [diag] sat-dist hist bins=60 sat<0.05=0.0% mean=0.981 p10=0.979 p90=0.983
Iter 0001840: train nll 1.387, valid error 074.950%, best valid error 073.830%, avg grad norm   0.185, avg grad norm (post clip)   0.196, rho_Whh  0.97, Omega  0.00, alpha  1.000, steps in the past 0.000, valid nll 1.386
  [diag] log10|dL/dh_t| hist bins=60 range=(-12.50,-11.50) mean=-12.00 p50=-12.00 p05=-12.00 p95=-12.00
  [diag] sat-dist hist bins=60 sat<0.05=0.0% mean=0.981 p10=0.980 p90=0.983
Iter 0001860: train nll 1.387, valid error 074.950%, best valid error 073.830%, avg grad norm   0.186, avg grad norm (post clip)   0.196, rho_Whh  0.97, Omega  0.00, alpha  1.000, steps in the past 0.000, valid nll 1.386
  [diag] log10|dL/dh_t| hist bins=60 range=(-12.50,-11.50) mean=-12.00 p50=-12.00 p05=-12.00 p95=-12.00
  [diag] sat-dist hist bins=60 sat<0.05=0.0% mean=0.981 p10=0.979 p90=0.983
Iter 0001880: train nll 1.386, valid error 074.920%, best valid error 073.830%, avg grad norm   0.197, avg grad norm (post clip)   0.207, rho_Whh  0.97, Omega  0.00, alpha  1.000, steps in the past 0.000, valid nll 1.386
  [diag] log10|dL/dh_t| hist bins=60 range=(-12.50,-11.50) mean=-12.00 p50=-12.00 p05=-12.00 p95=-12.00
  [diag] sat-dist hist bins=60 sat<0.05=0.0% mean=0.980 p10=0.978 p90=0.982
Iter 0001900: train nll 1.387, valid error 074.150%, best valid error 073.830%, avg grad norm   0.212, avg grad norm (post clip)   0.222, rho_Whh  0.98, Omega  0.00, alpha  1.000, steps in the past 0.000, valid nll 1.386
  [diag] log10|dL/dh_t| hist bins=60 range=(-12.50,-11.50) mean=-12.00 p50=-12.00 p05=-12.00 p95=-12.00
  [diag] sat-dist hist bins=60 sat<0.05=0.0% mean=0.980 p10=0.978 p90=0.982
Iter 0001920: train nll 1.385, valid error 073.280%, best valid error 073.830%, avg grad norm   0.187, avg grad norm (post clip)   0.198, rho_Whh  0.98, Omega  0.00, alpha  1.000, steps in the past 0.000, valid nll 1.386
  [diag] log10|dL/dh_t| hist bins=60 range=(-12.50,-11.50) mean=-12.00 p50=-12.00 p05=-12.00 p95=-12.00
  [diag] sat-dist hist bins=60 sat<0.05=0.0% mean=0.980 p10=0.978 p90=0.982
Iter 0001940: train nll 1.387, valid error 074.110%, best valid error 073.280%, avg grad norm   0.203, avg grad norm (post clip)   0.213, rho_Whh  0.98, Omega  0.00, alpha  1.000, steps in the past 0.000, valid nll 1.386
  [diag] log10|dL/dh_t| hist bins=60 range=(-12.50,-11.50) mean=-12.00 p50=-12.00 p05=-12.00 p95=-12.00
  [diag] sat-dist hist bins=60 sat<0.05=0.0% mean=0.980 p10=0.978 p90=0.983
Iter 0001960: train nll 1.387, valid error 073.420%, best valid error 073.280%, avg grad norm   0.198, avg grad norm (post clip)   0.209, rho_Whh  0.98, Omega  0.00, alpha  1.000, steps in the past 0.000, valid nll 1.386
  [diag] log10|dL/dh_t| hist bins=60 range=(-12.50,-11.50) mean=-12.00 p50=-12.00 p05=-12.00 p95=-12.00
  [diag] sat-dist hist bins=60 sat<0.05=0.0% mean=0.979 p10=0.977 p90=0.982
Iter 0001980: train nll 1.387, valid error 072.480%, best valid error 073.280%, avg grad norm   0.241, avg grad norm (post clip)   0.251, rho_Whh  0.99, Omega  0.00, alpha  1.000, steps in the past 0.000, valid nll 1.386
  [diag] log10|dL/dh_t| hist bins=60 range=(-12.50,-11.50) mean=-12.00 p50=-12.00 p05=-12.00 p95=-12.00
  [diag] sat-dist hist bins=60 sat<0.05=0.0% mean=0.976 p10=0.971 p90=0.982
Iter 0002000: train nll 1.385, valid error 073.450%, best valid error 072.480%, avg grad norm   0.236, avg grad norm (post clip)   0.248, rho_Whh  1.00, Omega  0.00, alpha  1.000, steps in the past 0.000, valid nll 1.385
  [diag] log10|dL/dh_t| hist bins=60 range=(-12.50,-11.50) mean=-12.00 p50=-12.00 p05=-12.00 p95=-12.00
  [diag] sat-dist hist bins=60 sat<0.05=0.0% mean=0.950 p10=0.918 p90=0.975
Iter 0002020: train nll 1.384, valid error 073.470%, best valid error 072.480%, avg grad norm   0.423, avg grad norm (post clip)   0.394, rho_Whh  1.03, Omega  0.00, alpha  1.000, steps in the past 0.000, valid nll 1.382
  [diag] log10|dL/dh_t| hist bins=60 range=(-12.50,-11.50) mean=-12.00 p50=-12.00 p05=-12.00 p95=-12.00
  [diag] sat-dist hist bins=60 sat<0.05=0.0% mean=0.952 p10=0.898 p90=0.983
Iter 0002040: train nll 1.374, valid error 049.860%, best valid error 072.480%, avg grad norm   2.140, avg grad norm (post clip)   0.520, rho_Whh  1.04, Omega  0.00, alpha  1.000, steps in the past 0.000, valid nll 1.351
  [diag] log10|dL/dh_t| hist bins=60 range=(-12.50,-11.50) mean=-12.00 p50=-12.00 p05=-12.00 p95=-12.00
  [diag] sat-dist hist bins=60 sat<0.05=0.0% mean=0.945 p10=0.892 p90=0.983
Iter 0002060: train nll 1.361, valid error 054.690%, best valid error 049.860%, avg grad norm  11.618, avg grad norm (post clip)   0.526, rho_Whh  1.05, Omega  0.00, alpha  1.000, steps in the past 0.000, valid nll 1.357
  [diag] log10|dL/dh_t| hist bins=60 range=(-12.50,-11.50) mean=-12.00 p50=-12.00 p05=-12.00 p95=-12.00
  [diag] sat-dist hist bins=60 sat<0.05=0.0% mean=0.945 p10=0.894 p90=0.983
Iter 0002080: train nll 1.354, valid error 051.490%, best valid error 049.860%, avg grad norm  13.891, avg grad norm (post clip)   0.526, rho_Whh  1.05, Omega  0.00, alpha  1.000, steps in the past 0.000, valid nll 1.352
  [diag] log10|dL/dh_t| hist bins=60 range=(-12.50,-11.50) mean=-12.00 p50=-12.00 p05=-12.00 p95=-12.00
  [diag] sat-dist hist bins=60 sat<0.05=0.0% mean=0.942 p10=0.883 p90=0.983
Iter 0002100: train nll 1.350, valid error 046.410%, best valid error 049.860%, avg grad norm  15.587, avg grad norm (post clip)   0.526, rho_Whh  1.05, Omega  0.00, alpha  1.000, steps in the past 0.000, valid nll 1.346
  [diag] log10|dL/dh_t| hist bins=60 range=(-12.50,-11.50) mean=-12.00 p50=-12.00 p05=-12.00 p95=-12.00
  [diag] sat-dist hist bins=60 sat<0.05=0.0% mean=0.941 p10=0.879 p90=0.983
Iter 0002120: train nll 1.346, valid error 041.720%, best valid error 046.410%, avg grad norm  18.904, avg grad norm (post clip)   0.526, rho_Whh  1.05, Omega  0.00, alpha  1.000, steps in the past 0.000, valid nll 1.341
  [diag] log10|dL/dh_t| hist bins=60 range=(-12.50,-11.50) mean=-12.00 p50=-12.00 p05=-12.00 p95=-12.00
  [diag] sat-dist hist bins=60 sat<0.05=0.0% mean=0.938 p10=0.881 p90=0.983
Iter 0002140: train nll 1.335, valid error 046.500%, best valid error 041.720%, avg grad norm  18.523, avg grad norm (post clip)   0.526, rho_Whh  1.05, Omega  0.00, alpha  1.000, steps in the past 0.000, valid nll 1.335
  [diag] log10|dL/dh_t| hist bins=60 range=(-12.50,-11.50) mean=-12.00 p50=-12.00 p05=-12.00 p95=-12.00
  [diag] sat-dist hist bins=60 sat<0.05=0.0% mean=0.932 p10=0.864 p90=0.983
Iter 0002160: train nll 1.324, valid error 041.200%, best valid error 041.720%, avg grad norm  18.936, avg grad norm (post clip)   0.526, rho_Whh  1.05, Omega  0.00, alpha  1.000, steps in the past 0.000, valid nll 1.322
  [diag] log10|dL/dh_t| hist bins=60 range=(-12.50,-11.50) mean=-12.00 p50=-12.00 p05=-12.00 p95=-12.00
  [diag] sat-dist hist bins=60 sat<0.05=0.0% mean=0.922 p10=0.839 p90=0.983
Iter 0002180: train nll 1.323, valid error 044.140%, best valid error 041.200%, avg grad norm  21.491, avg grad norm (post clip)   0.526, rho_Whh  1.06, Omega  0.00, alpha  1.000, steps in the past 0.000, valid nll 1.325
  [diag] log10|dL/dh_t| hist bins=60 range=(-12.50,-11.50) mean=-12.00 p50=-12.00 p05=-12.00 p95=-12.00
  [diag] sat-dist hist bins=60 sat<0.05=0.0% mean=0.922 p10=0.851 p90=0.983
Iter 0002200: train nll 1.312, valid error 051.200%, best valid error 041.200%, avg grad norm  19.724, avg grad norm (post clip)   0.526, rho_Whh  1.06, Omega  0.00, alpha  1.000, steps in the past 0.000, valid nll 1.317
  [diag] log10|dL/dh_t| hist bins=60 range=(-12.50,-11.50) mean=-12.00 p50=-12.00 p05=-12.00 p95=-12.00
  [diag] sat-dist hist bins=60 sat<0.05=0.0% mean=0.915 p10=0.828 p90=0.983
Iter 0002220: train nll 1.307, valid error 043.930%, best valid error 041.200%, avg grad norm  22.374, avg grad norm (post clip)   0.526, rho_Whh  1.06, Omega  0.00, alpha  1.000, steps in the past 0.000, valid nll 1.303
  [diag] log10|dL/dh_t| hist bins=60 range=(-12.50,-11.50) mean=-12.00 p50=-12.00 p05=-12.00 p95=-12.00
  [diag] sat-dist hist bins=60 sat<0.05=0.0% mean=0.904 p10=0.816 p90=0.982
Iter 0002240: train nll 1.304, valid error 052.090%, best valid error 041.200%, avg grad norm  24.036, avg grad norm (post clip)   0.526, rho_Whh  1.06, Omega  0.00, alpha  1.000, steps in the past 0.000, valid nll 1.299
  [diag] log10|dL/dh_t| hist bins=60 range=(-12.50,-11.50) mean=-12.00 p50=-12.00 p05=-12.00 p95=-12.00
  [diag] sat-dist hist bins=60 sat<0.05=0.0% mean=0.908 p10=0.821 p90=0.982
Iter 0002260: train nll 1.290, valid error 051.510%, best valid error 041.200%, avg grad norm  20.842, avg grad norm (post clip)   0.526, rho_Whh  1.06, Omega  0.00, alpha  1.000, steps in the past 0.000, valid nll 1.289
  [diag] log10|dL/dh_t| hist bins=60 range=(-12.50,-11.50) mean=-12.00 p50=-12.00 p05=-12.00 p95=-12.00
  [diag] sat-dist hist bins=60 sat<0.05=0.0% mean=0.907 p10=0.819 p90=0.983
Iter 0002280: train nll 1.284, valid error 046.670%, best valid error 041.200%, avg grad norm  16.047, avg grad norm (post clip)   0.526, rho_Whh  1.07, Omega  0.00, alpha  1.000, steps in the past 0.000, valid nll 1.277
  [diag] log10|dL/dh_t| hist bins=60 range=(-12.50,-11.50) mean=-12.00 p50=-12.00 p05=-12.00 p95=-12.00
  [diag] sat-dist hist bins=60 sat<0.05=0.0% mean=0.896 p10=0.795 p90=0.983
Iter 0002300: train nll 1.276, valid error 047.130%, best valid error 041.200%, avg grad norm  21.474, avg grad norm (post clip)   0.526, rho_Whh  1.07, Omega  0.00, alpha  1.000, steps in the past 0.000, valid nll 1.259
  [diag] log10|dL/dh_t| hist bins=60 range=(-12.50,-11.50) mean=-12.00 p50=-12.00 p05=-12.00 p95=-12.00
  [diag] sat-dist hist bins=60 sat<0.05=0.0% mean=0.892 p10=0.794 p90=0.982
Iter 0002320: train nll 1.267, valid error 047.420%, best valid error 041.200%, avg grad norm  18.158, avg grad norm (post clip)   0.526, rho_Whh  1.07, Omega  0.00, alpha  1.000, steps in the past 0.000, valid nll 1.258
  [diag] log10|dL/dh_t| hist bins=60 range=(-12.50,-11.50) mean=-12.00 p50=-12.00 p05=-12.00 p95=-12.00
  [diag] sat-dist hist bins=60 sat<0.05=0.0% mean=0.884 p10=0.789 p90=0.983
Iter 0002340: train nll 1.258, valid error 049.340%, best valid error 041.200%, avg grad norm  20.395, avg grad norm (post clip)   0.526, rho_Whh  1.07, Omega  0.00, alpha  1.000, steps in the past 0.000, valid nll 1.269
  [diag] log10|dL/dh_t| hist bins=60 range=(-12.50,-11.50) mean=-12.00 p50=-12.00 p05=-12.00 p95=-12.00
  [diag] sat-dist hist bins=60 sat<0.05=0.0% mean=0.879 p10=0.785 p90=0.983
Iter 0002360: train nll 1.252, valid error 048.340%, best valid error 041.200%, avg grad norm  20.384, avg grad norm (post clip)   0.526, rho_Whh  1.07, Omega  0.00, alpha  1.000, steps in the past 0.000, valid nll 1.263
  [diag] log10|dL/dh_t| hist bins=60 range=(-12.50,-11.50) mean=-12.00 p50=-12.00 p05=-12.00 p95=-12.00
  [diag] sat-dist hist bins=60 sat<0.05=0.0% mean=0.884 p10=0.782 p90=0.982
Iter 0002380: train nll 1.242, valid error 049.230%, best valid error 041.200%, avg grad norm  24.670, avg grad norm (post clip)   0.526, rho_Whh  1.07, Omega  0.00, alpha  1.000, steps in the past 0.000, valid nll 1.240
  [diag] log10|dL/dh_t| hist bins=60 range=(-12.50,-11.50) mean=-12.00 p50=-12.00 p05=-12.00 p95=-12.00
  [diag] sat-dist hist bins=60 sat<0.05=0.0% mean=0.877 p10=0.767 p90=0.983
Iter 0002400: train nll 1.233, valid error 045.920%, best valid error 041.200%, avg grad norm  22.450, avg grad norm (post clip)   0.526, rho_Whh  1.08, Omega  0.00, alpha  1.000, steps in the past 0.000, valid nll 1.206
  [diag] log10|dL/dh_t| hist bins=60 range=(-12.50,-11.50) mean=-12.00 p50=-12.00 p05=-12.00 p95=-12.00
  [diag] sat-dist hist bins=60 sat<0.05=0.0% mean=0.874 p10=0.763 p90=0.983
Iter 0002420: train nll 1.220, valid error 047.500%, best valid error 041.200%, avg grad norm  22.052, avg grad norm (post clip)   0.526, rho_Whh  1.08, Omega  0.00, alpha  1.000, steps in the past 0.000, valid nll 1.208
  [diag] log10|dL/dh_t| hist bins=60 range=(-12.50,-11.50) mean=-12.00 p50=-12.00 p05=-12.00 p95=-12.00
  [diag] sat-dist hist bins=60 sat<0.05=0.0% mean=0.874 p10=0.772 p90=0.981
Iter 0002440: train nll 1.215, valid error 052.810%, best valid error 041.200%, avg grad norm  23.912, avg grad norm (post clip)   0.526, rho_Whh  1.08, Omega  0.00, alpha  1.000, steps in the past 0.000, valid nll 1.233
  [diag] log10|dL/dh_t| hist bins=60 range=(-12.50,-11.50) mean=-12.00 p50=-12.00 p05=-12.00 p95=-12.00
  [diag] sat-dist hist bins=60 sat<0.05=0.0% mean=0.872 p10=0.767 p90=0.981
Iter 0002460: train nll 1.213, valid error 058.170%, best valid error 041.200%, avg grad norm  23.915, avg grad norm (post clip)   0.526, rho_Whh  1.08, Omega  0.00, alpha  1.000, steps in the past 0.000, valid nll 1.240
  [diag] log10|dL/dh_t| hist bins=60 range=(-12.50,-11.50) mean=-12.00 p50=-12.00 p05=-12.00 p95=-12.00
  [diag] sat-dist hist bins=60 sat<0.05=0.0% mean=0.870 p10=0.754 p90=0.983
Iter 0002480: train nll 1.211, valid error 044.440%, best valid error 041.200%, avg grad norm  25.703, avg grad norm (post clip)   0.526, rho_Whh  1.08, Omega  0.00, alpha  1.000, steps in the past 0.000, valid nll 1.177
  [diag] log10|dL/dh_t| hist bins=60 range=(-12.50,-11.50) mean=-12.00 p50=-12.00 p05=-12.00 p95=-12.00
  [diag] sat-dist hist bins=60 sat<0.05=0.0% mean=0.867 p10=0.758 p90=0.983
Iter 0002500: train nll 1.197, valid error 048.380%, best valid error 041.200%, avg grad norm  23.413, avg grad norm (post clip)   0.526, rho_Whh  1.08, Omega  0.00, alpha  1.000, steps in the past 0.000, valid nll 1.189
  [diag] log10|dL/dh_t| hist bins=60 range=(-12.50,-11.50) mean=-12.00 p50=-12.00 p05=-12.00 p95=-12.00
  [diag] sat-dist hist bins=60 sat<0.05=0.0% mean=0.857 p10=0.764 p90=0.982
Iter 0002520: train nll 1.188, valid error 050.510%, best valid error 041.200%, avg grad norm  25.606, avg grad norm (post clip)   0.526, rho_Whh  1.08, Omega  0.00, alpha  1.000, steps in the past 0.000, valid nll 1.206
  [diag] log10|dL/dh_t| hist bins=60 range=(-12.50,-11.50) mean=-12.00 p50=-12.00 p05=-12.00 p95=-12.00
  [diag] sat-dist hist bins=60 sat<0.05=0.0% mean=0.860 p10=0.739 p90=0.983
Iter 0002540: train nll 1.183, valid error 047.700%, best valid error 041.200%, avg grad norm  25.621, avg grad norm (post clip)   0.526, rho_Whh  1.08, Omega  0.00, alpha  1.000, steps in the past 0.000, valid nll 1.155
  [diag] log10|dL/dh_t| hist bins=60 range=(-12.50,-11.50) mean=-12.00 p50=-12.00 p05=-12.00 p95=-12.00
  [diag] sat-dist hist bins=60 sat<0.05=0.0% mean=0.857 p10=0.743 p90=0.982
Iter 0002560: train nll 1.175, valid error 048.260%, best valid error 041.200%, avg grad norm  26.054, avg grad norm (post clip)   0.526, rho_Whh  1.09, Omega  0.00, alpha  1.000, steps in the past 0.000, valid nll 1.168
  [diag] log10|dL/dh_t| hist bins=60 range=(-12.50,-11.50) mean=-12.00 p50=-12.00 p05=-12.00 p95=-12.00
  [diag] sat-dist hist bins=60 sat<0.05=0.0% mean=0.857 p10=0.736 p90=0.983
Iter 0002580: train nll 1.168, valid error 047.830%, best valid error 041.200%, avg grad norm  27.502, avg grad norm (post clip)   0.526, rho_Whh  1.09, Omega  0.00, alpha  1.000, steps in the past 0.000, valid nll 1.149
  [diag] log10|dL/dh_t| hist bins=60 range=(-12.50,-11.50) mean=-12.00 p50=-12.00 p05=-12.00 p95=-12.00
  [diag] sat-dist hist bins=60 sat<0.05=0.0% mean=0.856 p10=0.734 p90=0.983
Iter 0002600: train nll 1.163, valid error 047.880%, best valid error 041.200%, avg grad norm  24.757, avg grad norm (post clip)   0.526, rho_Whh  1.09, Omega  0.00, alpha  1.000, steps in the past 0.000, valid nll 1.144
  [diag] log10|dL/dh_t| hist bins=60 range=(-12.50,-11.50) mean=-12.00 p50=-12.00 p05=-12.00 p95=-12.00
  [diag] sat-dist hist bins=60 sat<0.05=0.0% mean=0.855 p10=0.747 p90=0.981
Iter 0002620: train nll 1.165, valid error 051.590%, best valid error 041.200%, avg grad norm  28.519, avg grad norm (post clip)   0.526, rho_Whh  1.09, Omega  0.00, alpha  1.000, steps in the past 0.000, valid nll 1.180
  [diag] log10|dL/dh_t| hist bins=60 range=(-12.50,-11.50) mean=-12.00 p50=-12.00 p05=-12.00 p95=-12.00
  [diag] sat-dist hist bins=60 sat<0.05=0.0% mean=0.853 p10=0.738 p90=0.983
Iter 0002640: train nll 1.150, valid error 043.950%, best valid error 041.200%, avg grad norm  25.921, avg grad norm (post clip)   0.526, rho_Whh  1.09, Omega  0.00, alpha  1.000, steps in the past 0.000, valid nll 1.130
  [diag] log10|dL/dh_t| hist bins=60 range=(-12.50,-11.50) mean=-12.00 p50=-12.00 p05=-12.00 p95=-12.00
  [diag] sat-dist hist bins=60 sat<0.05=0.0% mean=0.851 p10=0.740 p90=0.983
Iter 0002660: train nll 1.144, valid error 043.080%, best valid error 041.200%, avg grad norm  26.702, avg grad norm (post clip)   0.526, rho_Whh  1.09, Omega  0.00, alpha  1.000, steps in the past 0.000, valid nll 1.138
  [diag] log10|dL/dh_t| hist bins=60 range=(-12.50,-11.50) mean=-12.00 p50=-12.00 p05=-12.00 p95=-12.00
  [diag] sat-dist hist bins=60 sat<0.05=0.0% mean=0.851 p10=0.731 p90=0.983
Iter 0002680: train nll 1.138, valid error 044.430%, best valid error 041.200%, avg grad norm  27.612, avg grad norm (post clip)   0.526, rho_Whh  1.09, Omega  0.00, alpha  1.000, steps in the past 0.000, valid nll 1.120
  [diag] log10|dL/dh_t| hist bins=60 range=(-12.50,-11.50) mean=-12.00 p50=-12.00 p05=-12.00 p95=-12.00
  [diag] sat-dist hist bins=60 sat<0.05=0.0% mean=0.846 p10=0.740 p90=0.983
Iter 0002700: train nll 1.134, valid error 047.940%, best valid error 041.200%, avg grad norm  25.659, avg grad norm (post clip)   0.526, rho_Whh  1.09, Omega  0.00, alpha  1.000, steps in the past 0.000, valid nll 1.129
  [diag] log10|dL/dh_t| hist bins=60 range=(-12.50,-11.50) mean=-12.00 p50=-12.00 p05=-12.00 p95=-12.00
  [diag] sat-dist hist bins=60 sat<0.05=0.0% mean=0.847 p10=0.735 p90=0.983
Iter 0002720: train nll 1.140, valid error 043.830%, best valid error 041.200%, avg grad norm  29.015, avg grad norm (post clip)   0.526, rho_Whh  1.09, Omega  0.00, alpha  1.000, steps in the past 0.000, valid nll 1.116
  [diag] log10|dL/dh_t| hist bins=60 range=(-12.50,-11.50) mean=-12.00 p50=-12.00 p05=-12.00 p95=-12.00
  [diag] sat-dist hist bins=60 sat<0.05=0.0% mean=0.845 p10=0.740 p90=0.983
Iter 0002740: train nll 1.126, valid error 045.040%, best valid error 041.200%, avg grad norm  30.832, avg grad norm (post clip)   0.526, rho_Whh  1.09, Omega  0.00, alpha  1.000, steps in the past 0.000, valid nll 1.132
  [diag] log10|dL/dh_t| hist bins=60 range=(-12.50,-11.50) mean=-12.00 p50=-12.00 p05=-12.00 p95=-12.00
  [diag] sat-dist hist bins=60 sat<0.05=0.0% mean=0.846 p10=0.728 p90=0.983
Iter 0002760: train nll 1.122, valid error 044.810%, best valid error 041.200%, avg grad norm  30.918, avg grad norm (post clip)   0.526, rho_Whh  1.09, Omega  0.00, alpha  1.000, steps in the past 0.000, valid nll 1.104
  [diag] log10|dL/dh_t| hist bins=60 range=(-12.50,-11.50) mean=-12.00 p50=-12.00 p05=-12.00 p95=-12.00
  [diag] sat-dist hist bins=60 sat<0.05=0.0% mean=0.842 p10=0.733 p90=0.983
Iter 0002780: train nll 1.112, valid error 044.050%, best valid error 041.200%, avg grad norm  25.986, avg grad norm (post clip)   0.526, rho_Whh  1.09, Omega  0.00, alpha  1.000, steps in the past 0.000, valid nll 1.109
  [diag] log10|dL/dh_t| hist bins=60 range=(-12.50,-11.50) mean=-12.00 p50=-12.00 p05=-12.00 p95=-12.00
  [diag] sat-dist hist bins=60 sat<0.05=0.0% mean=0.839 p10=0.732 p90=0.983
Iter 0002800: train nll 1.107, valid error 042.390%, best valid error 041.200%, avg grad norm  25.811, avg grad norm (post clip)   0.526, rho_Whh  1.09, Omega  0.00, alpha  1.000, steps in the past 0.000, valid nll 1.095
  [diag] log10|dL/dh_t| hist bins=60 range=(-12.50,-11.50) mean=-12.00 p50=-12.00 p05=-12.00 p95=-12.00
  [diag] sat-dist hist bins=60 sat<0.05=0.0% mean=0.836 p10=0.737 p90=0.982
Iter 0002820: train nll 1.098, valid error 048.230%, best valid error 041.200%, avg grad norm  27.632, avg grad norm (post clip)   0.526, rho_Whh  1.09, Omega  0.00, alpha  1.000, steps in the past 0.000, valid nll 1.108
  [diag] log10|dL/dh_t| hist bins=60 range=(-12.50,-11.50) mean=-12.00 p50=-12.00 p05=-12.00 p95=-12.00
  [diag] sat-dist hist bins=60 sat<0.05=0.0% mean=0.837 p10=0.727 p90=0.983
Iter 0002840: train nll 1.103, valid error 047.120%, best valid error 041.200%, avg grad norm  28.401, avg grad norm (post clip)   0.526, rho_Whh  1.09, Omega  0.00, alpha  1.000, steps in the past 0.000, valid nll 1.089
  [diag] log10|dL/dh_t| hist bins=60 range=(-12.50,-11.50) mean=-12.00 p50=-12.00 p05=-12.00 p95=-12.00
  [diag] sat-dist hist bins=60 sat<0.05=0.0% mean=0.834 p10=0.708 p90=0.982
Iter 0002860: train nll 1.092, valid error 048.270%, best valid error 041.200%, avg grad norm  29.311, avg grad norm (post clip)   0.526, rho_Whh  1.10, Omega  0.00, alpha  1.000, steps in the past 0.000, valid nll 1.072
  [diag] log10|dL/dh_t| hist bins=60 range=(-12.50,-11.50) mean=-12.00 p50=-12.00 p05=-12.00 p95=-12.00
  [diag] sat-dist hist bins=60 sat<0.05=0.0% mean=0.827 p10=0.737 p90=0.981
Iter 0002880: train nll 1.084, valid error 052.320%, best valid error 041.200%, avg grad norm  30.557, avg grad norm (post clip)   0.526, rho_Whh  1.10, Omega  0.00, alpha  1.000, steps in the past 0.000, valid nll 1.124
  [diag] log10|dL/dh_t| hist bins=60 range=(-12.50,-11.50) mean=-12.00 p50=-12.00 p05=-12.00 p95=-12.00
  [diag] sat-dist hist bins=60 sat<0.05=0.0% mean=0.828 p10=0.727 p90=0.982
Iter 0002900: train nll 1.080, valid error 048.520%, best valid error 041.200%, avg grad norm  29.403, avg grad norm (post clip)   0.526, rho_Whh  1.10, Omega  0.00, alpha  1.000, steps in the past 0.000, valid nll 1.091
  [diag] log10|dL/dh_t| hist bins=60 range=(-12.50,-11.50) mean=-12.00 p50=-12.00 p05=-12.00 p95=-12.00
  [diag] sat-dist hist bins=60 sat<0.05=0.0% mean=0.827 p10=0.721 p90=0.983
Iter 0002920: train nll 1.071, valid error 043.860%, best valid error 041.200%, avg grad norm  28.972, avg grad norm (post clip)   0.526, rho_Whh  1.10, Omega  0.00, alpha  1.000, steps in the past 0.000, valid nll 1.079
  [diag] log10|dL/dh_t| hist bins=60 range=(-12.50,-11.50) mean=-12.00 p50=-12.00 p05=-12.00 p95=-12.00
  [diag] sat-dist hist bins=60 sat<0.05=0.0% mean=0.828 p10=0.711 p90=0.983
Iter 0002940: train nll 1.075, valid error 046.880%, best valid error 041.200%, avg grad norm  33.663, avg grad norm (post clip)   0.526, rho_Whh  1.10, Omega  0.00, alpha  1.000, steps in the past 0.000, valid nll 1.056
  [diag] log10|dL/dh_t| hist bins=60 range=(-12.50,-11.50) mean=-12.00 p50=-12.00 p05=-12.00 p95=-12.00
  [diag] sat-dist hist bins=60 sat<0.05=0.0% mean=0.827 p10=0.708 p90=0.983
Iter 0002960: train nll 1.066, valid error 045.990%, best valid error 041.200%, avg grad norm  29.143, avg grad norm (post clip)   0.526, rho_Whh  1.10, Omega  0.00, alpha  1.000, steps in the past 0.000, valid nll 1.051
  [diag] log10|dL/dh_t| hist bins=60 range=(-12.50,-11.50) mean=-12.00 p50=-12.00 p05=-12.00 p95=-12.00
  [diag] sat-dist hist bins=60 sat<0.05=0.0% mean=0.827 p10=0.702 p90=0.983
Iter 0002980: train nll 1.060, valid error 044.810%, best valid error 041.200%, avg grad norm  28.915, avg grad norm (post clip)   0.526, rho_Whh  1.10, Omega  0.00, alpha  1.000, steps in the past 0.000, valid nll 1.038
  [diag] log10|dL/dh_t| hist bins=60 range=(-12.50,-11.50) mean=-12.00 p50=-12.00 p05=-12.00 p95=-12.00
  [diag] sat-dist hist bins=60 sat<0.05=0.0% mean=0.824 p10=0.693 p90=0.983
Iter 0003000: train nll 1.052, valid error 046.420%, best valid error 041.200%, avg grad norm  30.326, avg grad norm (post clip)   0.526, rho_Whh  1.10, Omega  0.00, alpha  1.000, steps in the past 0.000, valid nll 1.019
  [diag] log10|dL/dh_t| hist bins=60 range=(-12.50,-11.50) mean=-12.00 p50=-12.00 p05=-12.00 p95=-12.00
  [diag] sat-dist hist bins=60 sat<0.05=0.0% mean=0.822 p10=0.691 p90=0.982
Iter 0003020: train nll 1.056, valid error 047.770%, best valid error 041.200%, avg grad norm  30.872, avg grad norm (post clip)   0.526, rho_Whh  1.10, Omega  0.00, alpha  1.000, steps in the past 0.000, valid nll 1.027
  [diag] log10|dL/dh_t| hist bins=60 range=(-12.50,-11.50) mean=-12.00 p50=-12.00 p05=-12.00 p95=-12.00
  [diag] sat-dist hist bins=60 sat<0.05=0.0% mean=0.821 p10=0.689 p90=0.983
Iter 0003040: train nll 1.056, valid error 045.770%, best valid error 041.200%, avg grad norm  34.292, avg grad norm (post clip)   0.526, rho_Whh  1.11, Omega  0.00, alpha  1.000, steps in the past 0.000, valid nll 1.006
  [diag] log10|dL/dh_t| hist bins=60 range=(-12.50,-11.50) mean=-12.00 p50=-12.00 p05=-12.00 p95=-12.00
  [diag] sat-dist hist bins=60 sat<0.05=0.0% mean=0.819 p10=0.689 p90=0.982
Iter 0003060: train nll 1.046, valid error 048.960%, best valid error 041.200%, avg grad norm  33.953, avg grad norm (post clip)   0.526, rho_Whh  1.11, Omega  0.00, alpha  1.000, steps in the past 0.000, valid nll 1.033
  [diag] log10|dL/dh_t| hist bins=60 range=(-12.50,-11.50) mean=-12.00 p50=-12.00 p05=-12.00 p95=-12.00
  [diag] sat-dist hist bins=60 sat<0.05=0.0% mean=0.814 p10=0.703 p90=0.980
Iter 0003080: train nll 1.035, valid error 050.070%, best valid error 041.200%, avg grad norm  31.099, avg grad norm (post clip)   0.526, rho_Whh  1.11, Omega  0.00, alpha  1.000, steps in the past 0.000, valid nll 1.062
  [diag] log10|dL/dh_t| hist bins=60 range=(-12.50,-11.50) mean=-12.00 p50=-12.00 p05=-12.00 p95=-12.00
  [diag] sat-dist hist bins=60 sat<0.05=0.0% mean=0.815 p10=0.699 p90=0.983
Iter 0003100: train nll 1.034, valid error 048.790%, best valid error 041.200%, avg grad norm  31.109, avg grad norm (post clip)   0.526, rho_Whh  1.11, Omega  0.00, alpha  1.000, steps in the past 0.000, valid nll 1.021
  [diag] log10|dL/dh_t| hist bins=60 range=(-12.50,-11.50) mean=-12.00 p50=-12.00 p05=-12.00 p95=-12.00
  [diag] sat-dist hist bins=60 sat<0.05=0.0% mean=0.814 p10=0.703 p90=0.983
Iter 0003120: train nll 1.030, valid error 045.430%, best valid error 041.200%, avg grad norm  29.813, avg grad norm (post clip)   0.526, rho_Whh  1.11, Omega  0.00, alpha  1.000, steps in the past 0.000, valid nll 1.020
  [diag] log10|dL/dh_t| hist bins=60 range=(-12.50,-11.50) mean=-12.00 p50=-12.00 p05=-12.00 p95=-12.00
  [diag] sat-dist hist bins=60 sat<0.05=0.0% mean=0.816 p10=0.694 p90=0.983
Iter 0003140: train nll 1.023, valid error 049.570%, best valid error 041.200%, avg grad norm  24.577, avg grad norm (post clip)   0.526, rho_Whh  1.11, Omega  0.00, alpha  1.000, steps in the past 0.000, valid nll 1.029
  [diag] log10|dL/dh_t| hist bins=60 range=(-12.50,-11.50) mean=-12.00 p50=-12.00 p05=-12.00 p95=-12.00
  [diag] sat-dist hist bins=60 sat<0.05=0.0% mean=0.808 p10=0.706 p90=0.982
Iter 0003160: train nll 1.014, valid error 048.440%, best valid error 041.200%, avg grad norm  35.364, avg grad norm (post clip)   0.526, rho_Whh  1.11, Omega  0.00, alpha  1.000, steps in the past 0.000, valid nll 1.027
  [diag] log10|dL/dh_t| hist bins=60 range=(-12.50,-11.50) mean=-12.00 p50=-12.00 p05=-12.00 p95=-12.00
  [diag] sat-dist hist bins=60 sat<0.05=0.0% mean=0.810 p10=0.684 p90=0.983
Iter 0003180: train nll 1.017, valid error 044.560%, best valid error 041.200%, avg grad norm  31.562, avg grad norm (post clip)   0.526, rho_Whh  1.11, Omega  0.00, alpha  1.000, steps in the past 0.000, valid nll 0.981
  [diag] log10|dL/dh_t| hist bins=60 range=(-12.50,-11.50) mean=-12.00 p50=-12.00 p05=-12.00 p95=-12.00
  [diag] sat-dist hist bins=60 sat<0.05=0.0% mean=0.808 p10=0.679 p90=0.983
Iter 0003200: train nll 1.018, valid error 044.400%, best valid error 041.200%, avg grad norm  33.147, avg grad norm (post clip)   0.526, rho_Whh  1.11, Omega  0.00, alpha  1.000, steps in the past 0.000, valid nll 0.971
  [diag] log10|dL/dh_t| hist bins=60 range=(-12.50,-11.50) mean=-12.00 p50=-12.00 p05=-12.00 p95=-12.00
  [diag] sat-dist hist bins=60 sat<0.05=0.0% mean=0.804 p10=0.700 p90=0.982
Iter 0003220: train nll 1.017, valid error 049.530%, best valid error 041.200%, avg grad norm  32.651, avg grad norm (post clip)   0.526, rho_Whh  1.11, Omega  0.00, alpha  1.000, steps in the past 0.000, valid nll 1.023
  [diag] log10|dL/dh_t| hist bins=60 range=(-12.50,-11.50) mean=-12.00 p50=-12.00 p05=-12.00 p95=-12.00
  [diag] sat-dist hist bins=60 sat<0.05=0.0% mean=0.802 p10=0.700 p90=0.982
Iter 0003240: train nll 1.007, valid error 048.050%, best valid error 041.200%, avg grad norm  34.080, avg grad norm (post clip)   0.526, rho_Whh  1.11, Omega  0.00, alpha  1.000, steps in the past 0.000, valid nll 1.001
  [diag] log10|dL/dh_t| hist bins=60 range=(-12.50,-11.50) mean=-12.00 p50=-12.00 p05=-12.00 p95=-12.00
  [diag] sat-dist hist bins=60 sat<0.05=0.0% mean=0.801 p10=0.707 p90=0.982
Iter 0003260: train nll 1.004, valid error 053.580%, best valid error 041.200%, avg grad norm  35.505, avg grad norm (post clip)   0.526, rho_Whh  1.12, Omega  0.00, alpha  1.000, steps in the past 0.000, valid nll 1.057
  [diag] log10|dL/dh_t| hist bins=60 range=(-12.50,-11.50) mean=-12.00 p50=-12.00 p05=-12.00 p95=-12.00
  [diag] sat-dist hist bins=60 sat<0.05=0.0% mean=0.802 p10=0.692 p90=0.983
Iter 0003280: train nll 0.995, valid error 047.860%, best valid error 041.200%, avg grad norm  32.317, avg grad norm (post clip)   0.526, rho_Whh  1.12, Omega  0.00, alpha  1.000, steps in the past 0.000, valid nll 0.989
  [diag] log10|dL/dh_t| hist bins=60 range=(-12.50,-11.50) mean=-12.00 p50=-12.00 p05=-12.00 p95=-12.00
  [diag] sat-dist hist bins=60 sat<0.05=0.0% mean=0.802 p10=0.687 p90=0.983
Iter 0003300: train nll 0.992, valid error 043.390%, best valid error 041.200%, avg grad norm  28.645, avg grad norm (post clip)   0.526, rho_Whh  1.12, Omega  0.00, alpha  1.000, steps in the past 0.000, valid nll 0.983
  [diag] log10|dL/dh_t| hist bins=60 range=(-12.50,-11.50) mean=-12.00 p50=-12.00 p05=-12.00 p95=-12.00
  [diag] sat-dist hist bins=60 sat<0.05=0.0% mean=0.794 p10=0.702 p90=0.979
Iter 0003320: train nll 0.986, valid error 059.010%, best valid error 041.200%, avg grad norm  30.557, avg grad norm (post clip)   0.526, rho_Whh  1.12, Omega  0.00, alpha  1.000, steps in the past 0.000, valid nll 1.107
  [diag] log10|dL/dh_t| hist bins=60 range=(-12.50,-11.50) mean=-12.00 p50=-12.00 p05=-12.00 p95=-12.00
  [diag] sat-dist hist bins=60 sat<0.05=0.0% mean=0.796 p10=0.697 p90=0.981
Iter 0003340: train nll 0.982, valid error 048.360%, best valid error 041.200%, avg grad norm  31.679, avg grad norm (post clip)   0.526, rho_Whh  1.12, Omega  0.00, alpha  1.000, steps in the past 0.000, valid nll 0.996
  [diag] log10|dL/dh_t| hist bins=60 range=(-12.50,-11.50) mean=-12.00 p50=-12.00 p05=-12.00 p95=-12.00
  [diag] sat-dist hist bins=60 sat<0.05=0.0% mean=0.796 p10=0.693 p90=0.982
Iter 0003360: train nll 0.981, valid error 048.040%, best valid error 041.200%, avg grad norm  33.662, avg grad norm (post clip)   0.526, rho_Whh  1.12, Omega  0.00, alpha  1.000, steps in the past 0.000, valid nll 0.985
  [diag] log10|dL/dh_t| hist bins=60 range=(-12.50,-11.50) mean=-12.00 p50=-12.00 p05=-12.00 p95=-12.00
  [diag] sat-dist hist bins=60 sat<0.05=0.0% mean=0.798 p10=0.682 p90=0.983
Iter 0003380: train nll 0.981, valid error 047.530%, best valid error 041.200%, avg grad norm  31.967, avg grad norm (post clip)   0.526, rho_Whh  1.12, Omega  0.00, alpha  1.000, steps in the past 0.000, valid nll 0.968
  [diag] log10|dL/dh_t| hist bins=60 range=(-12.50,-11.50) mean=-12.00 p50=-12.00 p05=-12.00 p95=-12.00
  [diag] sat-dist hist bins=60 sat<0.05=0.0% mean=0.797 p10=0.681 p90=0.983
Iter 0003400: train nll 0.976, valid error 048.230%, best valid error 041.200%, avg grad norm  33.403, avg grad norm (post clip)   0.526, rho_Whh  1.12, Omega  0.00, alpha  1.000, steps in the past 0.000, valid nll 0.974
  [diag] log10|dL/dh_t| hist bins=60 range=(-12.50,-11.50) mean=-12.00 p50=-12.00 p05=-12.00 p95=-12.00
  [diag] sat-dist hist bins=60 sat<0.05=0.0% mean=0.792 p10=0.697 p90=0.981
Iter 0003420: train nll 0.972, valid error 052.180%, best valid error 041.200%, avg grad norm  32.529, avg grad norm (post clip)   0.526, rho_Whh  1.12, Omega  0.00, alpha  1.000, steps in the past 0.000, valid nll 1.056
  [diag] log10|dL/dh_t| hist bins=60 range=(-12.50,-11.50) mean=-12.00 p50=-12.00 p05=-12.00 p95=-12.00
  [diag] sat-dist hist bins=60 sat<0.05=0.0% mean=0.791 p10=0.690 p90=0.982
Iter 0003440: train nll 0.967, valid error 048.120%, best valid error 041.200%, avg grad norm  31.147, avg grad norm (post clip)   0.526, rho_Whh  1.12, Omega  0.00, alpha  1.000, steps in the past 0.000, valid nll 0.973
  [diag] log10|dL/dh_t| hist bins=60 range=(-12.50,-11.50) mean=-12.00 p50=-12.00 p05=-12.00 p95=-12.00
  [diag] sat-dist hist bins=60 sat<0.05=0.0% mean=0.796 p10=0.657 p90=0.983
Iter 0003460: train nll 0.966, valid error 045.350%, best valid error 041.200%, avg grad norm  33.556, avg grad norm (post clip)   0.526, rho_Whh  1.12, Omega  0.00, alpha  1.000, steps in the past 0.000, valid nll 0.916
  [diag] log10|dL/dh_t| hist bins=60 range=(-12.50,-11.50) mean=-12.00 p50=-12.00 p05=-12.00 p95=-12.00
  [diag] sat-dist hist bins=60 sat<0.05=0.0% mean=0.792 p10=0.665 p90=0.981
Iter 0003480: train nll 0.971, valid error 047.750%, best valid error 041.200%, avg grad norm  36.074, avg grad norm (post clip)   0.526, rho_Whh  1.12, Omega  0.00, alpha  1.000, steps in the past 0.000, valid nll 0.954
  [diag] log10|dL/dh_t| hist bins=60 range=(-12.50,-11.50) mean=-12.00 p50=-12.00 p05=-12.00 p95=-12.00
  [diag] sat-dist hist bins=60 sat<0.05=0.0% mean=0.792 p10=0.658 p90=0.982
Iter 0003500: train nll 0.972, valid error 047.960%, best valid error 041.200%, avg grad norm  35.411, avg grad norm (post clip)   0.526, rho_Whh  1.12, Omega  0.00, alpha  1.000, steps in the past 0.000, valid nll 0.947
  [diag] log10|dL/dh_t| hist bins=60 range=(-12.50,-11.50) mean=-12.00 p50=-12.00 p05=-12.00 p95=-12.00
  [diag] sat-dist hist bins=60 sat<0.05=0.0% mean=0.788 p10=0.676 p90=0.980
Iter 0003520: train nll 0.962, valid error 057.640%, best valid error 041.200%, avg grad norm  32.799, avg grad norm (post clip)   0.526, rho_Whh  1.12, Omega  0.00, alpha  1.000, steps in the past 0.000, valid nll 1.055
  [diag] log10|dL/dh_t| hist bins=60 range=(-12.50,-11.50) mean=-12.00 p50=-12.00 p05=-12.00 p95=-12.00
  [diag] sat-dist hist bins=60 sat<0.05=0.0% mean=0.789 p10=0.659 p90=0.981
Iter 0003540: train nll 0.951, valid error 050.000%, best valid error 041.200%, avg grad norm  33.403, avg grad norm (post clip)   0.526, rho_Whh  1.12, Omega  0.00, alpha  1.000, steps in the past 0.000, valid nll 0.970
  [diag] log10|dL/dh_t| hist bins=60 range=(-12.50,-11.50) mean=-12.00 p50=-12.00 p05=-12.00 p95=-12.00
  [diag] sat-dist hist bins=60 sat<0.05=0.0% mean=0.789 p10=0.666 p90=0.983
Iter 0003560: train nll 0.958, valid error 047.560%, best valid error 041.200%, avg grad norm  39.170, avg grad norm (post clip)   0.526, rho_Whh  1.12, Omega  0.00, alpha  1.000, steps in the past 0.000, valid nll 0.932
  [diag] log10|dL/dh_t| hist bins=60 range=(-12.50,-11.50) mean=-12.00 p50=-12.00 p05=-12.00 p95=-12.00
  [diag] sat-dist hist bins=60 sat<0.05=0.0% mean=0.788 p10=0.651 p90=0.982
Iter 0003580: train nll 0.945, valid error 047.420%, best valid error 041.200%, avg grad norm  30.255, avg grad norm (post clip)   0.526, rho_Whh  1.13, Omega  0.00, alpha  1.000, steps in the past 0.000, valid nll 0.915
  [diag] log10|dL/dh_t| hist bins=60 range=(-12.50,-11.50) mean=-12.00 p50=-12.00 p05=-12.00 p95=-12.00
  [diag] sat-dist hist bins=60 sat<0.05=0.0% mean=0.785 p10=0.670 p90=0.980
Iter 0003600: train nll 0.942, valid error 054.040%, best valid error 041.200%, avg grad norm  28.679, avg grad norm (post clip)   0.526, rho_Whh  1.13, Omega  0.00, alpha  1.000, steps in the past 0.000, valid nll 1.004
  [diag] log10|dL/dh_t| hist bins=60 range=(-12.50,-11.50) mean=-12.00 p50=-12.00 p05=-12.00 p95=-12.00
  [diag] sat-dist hist bins=60 sat<0.05=0.0% mean=0.787 p10=0.649 p90=0.983
Iter 0003620: train nll 0.951, valid error 043.360%, best valid error 041.200%, avg grad norm  38.355, avg grad norm (post clip)   0.526, rho_Whh  1.13, Omega  0.00, alpha  1.000, steps in the past 0.000, valid nll 0.903
  [diag] log10|dL/dh_t| hist bins=60 range=(-12.50,-11.50) mean=-12.00 p50=-12.00 p05=-12.00 p95=-12.00
  [diag] sat-dist hist bins=60 sat<0.05=0.0% mean=0.784 p10=0.663 p90=0.983
Iter 0003640: train nll 0.935, valid error 047.210%, best valid error 041.200%, avg grad norm  31.620, avg grad norm (post clip)   0.526, rho_Whh  1.13, Omega  0.00, alpha  1.000, steps in the past 0.000, valid nll 0.910
  [diag] log10|dL/dh_t| hist bins=60 range=(-12.50,-11.50) mean=-12.00 p50=-12.00 p05=-12.00 p95=-12.00
  [diag] sat-dist hist bins=60 sat<0.05=0.0% mean=0.781 p10=0.671 p90=0.978
Iter 0003660: train nll 0.940, valid error 058.940%, best valid error 041.200%, avg grad norm  35.251, avg grad norm (post clip)   0.526, rho_Whh  1.13, Omega  0.00, alpha  1.000, steps in the past 0.000, valid nll 1.056
  [diag] log10|dL/dh_t| hist bins=60 range=(-12.50,-11.50) mean=-12.00 p50=-12.00 p05=-12.00 p95=-12.00
  [diag] sat-dist hist bins=60 sat<0.05=0.0% mean=0.781 p10=0.654 p90=0.980
Iter 0003680: train nll 0.945, valid error 047.710%, best valid error 041.200%, avg grad norm  45.936, avg grad norm (post clip)   0.526, rho_Whh  1.13, Omega  0.00, alpha  1.000, steps in the past 0.000, valid nll 0.930
  [diag] log10|dL/dh_t| hist bins=60 range=(-12.50,-11.50) mean=-12.00 p50=-12.00 p05=-12.00 p95=-12.00
  [diag] sat-dist hist bins=60 sat<0.05=0.0% mean=0.782 p10=0.663 p90=0.983
Iter 0003700: train nll 0.930, valid error 049.360%, best valid error 041.200%, avg grad norm  33.183, avg grad norm (post clip)   0.526, rho_Whh  1.13, Omega  0.00, alpha  1.000, steps in the past 0.000, valid nll 0.924
  [diag] log10|dL/dh_t| hist bins=60 range=(-12.50,-11.50) mean=-12.00 p50=-12.00 p05=-12.00 p95=-12.00
  [diag] sat-dist hist bins=60 sat<0.05=0.0% mean=0.780 p10=0.660 p90=0.983
Iter 0003720: train nll 0.930, valid error 047.620%, best valid error 041.200%, avg grad norm  35.291, avg grad norm (post clip)   0.526, rho_Whh  1.13, Omega  0.00, alpha  1.000, steps in the past 0.000, valid nll 0.903
  [diag] log10|dL/dh_t| hist bins=60 range=(-12.50,-11.50) mean=-12.00 p50=-12.00 p05=-12.00 p95=-12.00
  [diag] sat-dist hist bins=60 sat<0.05=0.0% mean=0.782 p10=0.647 p90=0.983
Iter 0003740: train nll 0.932, valid error 042.680%, best valid error 041.200%, avg grad norm  33.488, avg grad norm (post clip)   0.526, rho_Whh  1.13, Omega  0.00, alpha  1.000, steps in the past 0.000, valid nll 0.889
  [diag] log10|dL/dh_t| hist bins=60 range=(-12.50,-11.50) mean=-12.00 p50=-12.00 p05=-12.00 p95=-12.00
  [diag] sat-dist hist bins=60 sat<0.05=0.0% mean=0.779 p10=0.654 p90=0.983
Iter 0003760: train nll 0.930, valid error 047.800%, best valid error 041.200%, avg grad norm  38.302, avg grad norm (post clip)   0.526, rho_Whh  1.13, Omega  0.00, alpha  1.000, steps in the past 0.000, valid nll 0.896
  [diag] log10|dL/dh_t| hist bins=60 range=(-12.50,-11.50) mean=-12.00 p50=-12.00 p05=-12.00 p95=-12.00
  [diag] sat-dist hist bins=60 sat<0.05=0.0% mean=0.777 p10=0.674 p90=0.982
Iter 0003780: train nll 0.911, valid error 050.750%, best valid error 041.200%, avg grad norm  27.696, avg grad norm (post clip)   0.526, rho_Whh  1.13, Omega  0.00, alpha  1.000, steps in the past 0.000, valid nll 0.952
  [diag] log10|dL/dh_t| hist bins=60 range=(-12.50,-11.50) mean=-12.00 p50=-12.00 p05=-12.00 p95=-12.00
  [diag] sat-dist hist bins=60 sat<0.05=0.0% mean=0.778 p10=0.645 p90=0.981
Iter 0003800: train nll 0.931, valid error 053.440%, best valid error 041.200%, avg grad norm  40.730, avg grad norm (post clip)   0.526, rho_Whh  1.13, Omega  0.00, alpha  1.000, steps in the past 0.000, valid nll 0.970
  [diag] log10|dL/dh_t| hist bins=60 range=(-12.50,-11.50) mean=-12.00 p50=-12.00 p05=-12.00 p95=-12.00
  [diag] sat-dist hist bins=60 sat<0.05=0.0% mean=0.772 p10=0.678 p90=0.980
Iter 0003820: train nll 0.927, valid error 049.760%, best valid error 041.200%, avg grad norm  42.786, avg grad norm (post clip)   0.526, rho_Whh  1.13, Omega  0.00, alpha  1.000, steps in the past 0.000, valid nll 0.946
  [diag] log10|dL/dh_t| hist bins=60 range=(-12.50,-11.50) mean=-12.00 p50=-12.00 p05=-12.00 p95=-12.00
  [diag] sat-dist hist bins=60 sat<0.05=0.0% mean=0.773 p10=0.662 p90=0.982
Iter 0003840: train nll 0.922, valid error 048.120%, best valid error 041.200%, avg grad norm  40.466, avg grad norm (post clip)   0.526, rho_Whh  1.13, Omega  0.00, alpha  1.000, steps in the past 0.000, valid nll 0.899
  [diag] log10|dL/dh_t| hist bins=60 range=(-12.50,-11.50) mean=-12.00 p50=-12.00 p05=-12.00 p95=-12.00
  [diag] sat-dist hist bins=60 sat<0.05=0.0% mean=0.775 p10=0.642 p90=0.981
Iter 0003860: train nll 0.916, valid error 049.230%, best valid error 041.200%, avg grad norm  38.428, avg grad norm (post clip)   0.526, rho_Whh  1.13, Omega  0.00, alpha  1.000, steps in the past 0.000, valid nll 0.913
  [diag] log10|dL/dh_t| hist bins=60 range=(-12.50,-11.50) mean=-12.00 p50=-12.00 p05=-12.00 p95=-12.00
  [diag] sat-dist hist bins=60 sat<0.05=0.0% mean=0.772 p10=0.659 p90=0.982
Iter 0003880: train nll 0.917, valid error 047.520%, best valid error 041.200%, avg grad norm  39.683, avg grad norm (post clip)   0.526, rho_Whh  1.13, Omega  0.00, alpha  1.000, steps in the past 0.000, valid nll 0.893
  [diag] log10|dL/dh_t| hist bins=60 range=(-12.50,-11.50) mean=-12.00 p50=-12.00 p05=-12.00 p95=-12.00
  [diag] sat-dist hist bins=60 sat<0.05=0.0% mean=0.771 p10=0.665 p90=0.982
Iter 0003900: train nll 0.920, valid error 046.700%, best valid error 041.200%, avg grad norm  40.626, avg grad norm (post clip)   0.526, rho_Whh  1.13, Omega  0.00, alpha  1.000, steps in the past 0.000, valid nll 1.032
  [diag] log10|dL/dh_t| hist bins=60 range=(-12.50,-11.50) mean=-12.00 p50=-12.00 p05=-12.00 p95=-12.00
  [diag] sat-dist hist bins=60 sat<0.05=0.0% mean=0.773 p10=0.630 p90=0.982
Iter 0003920: train nll 0.908, valid error 047.050%, best valid error 041.200%, avg grad norm  38.892, avg grad norm (post clip)   0.526, rho_Whh  1.13, Omega  0.00, alpha  1.000, steps in the past 0.000, valid nll 0.865
  [diag] log10|dL/dh_t| hist bins=60 range=(-12.50,-11.50) mean=-12.00 p50=-12.00 p05=-12.00 p95=-12.00
  [diag] sat-dist hist bins=60 sat<0.05=0.0% mean=0.772 p10=0.636 p90=0.981
Iter 0003940: train nll 0.894, valid error 047.070%, best valid error 041.200%, avg grad norm  32.624, avg grad norm (post clip)   0.526, rho_Whh  1.13, Omega  0.00, alpha  1.000, steps in the past 0.000, valid nll 0.878
  [diag] log10|dL/dh_t| hist bins=60 range=(-12.50,-11.50) mean=-12.00 p50=-12.00 p05=-12.00 p95=-12.00
  [diag] sat-dist hist bins=60 sat<0.05=0.0% mean=0.771 p10=0.638 p90=0.983
Iter 0003960: train nll 0.920, valid error 046.550%, best valid error 041.200%, avg grad norm  45.950, avg grad norm (post clip)   0.526, rho_Whh  1.14, Omega  0.00, alpha  1.000, steps in the past 0.000, valid nll 0.864
  [diag] log10|dL/dh_t| hist bins=60 range=(-12.50,-11.50) mean=-12.00 p50=-12.00 p05=-12.00 p95=-12.00
  [diag] sat-dist hist bins=60 sat<0.05=0.0% mean=0.769 p10=0.635 p90=0.981
Iter 0003980: train nll 0.907, valid error 047.390%, best valid error 041.200%, avg grad norm  43.461, avg grad norm (post clip)   0.526, rho_Whh  1.14, Omega  0.00, alpha  1.000, steps in the past 0.000, valid nll 0.887
  [diag] log10|dL/dh_t| hist bins=60 range=(-12.50,-11.50) mean=-12.00 p50=-12.00 p05=-12.00 p95=-12.00
  [diag] sat-dist hist bins=60 sat<0.05=0.0% mean=0.768 p10=0.637 p90=0.980
Iter 0004000: train nll 0.894, valid error 047.590%, best valid error 041.200%, avg grad norm  35.500, avg grad norm (post clip)   0.526, rho_Whh  1.14, Omega  0.00, alpha  1.000, steps in the past 0.000, valid nll 0.894
  [diag] log10|dL/dh_t| hist bins=60 range=(-12.50,-11.50) mean=-12.00 p50=-12.00 p05=-12.00 p95=-12.00
  [diag] sat-dist hist bins=60 sat<0.05=0.0% mean=0.770 p10=0.628 p90=0.983
Iter 0004020: train nll 0.903, valid error 046.140%, best valid error 041.200%, avg grad norm  36.948, avg grad norm (post clip)   0.526, rho_Whh  1.14, Omega  0.00, alpha  1.000, steps in the past 0.000, valid nll 0.856
  [diag] log10|dL/dh_t| hist bins=60 range=(-12.50,-11.50) mean=-12.00 p50=-12.00 p05=-12.00 p95=-12.00
  [diag] sat-dist hist bins=60 sat<0.05=0.0% mean=0.769 p10=0.626 p90=0.983
Iter 0004040: train nll 0.890, valid error 046.930%, best valid error 041.200%, avg grad norm  37.491, avg grad norm (post clip)   0.526, rho_Whh  1.14, Omega  0.00, alpha  1.000, steps in the past 0.000, valid nll 0.852
  [diag] log10|dL/dh_t| hist bins=60 range=(-12.50,-11.50) mean=-12.00 p50=-12.00 p05=-12.00 p95=-12.00
  [diag] sat-dist hist bins=60 sat<0.05=0.0% mean=0.769 p10=0.625 p90=0.983
Iter 0004060: train nll 0.897, valid error 042.950%, best valid error 041.200%, avg grad norm  37.771, avg grad norm (post clip)   0.526, rho_Whh  1.14, Omega  0.00, alpha  1.000, steps in the past 0.000, valid nll 0.845
  [diag] log10|dL/dh_t| hist bins=60 range=(-12.50,-11.50) mean=-12.00 p50=-12.00 p05=-12.00 p95=-12.00
  [diag] sat-dist hist bins=60 sat<0.05=0.0% mean=0.766 p10=0.647 p90=0.983
Iter 0004080: train nll 0.898, valid error 047.870%, best valid error 041.200%, avg grad norm  45.740, avg grad norm (post clip)   0.526, rho_Whh  1.14, Omega  0.00, alpha  1.000, steps in the past 0.000, valid nll 0.868
  [diag] log10|dL/dh_t| hist bins=60 range=(-12.50,-11.50) mean=-12.00 p50=-12.00 p05=-12.00 p95=-12.00
  [diag] sat-dist hist bins=60 sat<0.05=0.0% mean=0.764 p10=0.645 p90=0.978
Iter 0004100: train nll 0.876, valid error 055.660%, best valid error 041.200%, avg grad norm  31.296, avg grad norm (post clip)   0.526, rho_Whh  1.14, Omega  0.00, alpha  1.000, steps in the past 0.000, valid nll 0.979
  [diag] log10|dL/dh_t| hist bins=60 range=(-12.50,-11.50) mean=-12.00 p50=-12.00 p05=-12.00 p95=-12.00
  [diag] sat-dist hist bins=60 sat<0.05=0.0% mean=0.765 p10=0.640 p90=0.983
Iter 0004120: train nll 0.883, valid error 047.800%, best valid error 041.200%, avg grad norm  35.282, avg grad norm (post clip)   0.526, rho_Whh  1.14, Omega  0.00, alpha  1.000, steps in the past 0.000, valid nll 0.861
  [diag] log10|dL/dh_t| hist bins=60 range=(-12.50,-11.50) mean=-12.00 p50=-12.00 p05=-12.00 p95=-12.00
  [diag] sat-dist hist bins=60 sat<0.05=0.0% mean=0.763 p10=0.656 p90=0.981
Iter 0004140: train nll 0.874, valid error 048.360%, best valid error 041.200%, avg grad norm  35.867, avg grad norm (post clip)   0.526, rho_Whh  1.14, Omega  0.00, alpha  1.000, steps in the past 0.000, valid nll 0.891
  [diag] log10|dL/dh_t| hist bins=60 range=(-12.50,-11.50) mean=-12.00 p50=-12.00 p05=-12.00 p95=-12.00
  [diag] sat-dist hist bins=60 sat<0.05=0.0% mean=0.766 p10=0.646 p90=0.982
Iter 0004160: train nll 0.877, valid error 049.290%, best valid error 041.200%, avg grad norm  41.079, avg grad norm (post clip)   0.526, rho_Whh  1.14, Omega  0.00, alpha  1.000, steps in the past 0.000, valid nll 0.912
  [diag] log10|dL/dh_t| hist bins=60 range=(-12.50,-11.50) mean=-12.00 p50=-12.00 p05=-12.00 p95=-12.00
  [diag] sat-dist hist bins=60 sat<0.05=0.0% mean=0.765 p10=0.646 p90=0.982
Iter 0004180: train nll 0.889, valid error 047.480%, best valid error 041.200%, avg grad norm  41.888, avg grad norm (post clip)   0.526, rho_Whh  1.14, Omega  0.00, alpha  1.000, steps in the past 0.000, valid nll 0.923
  [diag] log10|dL/dh_t| hist bins=60 range=(-12.50,-11.50) mean=-12.00 p50=-12.00 p05=-12.00 p95=-12.00
  [diag] sat-dist hist bins=60 sat<0.05=0.0% mean=0.764 p10=0.623 p90=0.981
Iter 0004200: train nll 0.875, valid error 050.000%, best valid error 041.200%, avg grad norm  35.651, avg grad norm (post clip)   0.526, rho_Whh  1.14, Omega  0.00, alpha  1.000, steps in the past 0.000, valid nll 0.886
  [diag] log10|dL/dh_t| hist bins=60 range=(-12.50,-11.50) mean=-12.00 p50=-12.00 p05=-12.00 p95=-12.00
  [diag] sat-dist hist bins=60 sat<0.05=0.0% mean=0.762 p10=0.645 p90=0.982
Iter 0004220: train nll 0.864, valid error 047.370%, best valid error 041.200%, avg grad norm  33.004, avg grad norm (post clip)   0.526, rho_Whh  1.14, Omega  0.00, alpha  1.000, steps in the past 0.000, valid nll 0.858
  [diag] log10|dL/dh_t| hist bins=60 range=(-12.50,-11.50) mean=-12.00 p50=-12.00 p05=-12.00 p95=-12.00
  [diag] sat-dist hist bins=60 sat<0.05=0.0% mean=0.764 p10=0.616 p90=0.983
Iter 0004240: train nll 0.873, valid error 043.120%, best valid error 041.200%, avg grad norm  37.168, avg grad norm (post clip)   0.526, rho_Whh  1.14, Omega  0.00, alpha  1.000, steps in the past 0.000, valid nll 0.824
  [diag] log10|dL/dh_t| hist bins=60 range=(-12.50,-11.50) mean=-12.00 p50=-12.00 p05=-12.00 p95=-12.00
  [diag] sat-dist hist bins=60 sat<0.05=0.0% mean=0.765 p10=0.616 p90=0.982
Iter 0004260: train nll 0.883, valid error 046.020%, best valid error 041.200%, avg grad norm  38.378, avg grad norm (post clip)   0.526, rho_Whh  1.14, Omega  0.00, alpha  1.000, steps in the past 0.000, valid nll 0.822
  [diag] log10|dL/dh_t| hist bins=60 range=(-12.50,-11.50) mean=-12.00 p50=-12.00 p05=-12.00 p95=-12.00
  [diag] sat-dist hist bins=60 sat<0.05=0.0% mean=0.763 p10=0.618 p90=0.983
Iter 0004280: train nll 0.866, valid error 041.160%, best valid error 041.200%, avg grad norm  35.986, avg grad norm (post clip)   0.526, rho_Whh  1.14, Omega  0.00, alpha  1.000, steps in the past 0.000, valid nll 0.833
  [diag] log10|dL/dh_t| hist bins=60 range=(-12.50,-11.50) mean=-12.00 p50=-12.00 p05=-12.00 p95=-12.00
  [diag] sat-dist hist bins=60 sat<0.05=0.0% mean=0.762 p10=0.616 p90=0.982
Iter 0004300: train nll 0.872, valid error 047.080%, best valid error 041.160%, avg grad norm  41.588, avg grad norm (post clip)   0.526, rho_Whh  1.14, Omega  0.00, alpha  1.000, steps in the past 0.000, valid nll 0.838
  [diag] log10|dL/dh_t| hist bins=60 range=(-12.50,-11.50) mean=-12.00 p50=-12.00 p05=-12.00 p95=-12.00
  [diag] sat-dist hist bins=60 sat<0.05=0.0% mean=0.763 p10=0.615 p90=0.982
Iter 0004320: train nll 0.884, valid error 044.340%, best valid error 041.160%, avg grad norm  34.780, avg grad norm (post clip)   0.526, rho_Whh  1.14, Omega  0.00, alpha  1.000, steps in the past 0.000, valid nll 0.817
  [diag] log10|dL/dh_t| hist bins=60 range=(-12.50,-11.50) mean=-12.00 p50=-12.00 p05=-12.00 p95=-12.00
  [diag] sat-dist hist bins=60 sat<0.05=0.0% mean=0.757 p10=0.634 p90=0.979
Iter 0004340: train nll 0.857, valid error 053.830%, best valid error 041.160%, avg grad norm  33.427, avg grad norm (post clip)   0.526, rho_Whh  1.14, Omega  0.00, alpha  1.000, steps in the past 0.000, valid nll 0.938
  [diag] log10|dL/dh_t| hist bins=60 range=(-12.50,-11.50) mean=-12.00 p50=-12.00 p05=-12.00 p95=-12.00
  [diag] sat-dist hist bins=60 sat<0.05=0.0% mean=0.761 p10=0.615 p90=0.983
Iter 0004360: train nll 0.863, valid error 041.580%, best valid error 041.160%, avg grad norm  39.593, avg grad norm (post clip)   0.526, rho_Whh  1.14, Omega  0.00, alpha  1.000, steps in the past 0.000, valid nll 0.831
  [diag] log10|dL/dh_t| hist bins=60 range=(-12.50,-11.50) mean=-12.00 p50=-12.00 p05=-12.00 p95=-12.00
  [diag] sat-dist hist bins=60 sat<0.05=0.0% mean=0.758 p10=0.620 p90=0.981
Iter 0004380: train nll 0.897, valid error 047.160%, best valid error 041.160%, avg grad norm  56.894, avg grad norm (post clip)   0.526, rho_Whh  1.14, Omega  0.00, alpha  1.000, steps in the past 0.000, valid nll 0.843
  [diag] log10|dL/dh_t| hist bins=60 range=(-12.50,-11.50) mean=-12.00 p50=-12.00 p05=-12.00 p95=-12.00
  [diag] sat-dist hist bins=60 sat<0.05=0.0% mean=0.755 p10=0.644 p90=0.981
Iter 0004400: train nll 0.859, valid error 047.540%, best valid error 041.160%, avg grad norm  39.300, avg grad norm (post clip)   0.526, rho_Whh  1.14, Omega  0.00, alpha  1.000, steps in the past 0.000, valid nll 0.851
  [diag] log10|dL/dh_t| hist bins=60 range=(-12.50,-11.50) mean=-12.00 p50=-12.00 p05=-12.00 p95=-12.00
  [diag] sat-dist hist bins=60 sat<0.05=0.0% mean=0.759 p10=0.616 p90=0.982
Iter 0004420: train nll 0.848, valid error 046.580%, best valid error 041.160%, avg grad norm  32.375, avg grad norm (post clip)   0.526, rho_Whh  1.14, Omega  0.00, alpha  1.000, steps in the past 0.000, valid nll 0.832
  [diag] log10|dL/dh_t| hist bins=60 range=(-12.50,-11.50) mean=-12.00 p50=-12.00 p05=-12.00 p95=-12.00
  [diag] sat-dist hist bins=60 sat<0.05=0.0% mean=0.757 p10=0.631 p90=0.979
Iter 0004440: train nll 0.866, valid error 052.120%, best valid error 041.160%, avg grad norm  39.779, avg grad norm (post clip)   0.526, rho_Whh  1.14, Omega  0.00, alpha  1.000, steps in the past 0.000, valid nll 0.904
  [diag] log10|dL/dh_t| hist bins=60 range=(-12.50,-11.50) mean=-12.00 p50=-12.00 p05=-12.00 p95=-12.00
  [diag] sat-dist hist bins=60 sat<0.05=0.0% mean=0.757 p10=0.642 p90=0.982
Iter 0004460: train nll 0.876, valid error 047.990%, best valid error 041.160%, avg grad norm  55.192, avg grad norm (post clip)   0.526, rho_Whh  1.14, Omega  0.00, alpha  1.000, steps in the past 0.000, valid nll 0.848
  [diag] log10|dL/dh_t| hist bins=60 range=(-12.50,-11.50) mean=-12.00 p50=-12.00 p05=-12.00 p95=-12.00
  [diag] sat-dist hist bins=60 sat<0.05=0.0% mean=0.758 p10=0.613 p90=0.982
Iter 0004480: train nll 0.838, valid error 046.790%, best valid error 041.160%, avg grad norm  30.413, avg grad norm (post clip)   0.526, rho_Whh  1.14, Omega  0.00, alpha  1.000, steps in the past 0.000, valid nll 0.827
  [diag] log10|dL/dh_t| hist bins=60 range=(-12.50,-11.50) mean=-12.00 p50=-12.00 p05=-12.00 p95=-12.00
  [diag] sat-dist hist bins=60 sat<0.05=0.0% mean=0.756 p10=0.628 p90=0.982
Iter 0004500: train nll 0.849, valid error 047.410%, best valid error 041.160%, avg grad norm  36.380, avg grad norm (post clip)   0.526, rho_Whh  1.14, Omega  0.00, alpha  1.000, steps in the past 0.000, valid nll 0.823
  [diag] log10|dL/dh_t| hist bins=60 range=(-12.50,-11.50) mean=-12.00 p50=-12.00 p05=-12.00 p95=-12.00
  [diag] sat-dist hist bins=60 sat<0.05=0.0% mean=0.756 p10=0.614 p90=0.981
Iter 0004520: train nll 0.855, valid error 049.480%, best valid error 041.160%, avg grad norm  34.673, avg grad norm (post clip)   0.526, rho_Whh  1.14, Omega  0.00, alpha  1.000, steps in the past 0.000, valid nll 0.863
  [diag] log10|dL/dh_t| hist bins=60 range=(-12.50,-11.50) mean=-12.00 p50=-12.00 p05=-12.00 p95=-12.00
  [diag] sat-dist hist bins=60 sat<0.05=0.0% mean=0.757 p10=0.610 p90=0.982
Iter 0004540: train nll 0.848, valid error 043.470%, best valid error 041.160%, avg grad norm  34.871, avg grad norm (post clip)   0.526, rho_Whh  1.14, Omega  0.00, alpha  1.000, steps in the past 0.000, valid nll 0.841
  [diag] log10|dL/dh_t| hist bins=60 range=(-12.50,-11.50) mean=-12.00 p50=-12.00 p05=-12.00 p95=-12.00
  [diag] sat-dist hist bins=60 sat<0.05=0.0% mean=0.757 p10=0.608 p90=0.982
Iter 0004560: train nll 0.835, valid error 042.590%, best valid error 041.160%, avg grad norm  31.422, avg grad norm (post clip)   0.526, rho_Whh  1.14, Omega  0.00, alpha  1.000, steps in the past 0.000, valid nll 0.855
  [diag] log10|dL/dh_t| hist bins=60 range=(-12.50,-11.50) mean=-12.00 p50=-12.00 p05=-12.00 p95=-12.00
  [diag] sat-dist hist bins=60 sat<0.05=0.0% mean=0.755 p10=0.629 p90=0.982
Iter 0004580: train nll 0.848, valid error 047.290%, best valid error 041.160%, avg grad norm  38.566, avg grad norm (post clip)   0.526, rho_Whh  1.14, Omega  0.00, alpha  1.000, steps in the past 0.000, valid nll 0.813
  [diag] log10|dL/dh_t| hist bins=60 range=(-12.50,-11.50) mean=-12.00 p50=-12.00 p05=-12.00 p95=-12.00
  [diag] sat-dist hist bins=60 sat<0.05=0.0% mean=0.753 p10=0.638 p90=0.981
Iter 0004600: train nll 0.846, valid error 052.030%, best valid error 041.160%, avg grad norm  38.581, avg grad norm (post clip)   0.526, rho_Whh  1.14, Omega  0.00, alpha  1.000, steps in the past 0.000, valid nll 0.888
  [diag] log10|dL/dh_t| hist bins=60 range=(-12.50,-11.50) mean=-12.00 p50=-12.00 p05=-12.00 p95=-12.00
  [diag] sat-dist hist bins=60 sat<0.05=0.0% mean=0.751 p10=0.641 p90=0.981
Iter 0004620: train nll 0.855, valid error 049.290%, best valid error 041.160%, avg grad norm  39.290, avg grad norm (post clip)   0.526, rho_Whh  1.14, Omega  0.00, alpha  1.000, steps in the past 0.000, valid nll 0.859
  [diag] log10|dL/dh_t| hist bins=60 range=(-12.50,-11.50) mean=-12.00 p50=-12.00 p05=-12.00 p95=-12.00
  [diag] sat-dist hist bins=60 sat<0.05=0.0% mean=0.753 p10=0.617 p90=0.980
Iter 0004640: train nll 0.832, valid error 046.860%, best valid error 041.160%, avg grad norm  32.503, avg grad norm (post clip)   0.526, rho_Whh  1.14, Omega  0.00, alpha  1.000, steps in the past 0.000, valid nll 0.827
  [diag] log10|dL/dh_t| hist bins=60 range=(-12.50,-11.50) mean=-12.00 p50=-12.00 p05=-12.00 p95=-12.00
  [diag] sat-dist hist bins=60 sat<0.05=0.0% mean=0.754 p10=0.605 p90=0.983
Iter 0004660: train nll 0.830, valid error 046.550%, best valid error 041.160%, avg grad norm  30.454, avg grad norm (post clip)   0.526, rho_Whh  1.14, Omega  0.00, alpha  1.000, steps in the past 0.000, valid nll 0.810
  [diag] log10|dL/dh_t| hist bins=60 range=(-12.50,-11.50) mean=-12.00 p50=-12.00 p05=-12.00 p95=-12.00
  [diag] sat-dist hist bins=60 sat<0.05=0.0% mean=0.750 p10=0.649 p90=0.980
Iter 0004680: train nll 0.843, valid error 053.620%, best valid error 041.160%, avg grad norm  37.304, avg grad norm (post clip)   0.526, rho_Whh  1.14, Omega  0.00, alpha  1.000, steps in the past 0.000, valid nll 0.911
  [diag] log10|dL/dh_t| hist bins=60 range=(-12.50,-11.50) mean=-12.00 p50=-12.00 p05=-12.00 p95=-12.00
  [diag] sat-dist hist bins=60 sat<0.05=0.0% mean=0.753 p10=0.633 p90=0.982
Iter 0004700: train nll 0.834, valid error 048.630%, best valid error 041.160%, avg grad norm  38.739, avg grad norm (post clip)   0.526, rho_Whh  1.14, Omega  0.00, alpha  1.000, steps in the past 0.000, valid nll 0.840
  [diag] log10|dL/dh_t| hist bins=60 range=(-12.50,-11.50) mean=-12.00 p50=-12.00 p05=-12.00 p95=-12.00
  [diag] sat-dist hist bins=60 sat<0.05=0.0% mean=0.754 p10=0.604 p90=0.983
Iter 0004720: train nll 0.835, valid error 046.810%, best valid error 041.160%, avg grad norm  32.931, avg grad norm (post clip)   0.526, rho_Whh  1.14, Omega  0.00, alpha  1.000, steps in the past 0.000, valid nll 0.810
  [diag] log10|dL/dh_t| hist bins=60 range=(-12.50,-11.50) mean=-12.00 p50=-12.00 p05=-12.00 p95=-12.00
  [diag] sat-dist hist bins=60 sat<0.05=0.0% mean=0.753 p10=0.608 p90=0.982
Iter 0004740: train nll 0.828, valid error 047.030%, best valid error 041.160%, avg grad norm  34.866, avg grad norm (post clip)   0.526, rho_Whh  1.14, Omega  0.00, alpha  1.000, steps in the past 0.000, valid nll 0.812
  [diag] log10|dL/dh_t| hist bins=60 range=(-12.50,-11.50) mean=-12.00 p50=-12.00 p05=-12.00 p95=-12.00
  [diag] sat-dist hist bins=60 sat<0.05=0.0% mean=0.752 p10=0.617 p90=0.983
Iter 0004760: train nll 0.840, valid error 047.450%, best valid error 041.160%, avg grad norm  34.806, avg grad norm (post clip)   0.526, rho_Whh  1.14, Omega  0.00, alpha  1.000, steps in the past 0.000, valid nll 0.806
  [diag] log10|dL/dh_t| hist bins=60 range=(-12.50,-11.50) mean=-12.00 p50=-12.00 p05=-12.00 p95=-12.00
  [diag] sat-dist hist bins=60 sat<0.05=0.0% mean=0.752 p10=0.610 p90=0.981
Iter 0004780: train nll 0.840, valid error 047.430%, best valid error 041.160%, avg grad norm  41.792, avg grad norm (post clip)   0.526, rho_Whh  1.14, Omega  0.00, alpha  1.000, steps in the past 0.000, valid nll 0.824
  [diag] log10|dL/dh_t| hist bins=60 range=(-12.50,-11.50) mean=-12.00 p50=-12.00 p05=-12.00 p95=-12.00
  [diag] sat-dist hist bins=60 sat<0.05=0.0% mean=0.753 p10=0.600 p90=0.983
Iter 0004800: train nll 0.836, valid error 042.170%, best valid error 041.160%, avg grad norm  37.828, avg grad norm (post clip)   0.526, rho_Whh  1.14, Omega  0.00, alpha  1.000, steps in the past 0.000, valid nll 0.789
  [diag] log10|dL/dh_t| hist bins=60 range=(-12.50,-11.50) mean=-12.00 p50=-12.00 p05=-12.00 p95=-12.00
  [diag] sat-dist hist bins=60 sat<0.05=0.0% mean=0.751 p10=0.605 p90=0.983
Iter 0004820: train nll 0.853, valid error 043.570%, best valid error 041.160%, avg grad norm  46.954, avg grad norm (post clip)   0.526, rho_Whh  1.14, Omega  0.00, alpha  1.000, steps in the past 0.000, valid nll 0.788
  [diag] log10|dL/dh_t| hist bins=60 range=(-12.50,-11.50) mean=-12.00 p50=-12.00 p05=-12.00 p95=-12.00
  [diag] sat-dist hist bins=60 sat<0.05=0.0% mean=0.751 p10=0.600 p90=0.982
Iter 0004840: train nll 0.831, valid error 046.010%, best valid error 041.160%, avg grad norm  35.974, avg grad norm (post clip)   0.526, rho_Whh  1.14, Omega  0.00, alpha  1.000, steps in the past 0.000, valid nll 0.793
  [diag] log10|dL/dh_t| hist bins=60 range=(-12.50,-11.50) mean=-12.00 p50=-12.00 p05=-12.00 p95=-12.00
  [diag] sat-dist hist bins=60 sat<0.05=0.0% mean=0.747 p10=0.630 p90=0.977
Iter 0004860: train nll 0.815, valid error 054.140%, best valid error 041.160%, avg grad norm  28.207, avg grad norm (post clip)   0.526, rho_Whh  1.14, Omega  0.00, alpha  1.000, steps in the past 0.000, valid nll 0.919
  [diag] log10|dL/dh_t| hist bins=60 range=(-12.50,-11.50) mean=-12.00 p50=-12.00 p05=-12.00 p95=-12.00
  [diag] sat-dist hist bins=60 sat<0.05=0.0% mean=0.744 p10=0.648 p90=0.978
Iter 0004880: train nll 0.858, valid error 053.770%, best valid error 041.160%, avg grad norm  43.089, avg grad norm (post clip)   0.526, rho_Whh  1.14, Omega  0.00, alpha  1.000, steps in the past 0.000, valid nll 0.912
  [diag] log10|dL/dh_t| hist bins=60 range=(-12.50,-11.50) mean=-12.00 p50=-12.00 p05=-12.00 p95=-12.00
  [diag] sat-dist hist bins=60 sat<0.05=0.0% mean=0.746 p10=0.639 p90=0.980
Iter 0004900: train nll 0.829, valid error 047.830%, best valid error 041.160%, avg grad norm  39.384, avg grad norm (post clip)   0.526, rho_Whh  1.14, Omega  0.00, alpha  1.000, steps in the past 0.000, valid nll 0.817
  [diag] log10|dL/dh_t| hist bins=60 range=(-12.50,-11.50) mean=-12.00 p50=-12.00 p05=-12.00 p95=-12.00
  [diag] sat-dist hist bins=60 sat<0.05=0.0% mean=0.750 p10=0.601 p90=0.983
Iter 0004920: train nll 0.830, valid error 044.440%, best valid error 041.160%, avg grad norm  40.175, avg grad norm (post clip)   0.526, rho_Whh  1.14, Omega  0.00, alpha  1.000, steps in the past 0.000, valid nll 0.787
  [diag] log10|dL/dh_t| hist bins=60 range=(-12.50,-11.50) mean=-12.00 p50=-12.00 p05=-12.00 p95=-12.00
  [diag] sat-dist hist bins=60 sat<0.05=0.0% mean=0.749 p10=0.597 p90=0.983
Iter 0004940: train nll 0.829, valid error 042.290%, best valid error 041.160%, avg grad norm  41.906, avg grad norm (post clip)   0.526, rho_Whh  1.14, Omega  0.00, alpha  1.000, steps in the past 0.000, valid nll 0.781
  [diag] log10|dL/dh_t| hist bins=60 range=(-12.50,-11.50) mean=-12.00 p50=-12.00 p05=-12.00 p95=-12.00
  [diag] sat-dist hist bins=60 sat<0.05=0.0% mean=0.746 p10=0.625 p90=0.977
Iter 0004960: train nll 0.833, valid error 047.330%, best valid error 041.160%, avg grad norm  46.361, avg grad norm (post clip)   0.526, rho_Whh  1.14, Omega  0.00, alpha  1.000, steps in the past 0.000, valid nll 0.827
  [diag] log10|dL/dh_t| hist bins=60 range=(-12.50,-11.50) mean=-12.00 p50=-12.00 p05=-12.00 p95=-12.00
  [diag] sat-dist hist bins=60 sat<0.05=0.0% mean=0.749 p10=0.605 p90=0.983
Iter 0004980: train nll 0.827, valid error 044.100%, best valid error 041.160%, avg grad norm  42.927, avg grad norm (post clip)   0.526, rho_Whh  1.14, Omega  0.00, alpha  1.000, steps in the past 0.000, valid nll 0.781
  [diag] log10|dL/dh_t| hist bins=60 range=(-12.50,-11.50) mean=-12.00 p50=-12.00 p05=-12.00 p95=-12.00
  [diag] sat-dist hist bins=60 sat<0.05=0.0% mean=0.748 p10=0.606 p90=0.980
Iter 0005000: train nll 0.826, valid error 047.070%, best valid error 041.160%, avg grad norm  43.616, avg grad norm (post clip)   0.526, rho_Whh  1.14, Omega  0.00, alpha  1.000, steps in the past 0.000, valid nll 0.800
  [diag] log10|dL/dh_t| hist bins=60 range=(-12.50,-11.50) mean=-12.00 p50=-12.00 p05=-12.00 p95=-12.00
  [diag] sat-dist hist bins=60 sat<0.05=0.0% mean=0.744 p10=0.639 p90=0.979
Iter 0005020: train nll 0.820, valid error 048.550%, best valid error 041.160%, avg grad norm  36.261, avg grad norm (post clip)   0.526, rho_Whh  1.14, Omega  0.00, alpha  1.000, steps in the past 0.000, valid nll 0.837
  [diag] log10|dL/dh_t| hist bins=60 range=(-12.50,-11.50) mean=-12.00 p50=-12.00 p05=-12.00 p95=-12.00
  [diag] sat-dist hist bins=60 sat<0.05=0.0% mean=0.746 p10=0.610 p90=0.979
Iter 0005040: train nll 0.818, valid error 047.700%, best valid error 041.160%, avg grad norm  39.746, avg grad norm (post clip)   0.526, rho_Whh  1.14, Omega  0.00, alpha  1.000, steps in the past 0.000, valid nll 0.828
  [diag] log10|dL/dh_t| hist bins=60 range=(-12.50,-11.50) mean=-12.00 p50=-12.00 p05=-12.00 p95=-12.00
  [diag] sat-dist hist bins=60 sat<0.05=0.0% mean=0.747 p10=0.594 p90=0.983
Iter 0005060: train nll 0.818, valid error 043.110%, best valid error 041.160%, avg grad norm  43.131, avg grad norm (post clip)   0.526, rho_Whh  1.14, Omega  0.00, alpha  1.000, steps in the past 0.000, valid nll 0.784
  [diag] log10|dL/dh_t| hist bins=60 range=(-12.50,-11.50) mean=-12.00 p50=-12.00 p05=-12.00 p95=-12.00
  [diag] sat-dist hist bins=60 sat<0.05=0.0% mean=0.744 p10=0.617 p90=0.977
Iter 0005080: train nll 0.813, valid error 055.530%, best valid error 041.160%, avg grad norm  38.184, avg grad norm (post clip)   0.526, rho_Whh  1.14, Omega  0.00, alpha  1.000, steps in the past 0.000, valid nll 0.944
  [diag] log10|dL/dh_t| hist bins=60 range=(-12.50,-11.50) mean=-12.00 p50=-12.00 p05=-12.00 p95=-12.00
  [diag] sat-dist hist bins=60 sat<0.05=0.0% mean=0.745 p10=0.604 p90=0.980
Iter 0005100: train nll 0.810, valid error 050.290%, best valid error 041.160%, avg grad norm  35.357, avg grad norm (post clip)   0.526, rho_Whh  1.14, Omega  0.00, alpha  1.000, steps in the past 0.000, valid nll 0.849
  [diag] log10|dL/dh_t| hist bins=60 range=(-12.50,-11.50) mean=-12.00 p50=-12.00 p05=-12.00 p95=-12.00
  [diag] sat-dist hist bins=60 sat<0.05=0.0% mean=0.745 p10=0.601 p90=0.981
Iter 0005120: train nll 0.807, valid error 047.030%, best valid error 041.160%, avg grad norm  40.433, avg grad norm (post clip)   0.526, rho_Whh  1.14, Omega  0.00, alpha  1.000, steps in the past 0.000, valid nll 0.789
  [diag] log10|dL/dh_t| hist bins=60 range=(-12.50,-11.50) mean=-12.00 p50=-12.00 p05=-12.00 p95=-12.00
  [diag] sat-dist hist bins=60 sat<0.05=0.0% mean=0.743 p10=0.629 p90=0.981
Iter 0005140: train nll 0.812, valid error 052.010%, best valid error 041.160%, avg grad norm  32.311, avg grad norm (post clip)   0.526, rho_Whh  1.14, Omega  0.00, alpha  1.000, steps in the past 0.000, valid nll 0.861
  [diag] log10|dL/dh_t| hist bins=60 range=(-12.50,-11.50) mean=-12.00 p50=-12.00 p05=-12.00 p95=-12.00
  [diag] sat-dist hist bins=60 sat<0.05=0.0% mean=0.743 p10=0.610 p90=0.979
Iter 0005160: train nll 0.803, valid error 047.140%, best valid error 041.160%, avg grad norm  32.101, avg grad norm (post clip)   0.526, rho_Whh  1.14, Omega  0.00, alpha  1.000, steps in the past 0.000, valid nll 0.802
  [diag] log10|dL/dh_t| hist bins=60 range=(-12.50,-11.50) mean=-12.00 p50=-12.00 p05=-12.00 p95=-12.00
  [diag] sat-dist hist bins=60 sat<0.05=0.0% mean=0.744 p10=0.608 p90=0.982
Iter 0005180: train nll 0.824, valid error 047.290%, best valid error 041.160%, avg grad norm  36.800, avg grad norm (post clip)   0.526, rho_Whh  1.14, Omega  0.00, alpha  1.000, steps in the past 0.000, valid nll 0.792
  [diag] log10|dL/dh_t| hist bins=60 range=(-12.50,-11.50) mean=-12.00 p50=-12.00 p05=-12.00 p95=-12.00
  [diag] sat-dist hist bins=60 sat<0.05=0.0% mean=0.745 p10=0.607 p90=0.982
Iter 0005200: train nll 0.802, valid error 039.880%, best valid error 041.160%, avg grad norm  31.085, avg grad norm (post clip)   0.526, rho_Whh  1.14, Omega  0.00, alpha  1.000, steps in the past 0.000, valid nll 0.802
  [diag] log10|dL/dh_t| hist bins=60 range=(-12.50,-11.50) mean=-12.00 p50=-12.00 p05=-12.00 p95=-12.00
  [diag] sat-dist hist bins=60 sat<0.05=0.0% mean=0.743 p10=0.609 p90=0.982
Iter 0005220: train nll 0.822, valid error 046.970%, best valid error 039.880%, avg grad norm  40.789, avg grad norm (post clip)   0.526, rho_Whh  1.14, Omega  0.00, alpha  1.000, steps in the past 0.000, valid nll 0.780
  [diag] log10|dL/dh_t| hist bins=60 range=(-12.50,-11.50) mean=-12.00 p50=-12.00 p05=-12.00 p95=-12.00
  [diag] sat-dist hist bins=60 sat<0.05=0.0% mean=0.741 p10=0.633 p90=0.979
Iter 0005240: train nll 0.796, valid error 048.810%, best valid error 039.880%, avg grad norm  25.769, avg grad norm (post clip)   0.526, rho_Whh  1.14, Omega  0.00, alpha  1.000, steps in the past 0.000, valid nll 0.822
  [diag] log10|dL/dh_t| hist bins=60 range=(-12.50,-11.50) mean=-12.00 p50=-12.00 p05=-12.00 p95=-12.00
  [diag] sat-dist hist bins=60 sat<0.05=0.0% mean=0.742 p10=0.620 p90=0.981
Iter 0005260: train nll 0.812, valid error 048.950%, best valid error 039.880%, avg grad norm  38.122, avg grad norm (post clip)   0.526, rho_Whh  1.14, Omega  0.00, alpha  1.000, steps in the past 0.000, valid nll 0.812
  [diag] log10|dL/dh_t| hist bins=60 range=(-12.50,-11.50) mean=-12.00 p50=-12.00 p05=-12.00 p95=-12.00
  [diag] sat-dist hist bins=60 sat<0.05=0.0% mean=0.744 p10=0.592 p90=0.981
Iter 0005280: train nll 0.821, valid error 046.130%, best valid error 039.880%, avg grad norm  45.529, avg grad norm (post clip)   0.526, rho_Whh  1.14, Omega  0.00, alpha  1.000, steps in the past 0.000, valid nll 0.780
  [diag] log10|dL/dh_t| hist bins=60 range=(-12.50,-11.50) mean=-12.00 p50=-12.00 p05=-12.00 p95=-12.00
  [diag] sat-dist hist bins=60 sat<0.05=0.0% mean=0.744 p10=0.588 p90=0.983
Iter 0005300: train nll 0.809, valid error 041.420%, best valid error 039.880%, avg grad norm  37.281, avg grad norm (post clip)   0.526, rho_Whh  1.14, Omega  0.00, alpha  1.000, steps in the past 0.000, valid nll 0.763
  [diag] log10|dL/dh_t| hist bins=60 range=(-12.50,-11.50) mean=-12.00 p50=-12.00 p05=-12.00 p95=-12.00
  [diag] sat-dist hist bins=60 sat<0.05=0.0% mean=0.745 p10=0.587 p90=0.983
Iter 0005320: train nll 0.795, valid error 043.560%, best valid error 039.880%, avg grad norm  31.507, avg grad norm (post clip)   0.526, rho_Whh  1.14, Omega  0.00, alpha  1.000, steps in the past 0.000, valid nll 0.756
  [diag] log10|dL/dh_t| hist bins=60 range=(-12.50,-11.50) mean=-12.00 p50=-12.00 p05=-12.00 p95=-12.00
  [diag] sat-dist hist bins=60 sat<0.05=0.0% mean=0.741 p10=0.612 p90=0.982
Iter 0005340: train nll 0.794, valid error 047.530%, best valid error 039.880%, avg grad norm  34.248, avg grad norm (post clip)   0.526, rho_Whh  1.14, Omega  0.00, alpha  1.000, steps in the past 0.000, valid nll 0.778
  [diag] log10|dL/dh_t| hist bins=60 range=(-12.50,-11.50) mean=-12.00 p50=-12.00 p05=-12.00 p95=-12.00
  [diag] sat-dist hist bins=60 sat<0.05=0.0% mean=0.743 p10=0.589 p90=0.983
Iter 0005360: train nll 0.813, valid error 041.310%, best valid error 039.880%, avg grad norm  38.733, avg grad norm (post clip)   0.526, rho_Whh  1.14, Omega  0.00, alpha  1.000, steps in the past 0.000, valid nll 0.764
  [diag] log10|dL/dh_t| hist bins=60 range=(-12.50,-11.50) mean=-12.00 p50=-12.00 p05=-12.00 p95=-12.00
  [diag] sat-dist hist bins=60 sat<0.05=0.0% mean=0.738 p10=0.637 p90=0.978
Iter 0005380: train nll 0.790, valid error 056.100%, best valid error 039.880%, avg grad norm  28.571, avg grad norm (post clip)   0.526, rho_Whh  1.14, Omega  0.00, alpha  1.000, steps in the past 0.000, valid nll 0.936
  [diag] log10|dL/dh_t| hist bins=60 range=(-12.50,-11.50) mean=-12.00 p50=-12.00 p05=-12.00 p95=-12.00
  [diag] sat-dist hist bins=60 sat<0.05=0.0% mean=0.742 p10=0.600 p90=0.983
Iter 0005400: train nll 0.840, valid error 046.250%, best valid error 039.880%, avg grad norm  55.886, avg grad norm (post clip)   0.526, rho_Whh  1.14, Omega  0.00, alpha  1.000, steps in the past 0.000, valid nll 0.768
  [diag] log10|dL/dh_t| hist bins=60 range=(-12.50,-11.50) mean=-12.00 p50=-12.00 p05=-12.00 p95=-12.00
  [diag] sat-dist hist bins=60 sat<0.05=0.0% mean=0.740 p10=0.609 p90=0.981
Iter 0005420: train nll 0.806, valid error 047.220%, best valid error 039.880%, avg grad norm  38.556, avg grad norm (post clip)   0.526, rho_Whh  1.14, Omega  0.00, alpha  1.000, steps in the past 0.000, valid nll 0.776
  [diag] log10|dL/dh_t| hist bins=60 range=(-12.50,-11.50) mean=-12.00 p50=-12.00 p05=-12.00 p95=-12.00
  [diag] sat-dist hist bins=60 sat<0.05=0.0% mean=0.742 p10=0.587 p90=0.981
Iter 0005440: train nll 0.788, valid error 047.090%, best valid error 039.880%, avg grad norm  31.165, avg grad norm (post clip)   0.526, rho_Whh  1.14, Omega  0.00, alpha  1.000, steps in the past 0.000, valid nll 0.777
  [diag] log10|dL/dh_t| hist bins=60 range=(-12.50,-11.50) mean=-12.00 p50=-12.00 p05=-12.00 p95=-12.00
  [diag] sat-dist hist bins=60 sat<0.05=0.0% mean=0.741 p10=0.593 p90=0.980
Iter 0005460: train nll 0.795, valid error 050.810%, best valid error 039.880%, avg grad norm  34.932, avg grad norm (post clip)   0.526, rho_Whh  1.14, Omega  0.00, alpha  1.000, steps in the past 0.000, valid nll 0.843
  [diag] log10|dL/dh_t| hist bins=60 range=(-12.50,-11.50) mean=-12.00 p50=-12.00 p05=-12.00 p95=-12.00
  [diag] sat-dist hist bins=60 sat<0.05=0.0% mean=0.740 p10=0.592 p90=0.981
Iter 0005480: train nll 0.814, valid error 046.490%, best valid error 039.880%, avg grad norm  63.511, avg grad norm (post clip)   0.526, rho_Whh  1.14, Omega  0.00, alpha  1.000, steps in the past 0.000, valid nll 0.771
  [diag] log10|dL/dh_t| hist bins=60 range=(-12.50,-11.50) mean=-12.00 p50=-12.00 p05=-12.00 p95=-12.00
  [diag] sat-dist hist bins=60 sat<0.05=0.0% mean=0.742 p10=0.585 p90=0.983
Iter 0005500: train nll 0.796, valid error 043.210%, best valid error 039.880%, avg grad norm  36.037, avg grad norm (post clip)   0.526, rho_Whh  1.14, Omega  0.00, alpha  1.000, steps in the past 0.000, valid nll 0.756
  [diag] log10|dL/dh_t| hist bins=60 range=(-12.50,-11.50) mean=-12.00 p50=-12.00 p05=-12.00 p95=-12.00
  [diag] sat-dist hist bins=60 sat<0.05=0.0% mean=0.740 p10=0.588 p90=0.982
Iter 0005520: train nll 0.808, valid error 046.110%, best valid error 039.880%, avg grad norm  47.944, avg grad norm (post clip)   0.526, rho_Whh  1.14, Omega  0.00, alpha  1.000, steps in the past 0.000, valid nll 0.770
  [diag] log10|dL/dh_t| hist bins=60 range=(-12.50,-11.50) mean=-12.00 p50=-12.00 p05=-12.00 p95=-12.00
  [diag] sat-dist hist bins=60 sat<0.05=0.0% mean=0.741 p10=0.588 p90=0.980
Iter 0005540: train nll 0.823, valid error 046.110%, best valid error 039.880%, avg grad norm  46.737, avg grad norm (post clip)   0.526, rho_Whh  1.15, Omega  0.00, alpha  1.000, steps in the past 0.000, valid nll 0.762
  [diag] log10|dL/dh_t| hist bins=60 range=(-12.50,-11.50) mean=-12.00 p50=-12.00 p05=-12.00 p95=-12.00
  [diag] sat-dist hist bins=60 sat<0.05=0.0% mean=0.739 p10=0.586 p90=0.982
Iter 0005560: train nll 0.775, valid error 046.540%, best valid error 039.880%, avg grad norm  21.981, avg grad norm (post clip)   0.526, rho_Whh  1.15, Omega  0.00, alpha  1.000, steps in the past 0.000, valid nll 0.766
  [diag] log10|dL/dh_t| hist bins=60 range=(-12.50,-11.50) mean=-12.00 p50=-12.00 p05=-12.00 p95=-12.00
  [diag] sat-dist hist bins=60 sat<0.05=0.0% mean=0.741 p10=0.583 p90=0.982
Iter 0005580: train nll 0.778, valid error 050.880%, best valid error 039.880%, avg grad norm  22.936, avg grad norm (post clip)   0.526, rho_Whh  1.14, Omega  0.00, alpha  1.000, steps in the past 0.000, valid nll 0.945
  [diag] log10|dL/dh_t| hist bins=60 range=(-12.50,-11.50) mean=-12.00 p50=-12.00 p05=-12.00 p95=-12.00
  [diag] sat-dist hist bins=60 sat<0.05=0.0% mean=0.738 p10=0.595 p90=0.979
Iter 0005600: train nll 0.794, valid error 046.760%, best valid error 039.880%, avg grad norm  42.285, avg grad norm (post clip)   0.526, rho_Whh  1.14, Omega  0.00, alpha  1.000, steps in the past 0.000, valid nll 0.777
  [diag] log10|dL/dh_t| hist bins=60 range=(-12.50,-11.50) mean=-12.00 p50=-12.00 p05=-12.00 p95=-12.00
  [diag] sat-dist hist bins=60 sat<0.05=0.0% mean=0.736 p10=0.606 p90=0.977
Iter 0005620: train nll 0.795, valid error 054.200%, best valid error 039.880%, avg grad norm  39.101, avg grad norm (post clip)   0.526, rho_Whh  1.15, Omega  0.00, alpha  1.000, steps in the past 0.000, valid nll 0.891
  [diag] log10|dL/dh_t| hist bins=60 range=(-12.50,-11.50) mean=-12.00 p50=-12.00 p05=-12.00 p95=-12.00
  [diag] sat-dist hist bins=60 sat<0.05=0.0% mean=0.737 p10=0.587 p90=0.981
Iter 0005640: train nll 0.830, valid error 047.040%, best valid error 039.880%, avg grad norm  50.805, avg grad norm (post clip)   0.526, rho_Whh  1.15, Omega  0.00, alpha  1.000, steps in the past 0.000, valid nll 0.770
  [diag] log10|dL/dh_t| hist bins=60 range=(-12.50,-11.50) mean=-12.00 p50=-12.00 p05=-12.00 p95=-12.00
  [diag] sat-dist hist bins=60 sat<0.05=0.0% mean=0.738 p10=0.582 p90=0.982
Iter 0005660: train nll 0.770, valid error 046.630%, best valid error 039.880%, avg grad norm  23.723, avg grad norm (post clip)   0.526, rho_Whh  1.14, Omega  0.00, alpha  1.000, steps in the past 0.000, valid nll 0.765
  [diag] log10|dL/dh_t| hist bins=60 range=(-12.50,-11.50) mean=-12.00 p50=-12.00 p05=-12.00 p95=-12.00
  [diag] sat-dist hist bins=60 sat<0.05=0.0% mean=0.735 p10=0.602 p90=0.977
Iter 0005680: train nll 0.800, valid error 057.190%, best valid error 039.880%, avg grad norm  43.448, avg grad norm (post clip)   0.526, rho_Whh  1.15, Omega  0.00, alpha  1.000, steps in the past 0.000, valid nll 0.956
  [diag] log10|dL/dh_t| hist bins=60 range=(-12.50,-11.50) mean=-12.00 p50=-12.00 p05=-12.00 p95=-12.00
  [diag] sat-dist hist bins=60 sat<0.05=0.0% mean=0.733 p10=0.629 p90=0.978
Iter 0005700: train nll 0.794, valid error 054.220%, best valid error 039.880%, avg grad norm  39.942, avg grad norm (post clip)   0.526, rho_Whh  1.15, Omega  0.00, alpha  1.000, steps in the past 0.000, valid nll 0.892
  [diag] log10|dL/dh_t| hist bins=60 range=(-12.50,-11.50) mean=-12.00 p50=-12.00 p05=-12.00 p95=-12.00
  [diag] sat-dist hist bins=60 sat<0.05=0.0% mean=0.737 p10=0.580 p90=0.983
Iter 0005720: train nll 0.795, valid error 042.420%, best valid error 039.880%, avg grad norm  39.093, avg grad norm (post clip)   0.526, rho_Whh  1.15, Omega  0.00, alpha  1.000, steps in the past 0.000, valid nll 0.753
  [diag] log10|dL/dh_t| hist bins=60 range=(-12.50,-11.50) mean=-12.00 p50=-12.00 p05=-12.00 p95=-12.00
  [diag] sat-dist hist bins=60 sat<0.05=0.0% mean=0.736 p10=0.576 p90=0.983
Iter 0005740: train nll 0.792, valid error 042.970%, best valid error 039.880%, avg grad norm  36.897, avg grad norm (post clip)   0.526, rho_Whh  1.15, Omega  0.00, alpha  1.000, steps in the past 0.000, valid nll 0.743
  [diag] log10|dL/dh_t| hist bins=60 range=(-12.50,-11.50) mean=-12.00 p50=-12.00 p05=-12.00 p95=-12.00
  [diag] sat-dist hist bins=60 sat<0.05=0.0% mean=0.736 p10=0.593 p90=0.979
Iter 0005760: train nll 0.791, valid error 047.760%, best valid error 039.880%, avg grad norm  37.062, avg grad norm (post clip)   0.526, rho_Whh  1.15, Omega  0.00, alpha  1.000, steps in the past 0.000, valid nll 0.769
  [diag] log10|dL/dh_t| hist bins=60 range=(-12.50,-11.50) mean=-12.00 p50=-12.00 p05=-12.00 p95=-12.00
  [diag] sat-dist hist bins=60 sat<0.05=0.0% mean=0.734 p10=0.586 p90=0.980
Iter 0005780: train nll 0.779, valid error 047.600%, best valid error 039.880%, avg grad norm  31.491, avg grad norm (post clip)   0.526, rho_Whh  1.15, Omega  0.00, alpha  1.000, steps in the past 0.000, valid nll 0.779
  [diag] log10|dL/dh_t| hist bins=60 range=(-12.50,-11.50) mean=-12.00 p50=-12.00 p05=-12.00 p95=-12.00
  [diag] sat-dist hist bins=60 sat<0.05=0.0% mean=0.734 p10=0.593 p90=0.978
Iter 0005800: train nll 0.776, valid error 051.220%, best valid error 039.880%, avg grad norm  31.147, avg grad norm (post clip)   0.526, rho_Whh  1.15, Omega  0.00, alpha  1.000, steps in the past 0.000, valid nll 0.829
  [diag] log10|dL/dh_t| hist bins=60 range=(-12.50,-11.50) mean=-12.00 p50=-12.00 p05=-12.00 p95=-12.00
  [diag] sat-dist hist bins=60 sat<0.05=0.0% mean=0.731 p10=0.621 p90=0.979
Iter 0005820: train nll 0.789, valid error 052.210%, best valid error 039.880%, avg grad norm  37.584, avg grad norm (post clip)   0.526, rho_Whh  1.15, Omega  0.00, alpha  1.000, steps in the past 0.000, valid nll 0.851
  [diag] log10|dL/dh_t| hist bins=60 range=(-12.50,-11.50) mean=-12.00 p50=-12.00 p05=-12.00 p95=-12.00
  [diag] sat-dist hist bins=60 sat<0.05=0.0% mean=0.733 p10=0.588 p90=0.983
Iter 0005840: train nll 0.800, valid error 046.810%, best valid error 039.880%, avg grad norm  36.431, avg grad norm (post clip)   0.526, rho_Whh  1.15, Omega  0.00, alpha  1.000, steps in the past 0.000, valid nll 0.754
  [diag] log10|dL/dh_t| hist bins=60 range=(-12.50,-11.50) mean=-12.00 p50=-12.00 p05=-12.00 p95=-12.00
  [diag] sat-dist hist bins=60 sat<0.05=0.0% mean=0.738 p10=0.571 p90=0.982
Iter 0005860: train nll 0.793, valid error 050.050%, best valid error 039.880%, avg grad norm  38.195, avg grad norm (post clip)   0.526, rho_Whh  1.15, Omega  0.00, alpha  1.000, steps in the past 0.000, valid nll 0.828
  [diag] log10|dL/dh_t| hist bins=60 range=(-12.50,-11.50) mean=-12.00 p50=-12.00 p05=-12.00 p95=-12.00
  [diag] sat-dist hist bins=60 sat<0.05=0.0% mean=0.728 p10=0.629 p90=0.977
Iter 0005880: train nll 0.803, valid error 052.780%, best valid error 039.880%, avg grad norm  47.108, avg grad norm (post clip)   0.526, rho_Whh  1.15, Omega  0.00, alpha  1.000, steps in the past 0.000, valid nll 0.865
  [diag] log10|dL/dh_t| hist bins=60 range=(-12.50,-11.50) mean=-12.00 p50=-12.00 p05=-12.00 p95=-12.00
  [diag] sat-dist hist bins=60 sat<0.05=0.0% mean=0.732 p10=0.592 p90=0.978
Iter 0005900: train nll 0.777, valid error 055.780%, best valid error 039.880%, avg grad norm  32.874, avg grad norm (post clip)   0.526, rho_Whh  1.15, Omega  0.00, alpha  1.000, steps in the past 0.000, valid nll 0.931
  [diag] log10|dL/dh_t| hist bins=60 range=(-12.50,-11.50) mean=-12.00 p50=-12.00 p05=-12.00 p95=-12.00
  [diag] sat-dist hist bins=60 sat<0.05=0.0% mean=0.731 p10=0.593 p90=0.982
Iter 0005920: train nll 0.827, valid error 046.860%, best valid error 039.880%, avg grad norm  54.686, avg grad norm (post clip)   0.526, rho_Whh  1.15, Omega  0.00, alpha  1.000, steps in the past 0.000, valid nll 0.763
  [diag] log10|dL/dh_t| hist bins=60 range=(-12.50,-11.50) mean=-12.00 p50=-12.00 p05=-12.00 p95=-12.00
  [diag] sat-dist hist bins=60 sat<0.05=0.0% mean=0.732 p10=0.571 p90=0.982
Iter 0005940: train nll 0.786, valid error 045.300%, best valid error 039.880%, avg grad norm  39.888, avg grad norm (post clip)   0.526, rho_Whh  1.15, Omega  0.00, alpha  1.000, steps in the past 0.000, valid nll 0.743
  [diag] log10|dL/dh_t| hist bins=60 range=(-12.50,-11.50) mean=-12.00 p50=-12.00 p05=-12.00 p95=-12.00
  [diag] sat-dist hist bins=60 sat<0.05=0.0% mean=0.732 p10=0.574 p90=0.983
Iter 0005960: train nll 0.799, valid error 043.150%, best valid error 039.880%, avg grad norm  54.284, avg grad norm (post clip)   0.526, rho_Whh  1.15, Omega  0.00, alpha  1.000, steps in the past 0.000, valid nll 0.744
  [diag] log10|dL/dh_t| hist bins=60 range=(-12.50,-11.50) mean=-12.00 p50=-12.00 p05=-12.00 p95=-12.00
  [diag] sat-dist hist bins=60 sat<0.05=0.0% mean=0.730 p10=0.601 p90=0.981
Iter 0005980: train nll 0.769, valid error 047.200%, best valid error 039.880%, avg grad norm  31.444, avg grad norm (post clip)   0.526, rho_Whh  1.15, Omega  0.00, alpha  1.000, steps in the past 0.000, valid nll 0.769
  [diag] log10|dL/dh_t| hist bins=60 range=(-12.50,-11.50) mean=-12.00 p50=-12.00 p05=-12.00 p95=-12.00
  [diag] sat-dist hist bins=60 sat<0.05=0.0% mean=0.730 p10=0.596 p90=0.982
Iter 0006000: train nll 0.775, valid error 047.310%, best valid error 039.880%, avg grad norm  37.418, avg grad norm (post clip)   0.526, rho_Whh  1.15, Omega  0.00, alpha  1.000, steps in the past 0.000, valid nll 0.757
  [diag] log10|dL/dh_t| hist bins=60 range=(-12.50,-11.50) mean=-12.00 p50=-12.00 p05=-12.00 p95=-12.00
  [diag] sat-dist hist bins=60 sat<0.05=0.0% mean=0.731 p10=0.583 p90=0.983
Iter 0006020: train nll 0.772, valid error 046.400%, best valid error 039.880%, avg grad norm  31.958, avg grad norm (post clip)   0.526, rho_Whh  1.15, Omega  0.00, alpha  1.000, steps in the past 0.000, valid nll 0.749
  [diag] log10|dL/dh_t| hist bins=60 range=(-12.50,-11.50) mean=-12.00 p50=-12.00 p05=-12.00 p95=-12.00
  [diag] sat-dist hist bins=60 sat<0.05=0.0% mean=0.728 p10=0.603 p90=0.976
Iter 0006040: train nll 0.790, valid error 055.830%, best valid error 039.880%, avg grad norm  33.505, avg grad norm (post clip)   0.526, rho_Whh  1.15, Omega  0.00, alpha  1.000, steps in the past 0.000, valid nll 0.942
  [diag] log10|dL/dh_t| hist bins=60 range=(-12.50,-11.50) mean=-12.00 p50=-12.00 p05=-12.00 p95=-12.00
  [diag] sat-dist hist bins=60 sat<0.05=0.0% mean=0.731 p10=0.572 p90=0.982
Iter 0006060: train nll 0.805, valid error 046.350%, best valid error 039.880%, avg grad norm  50.522, avg grad norm (post clip)   0.526, rho_Whh  1.15, Omega  0.00, alpha  1.000, steps in the past 0.000, valid nll 0.760
  [diag] log10|dL/dh_t| hist bins=60 range=(-12.50,-11.50) mean=-12.00 p50=-12.00 p05=-12.00 p95=-12.00
  [diag] sat-dist hist bins=60 sat<0.05=0.0% mean=0.728 p10=0.607 p90=0.979
Iter 0006080: train nll 0.780, valid error 047.790%, best valid error 039.880%, avg grad norm  38.526, avg grad norm (post clip)   0.526, rho_Whh  1.15, Omega  0.00, alpha  1.000, steps in the past 0.000, valid nll 0.779
  [diag] log10|dL/dh_t| hist bins=60 range=(-12.50,-11.50) mean=-12.00 p50=-12.00 p05=-12.00 p95=-12.00
  [diag] sat-dist hist bins=60 sat<0.05=0.0% mean=0.728 p10=0.598 p90=0.976
Iter 0006100: train nll 0.770, valid error 048.640%, best valid error 039.880%, avg grad norm  34.274, avg grad norm (post clip)   0.526, rho_Whh  1.15, Omega  0.00, alpha  1.000, steps in the past 0.000, valid nll 0.808
  [diag] log10|dL/dh_t| hist bins=60 range=(-12.50,-11.50) mean=-12.00 p50=-12.00 p05=-12.00 p95=-12.00
  [diag] sat-dist hist bins=60 sat<0.05=0.0% mean=0.731 p10=0.573 p90=0.983
Iter 0006120: train nll 0.794, valid error 046.180%, best valid error 039.880%, avg grad norm  46.410, avg grad norm (post clip)   0.526, rho_Whh  1.15, Omega  0.00, alpha  1.000, steps in the past 0.000, valid nll 0.738
  [diag] log10|dL/dh_t| hist bins=60 range=(-12.50,-11.50) mean=-12.00 p50=-12.00 p05=-12.00 p95=-12.00
  [diag] sat-dist hist bins=60 sat<0.05=0.0% mean=0.729 p10=0.585 p90=0.982
Iter 0006140: train nll 0.784, valid error 047.130%, best valid error 039.880%, avg grad norm  44.788, avg grad norm (post clip)   0.526, rho_Whh  1.15, Omega  0.00, alpha  1.000, steps in the past 0.000, valid nll 0.749
  [diag] log10|dL/dh_t| hist bins=60 range=(-12.50,-11.50) mean=-12.00 p50=-12.00 p05=-12.00 p95=-12.00
  [diag] sat-dist hist bins=60 sat<0.05=0.0% mean=0.731 p10=0.579 p90=0.983
Iter 0006160: train nll 0.763, valid error 046.880%, best valid error 039.880%, avg grad norm  25.870, avg grad norm (post clip)   0.526, rho_Whh  1.15, Omega  0.00, alpha  1.000, steps in the past 0.000, valid nll 0.740
  [diag] log10|dL/dh_t| hist bins=60 range=(-12.50,-11.50) mean=-12.00 p50=-12.00 p05=-12.00 p95=-12.00
  [diag] sat-dist hist bins=60 sat<0.05=0.0% mean=0.729 p10=0.594 p90=0.982
Iter 0006180: train nll 0.768, valid error 046.590%, best valid error 039.880%, avg grad norm  36.997, avg grad norm (post clip)   0.526, rho_Whh  1.15, Omega  0.00, alpha  1.000, steps in the past 0.000, valid nll 0.748
  [diag] log10|dL/dh_t| hist bins=60 range=(-12.50,-11.50) mean=-12.00 p50=-12.00 p05=-12.00 p95=-12.00
  [diag] sat-dist hist bins=60 sat<0.05=0.0% mean=0.728 p10=0.597 p90=0.981
Iter 0006200: train nll 0.757, valid error 046.870%, best valid error 039.880%, avg grad norm  29.114, avg grad norm (post clip)   0.526, rho_Whh  1.15, Omega  0.00, alpha  1.000, steps in the past 0.000, valid nll 0.750
  [diag] log10|dL/dh_t| hist bins=60 range=(-12.50,-11.50) mean=-12.00 p50=-12.00 p05=-12.00 p95=-12.00
  [diag] sat-dist hist bins=60 sat<0.05=0.0% mean=0.726 p10=0.617 p90=0.978
Iter 0006220: train nll 0.789, valid error 048.160%, best valid error 039.880%, avg grad norm  45.475, avg grad norm (post clip)   0.526, rho_Whh  1.15, Omega  0.00, alpha  1.000, steps in the past 0.000, valid nll 0.791
  [diag] log10|dL/dh_t| hist bins=60 range=(-12.50,-11.50) mean=-12.00 p50=-12.00 p05=-12.00 p95=-12.00
  [diag] sat-dist hist bins=60 sat<0.05=0.0% mean=0.729 p10=0.583 p90=0.982
Iter 0006240: train nll 0.766, valid error 047.370%, best valid error 039.880%, avg grad norm  28.318, avg grad norm (post clip)   0.526, rho_Whh  1.15, Omega  0.00, alpha  1.000, steps in the past 0.000, valid nll 0.743
  [diag] log10|dL/dh_t| hist bins=60 range=(-12.50,-11.50) mean=-12.00 p50=-12.00 p05=-12.00 p95=-12.00
  [diag] sat-dist hist bins=60 sat<0.05=0.0% mean=0.728 p10=0.585 p90=0.982
Iter 0006260: train nll 0.779, valid error 048.140%, best valid error 039.880%, avg grad norm  42.557, avg grad norm (post clip)   0.526, rho_Whh  1.15, Omega  0.00, alpha  1.000, steps in the past 0.000, valid nll 0.776
  [diag] log10|dL/dh_t| hist bins=60 range=(-12.50,-11.50) mean=-12.00 p50=-12.00 p05=-12.00 p95=-12.00
  [diag] sat-dist hist bins=60 sat<0.05=0.0% mean=0.730 p10=0.569 p90=0.983
Iter 0006280: train nll 0.765, valid error 041.690%, best valid error 039.880%, avg grad norm  35.892, avg grad norm (post clip)   0.526, rho_Whh  1.15, Omega  0.00, alpha  1.000, steps in the past 0.000, valid nll 0.730
  [diag] log10|dL/dh_t| hist bins=60 range=(-12.50,-11.50) mean=-12.00 p50=-12.00 p05=-12.00 p95=-12.00
  [diag] sat-dist hist bins=60 sat<0.05=0.0% mean=0.724 p10=0.600 p90=0.975
Iter 0006300: train nll 0.810, valid error 053.530%, best valid error 039.880%, avg grad norm  63.046, avg grad norm (post clip)   0.526, rho_Whh  1.15, Omega  0.00, alpha  1.000, steps in the past 0.000, valid nll 0.870
  [diag] log10|dL/dh_t| hist bins=60 range=(-12.50,-11.50) mean=-12.00 p50=-12.00 p05=-12.00 p95=-12.00
  [diag] sat-dist hist bins=60 sat<0.05=0.0% mean=0.729 p10=0.562 p90=0.983
Iter 0006320: train nll 0.774, valid error 040.810%, best valid error 039.880%, avg grad norm  36.497, avg grad norm (post clip)   0.526, rho_Whh  1.15, Omega  0.00, alpha  1.000, steps in the past 0.000, valid nll 0.725
  [diag] log10|dL/dh_t| hist bins=60 range=(-12.50,-11.50) mean=-12.00 p50=-12.00 p05=-12.00 p95=-12.00
  [diag] sat-dist hist bins=60 sat<0.05=0.0% mean=0.731 p10=0.572 p90=0.983
Iter 0006340: train nll 0.765, valid error 040.640%, best valid error 039.880%, avg grad norm  32.563, avg grad norm (post clip)   0.526, rho_Whh  1.15, Omega  0.00, alpha  1.000, steps in the past 0.000, valid nll 0.749
  [diag] log10|dL/dh_t| hist bins=60 range=(-12.50,-11.50) mean=-12.00 p50=-12.00 p05=-12.00 p95=-12.00
  [diag] sat-dist hist bins=60 sat<0.05=0.0% mean=0.727 p10=0.572 p90=0.983
Iter 0006360: train nll 0.807, valid error 046.100%, best valid error 039.880%, avg grad norm  59.590, avg grad norm (post clip)   0.526, rho_Whh  1.15, Omega  0.00, alpha  1.000, steps in the past 0.000, valid nll 0.735
  [diag] log10|dL/dh_t| hist bins=60 range=(-12.50,-11.50) mean=-12.00 p50=-12.00 p05=-12.00 p95=-12.00
  [diag] sat-dist hist bins=60 sat<0.05=0.0% mean=0.728 p10=0.578 p90=0.982
Iter 0006380: train nll 0.758, valid error 046.650%, best valid error 039.880%, avg grad norm  29.865, avg grad norm (post clip)   0.526, rho_Whh  1.15, Omega  0.00, alpha  1.000, steps in the past 0.000, valid nll 0.762
  [diag] log10|dL/dh_t| hist bins=60 range=(-12.50,-11.50) mean=-12.00 p50=-12.00 p05=-12.00 p95=-12.00
  [diag] sat-dist hist bins=60 sat<0.05=0.0% mean=0.727 p10=0.565 p90=0.981
Iter 0006400: train nll 0.783, valid error 046.210%, best valid error 039.880%, avg grad norm  38.566, avg grad norm (post clip)   0.526, rho_Whh  1.15, Omega  0.00, alpha  1.000, steps in the past 0.000, valid nll 0.738
  [diag] log10|dL/dh_t| hist bins=60 range=(-12.50,-11.50) mean=-12.00 p50=-12.00 p05=-12.00 p95=-12.00
  [diag] sat-dist hist bins=60 sat<0.05=0.0% mean=0.725 p10=0.574 p90=0.979
Iter 0006420: train nll 0.773, valid error 046.300%, best valid error 039.880%, avg grad norm  40.611, avg grad norm (post clip)   0.526, rho_Whh  1.15, Omega  0.00, alpha  1.000, steps in the past 0.000, valid nll 0.749
  [diag] log10|dL/dh_t| hist bins=60 range=(-12.50,-11.50) mean=-12.00 p50=-12.00 p05=-12.00 p95=-12.00
  [diag] sat-dist hist bins=60 sat<0.05=0.0% mean=0.726 p10=0.566 p90=0.981
Iter 0006440: train nll 0.760, valid error 046.260%, best valid error 039.880%, avg grad norm  33.371, avg grad norm (post clip)   0.526, rho_Whh  1.15, Omega  0.00, alpha  1.000, steps in the past 0.000, valid nll 0.738
  [diag] log10|dL/dh_t| hist bins=60 range=(-12.50,-11.50) mean=-12.00 p50=-12.00 p05=-12.00 p95=-12.00
  [diag] sat-dist hist bins=60 sat<0.05=0.0% mean=0.727 p10=0.570 p90=0.983
Iter 0006460: train nll 0.764, valid error 043.970%, best valid error 039.880%, avg grad norm  28.009, avg grad norm (post clip)   0.526, rho_Whh  1.15, Omega  0.00, alpha  1.000, steps in the past 0.000, valid nll 0.730
  [diag] log10|dL/dh_t| hist bins=60 range=(-12.50,-11.50) mean=-12.00 p50=-12.00 p05=-12.00 p95=-12.00
  [diag] sat-dist hist bins=60 sat<0.05=0.0% mean=0.728 p10=0.565 p90=0.981
Iter 0006480: train nll 0.761, valid error 045.930%, best valid error 039.880%, avg grad norm  29.116, avg grad norm (post clip)   0.526, rho_Whh  1.15, Omega  0.00, alpha  1.000, steps in the past 0.000, valid nll 0.729
  [diag] log10|dL/dh_t| hist bins=60 range=(-12.50,-11.50) mean=-12.00 p50=-12.00 p05=-12.00 p95=-12.00
  [diag] sat-dist hist bins=60 sat<0.05=0.0% mean=0.728 p10=0.565 p90=0.983
Iter 0006500: train nll 0.763, valid error 041.320%, best valid error 039.880%, avg grad norm  34.296, avg grad norm (post clip)   0.526, rho_Whh  1.15, Omega  0.00, alpha  1.000, steps in the past 0.000, valid nll 0.722
  [diag] log10|dL/dh_t| hist bins=60 range=(-12.50,-11.50) mean=-12.00 p50=-12.00 p05=-12.00 p95=-12.00
  [diag] sat-dist hist bins=60 sat<0.05=0.0% mean=0.722 p10=0.600 p90=0.979
Iter 0006520: train nll 0.760, valid error 048.660%, best valid error 039.880%, avg grad norm  30.284, avg grad norm (post clip)   0.526, rho_Whh  1.15, Omega  0.00, alpha  1.000, steps in the past 0.000, valid nll 0.783
  [diag] log10|dL/dh_t| hist bins=60 range=(-12.50,-11.50) mean=-12.00 p50=-12.00 p05=-12.00 p95=-12.00
  [diag] sat-dist hist bins=60 sat<0.05=0.0% mean=0.722 p10=0.609 p90=0.977
Iter 0006540: train nll 0.757, valid error 046.460%, best valid error 039.880%, avg grad norm  28.509, avg grad norm (post clip)   0.526, rho_Whh  1.15, Omega  0.00, alpha  1.000, steps in the past 0.000, valid nll 0.767
  [diag] log10|dL/dh_t| hist bins=60 range=(-12.50,-11.50) mean=-12.00 p50=-12.00 p05=-12.00 p95=-12.00
  [diag] sat-dist hist bins=60 sat<0.05=0.0% mean=0.727 p10=0.563 p90=0.983
Iter 0006560: train nll 0.789, valid error 040.340%, best valid error 039.880%, avg grad norm  45.004, avg grad norm (post clip)   0.526, rho_Whh  1.15, Omega  0.00, alpha  1.000, steps in the past 0.000, valid nll 0.721
  [diag] log10|dL/dh_t| hist bins=60 range=(-12.50,-11.50) mean=-12.00 p50=-12.00 p05=-12.00 p95=-12.00
  [diag] sat-dist hist bins=60 sat<0.05=0.0% mean=0.726 p10=0.574 p90=0.983
Iter 0006580: train nll 0.764, valid error 046.620%, best valid error 039.880%, avg grad norm  30.824, avg grad norm (post clip)   0.526, rho_Whh  1.15, Omega  0.00, alpha  1.000, steps in the past 0.000, valid nll 0.742
  [diag] log10|dL/dh_t| hist bins=60 range=(-12.50,-11.50) mean=-12.00 p50=-12.00 p05=-12.00 p95=-12.00
  [diag] sat-dist hist bins=60 sat<0.05=0.0% mean=0.725 p10=0.572 p90=0.983
Iter 0006600: train nll 0.787, valid error 044.250%, best valid error 039.880%, avg grad norm  48.432, avg grad norm (post clip)   0.526, rho_Whh  1.15, Omega  0.00, alpha  1.000, steps in the past 0.000, valid nll 0.728
  [diag] log10|dL/dh_t| hist bins=60 range=(-12.50,-11.50) mean=-12.00 p50=-12.00 p05=-12.00 p95=-12.00
  [diag] sat-dist hist bins=60 sat<0.05=0.0% mean=0.725 p10=0.563 p90=0.983
Iter 0006620: train nll 0.781, valid error 045.880%, best valid error 039.880%, avg grad norm  45.502, avg grad norm (post clip)   0.526, rho_Whh  1.15, Omega  0.00, alpha  1.000, steps in the past 0.000, valid nll 0.738
  [diag] log10|dL/dh_t| hist bins=60 range=(-12.50,-11.50) mean=-12.00 p50=-12.00 p05=-12.00 p95=-12.00
  [diag] sat-dist hist bins=60 sat<0.05=0.0% mean=0.724 p10=0.571 p90=0.979
Iter 0006640: train nll 0.764, valid error 046.600%, best valid error 039.880%, avg grad norm  37.181, avg grad norm (post clip)   0.526, rho_Whh  1.15, Omega  0.00, alpha  1.000, steps in the past 0.000, valid nll 0.750
  [diag] log10|dL/dh_t| hist bins=60 range=(-12.50,-11.50) mean=-12.00 p50=-12.00 p05=-12.00 p95=-12.00
  [diag] sat-dist hist bins=60 sat<0.05=0.0% mean=0.724 p10=0.568 p90=0.983
Iter 0006660: train nll 0.764, valid error 045.830%, best valid error 039.880%, avg grad norm  29.267, avg grad norm (post clip)   0.526, rho_Whh  1.15, Omega  0.00, alpha  1.000, steps in the past 0.000, valid nll 0.734
  [diag] log10|dL/dh_t| hist bins=60 range=(-12.50,-11.50) mean=-12.00 p50=-12.00 p05=-12.00 p95=-12.00
  [diag] sat-dist hist bins=60 sat<0.05=0.0% mean=0.726 p10=0.566 p90=0.983
Iter 0006680: train nll 0.770, valid error 045.170%, best valid error 039.880%, avg grad norm  33.550, avg grad norm (post clip)   0.526, rho_Whh  1.14, Omega  0.00, alpha  1.000, steps in the past 0.000, valid nll 0.728
  [diag] log10|dL/dh_t| hist bins=60 range=(-12.50,-11.50) mean=-12.00 p50=-12.00 p05=-12.00 p95=-12.00
  [diag] sat-dist hist bins=60 sat<0.05=0.0% mean=0.726 p10=0.559 p90=0.983
Iter 0006700: train nll 0.765, valid error 041.220%, best valid error 039.880%, avg grad norm  32.313, avg grad norm (post clip)   0.526, rho_Whh  1.14, Omega  0.00, alpha  1.000, steps in the past 0.000, valid nll 0.720
  [diag] log10|dL/dh_t| hist bins=60 range=(-12.50,-11.50) mean=-12.00 p50=-12.00 p05=-12.00 p95=-12.00
  [diag] sat-dist hist bins=60 sat<0.05=0.0% mean=0.729 p10=0.560 p90=0.981
Iter 0006720: train nll 0.767, valid error 043.350%, best valid error 039.880%, avg grad norm  36.612, avg grad norm (post clip)   0.526, rho_Whh  1.14, Omega  0.00, alpha  1.000, steps in the past 0.000, valid nll 0.812
  [diag] log10|dL/dh_t| hist bins=60 range=(-12.50,-11.50) mean=-12.00 p50=-12.00 p05=-12.00 p95=-12.00
  [diag] sat-dist hist bins=60 sat<0.05=0.0% mean=0.726 p10=0.560 p90=0.983
Iter 0006740: train nll 0.784, valid error 045.590%, best valid error 039.880%, avg grad norm  46.257, avg grad norm (post clip)   0.526, rho_Whh  1.14, Omega  0.00, alpha  1.000, steps in the past 0.000, valid nll 0.727
  [diag] log10|dL/dh_t| hist bins=60 range=(-12.50,-11.50) mean=-12.00 p50=-12.00 p05=-12.00 p95=-12.00
  [diag] sat-dist hist bins=60 sat<0.05=0.0% mean=0.721 p10=0.607 p90=0.977
Iter 0006760: train nll 0.758, valid error 046.620%, best valid error 039.880%, avg grad norm  37.136, avg grad norm (post clip)   0.526, rho_Whh  1.14, Omega  0.00, alpha  1.000, steps in the past 0.000, valid nll 0.756
  [diag] log10|dL/dh_t| hist bins=60 range=(-12.50,-11.50) mean=-12.00 p50=-12.00 p05=-12.00 p95=-12.00
  [diag] sat-dist hist bins=60 sat<0.05=0.0% mean=0.724 p10=0.564 p90=0.981
Iter 0006780: train nll 0.761, valid error 046.010%, best valid error 039.880%, avg grad norm  37.242, avg grad norm (post clip)   0.526, rho_Whh  1.14, Omega  0.00, alpha  1.000, steps in the past 0.000, valid nll 0.732
  [diag] log10|dL/dh_t| hist bins=60 range=(-12.50,-11.50) mean=-12.00 p50=-12.00 p05=-12.00 p95=-12.00
  [diag] sat-dist hist bins=60 sat<0.05=0.0% mean=0.721 p10=0.583 p90=0.976
Iter 0006800: train nll 0.771, valid error 048.900%, best valid error 039.880%, avg grad norm  36.088, avg grad norm (post clip)   0.526, rho_Whh  1.15, Omega  0.00, alpha  1.000, steps in the past 0.000, valid nll 0.792
  [diag] log10|dL/dh_t| hist bins=60 range=(-12.50,-11.50) mean=-12.00 p50=-12.00 p05=-12.00 p95=-12.00
  [diag] sat-dist hist bins=60 sat<0.05=0.0% mean=0.722 p10=0.579 p90=0.981
Iter 0006820: train nll 0.755, valid error 045.700%, best valid error 039.880%, avg grad norm  31.451, avg grad norm (post clip)   0.526, rho_Whh  1.14, Omega  0.00, alpha  1.000, steps in the past 0.000, valid nll 0.729
  [diag] log10|dL/dh_t| hist bins=60 range=(-12.50,-11.50) mean=-12.00 p50=-12.00 p05=-12.00 p95=-12.00
  [diag] sat-dist hist bins=60 sat<0.05=0.0% mean=0.724 p10=0.578 p90=0.981
Iter 0006840: train nll 0.760, valid error 046.320%, best valid error 039.880%, avg grad norm  31.855, avg grad norm (post clip)   0.526, rho_Whh  1.14, Omega  0.00, alpha  1.000, steps in the past 0.000, valid nll 0.732
  [diag] log10|dL/dh_t| hist bins=60 range=(-12.50,-11.50) mean=-12.00 p50=-12.00 p05=-12.00 p95=-12.00
  [diag] sat-dist hist bins=60 sat<0.05=0.0% mean=0.724 p10=0.590 p90=0.980
Iter 0006860: train nll 0.770, valid error 052.560%, best valid error 039.880%, avg grad norm  30.065, avg grad norm (post clip)   0.526, rho_Whh  1.14, Omega  0.00, alpha  1.000, steps in the past 0.000, valid nll 0.855
  [diag] log10|dL/dh_t| hist bins=60 range=(-12.50,-11.50) mean=-12.00 p50=-12.00 p05=-12.00 p95=-12.00
  [diag] sat-dist hist bins=60 sat<0.05=0.0% mean=0.727 p10=0.572 p90=0.982
Iter 0006880: train nll 0.767, valid error 038.750%, best valid error 039.880%, avg grad norm  40.685, avg grad norm (post clip)   0.526, rho_Whh  1.14, Omega  0.00, alpha  1.000, steps in the past 0.000, valid nll 0.740
  [diag] log10|dL/dh_t| hist bins=60 range=(-12.50,-11.50) mean=-12.00 p50=-12.00 p05=-12.00 p95=-12.00
  [diag] sat-dist hist bins=60 sat<0.05=0.0% mean=0.725 p10=0.562 p90=0.982
Iter 0006900: train nll 0.778, valid error 045.580%, best valid error 038.750%, avg grad norm  57.822, avg grad norm (post clip)   0.526, rho_Whh  1.14, Omega  0.00, alpha  1.000, steps in the past 0.000, valid nll 0.724
  [diag] log10|dL/dh_t| hist bins=60 range=(-12.50,-11.50) mean=-12.00 p50=-12.00 p05=-12.00 p95=-12.00
  [diag] sat-dist hist bins=60 sat<0.05=0.0% mean=0.723 p10=0.586 p90=0.980
Iter 0006920: train nll 0.756, valid error 047.360%, best valid error 038.750%, avg grad norm  30.837, avg grad norm (post clip)   0.526, rho_Whh  1.14, Omega  0.00, alpha  1.000, steps in the past 0.000, valid nll 0.749
  [diag] log10|dL/dh_t| hist bins=60 range=(-12.50,-11.50) mean=-12.00 p50=-12.00 p05=-12.00 p95=-12.00
  [diag] sat-dist hist bins=60 sat<0.05=0.0% mean=0.726 p10=0.566 p90=0.982
Iter 0006940: train nll 0.782, valid error 041.350%, best valid error 038.750%, avg grad norm  39.470, avg grad norm (post clip)   0.526, rho_Whh  1.14, Omega  0.00, alpha  1.000, steps in the past 0.000, valid nll 0.715
  [diag] log10|dL/dh_t| hist bins=60 range=(-12.50,-11.50) mean=-12.00 p50=-12.00 p05=-12.00 p95=-12.00
  [diag] sat-dist hist bins=60 sat<0.05=0.0% mean=0.723 p10=0.585 p90=0.981
Iter 0006960: train nll 0.755, valid error 046.880%, best valid error 038.750%, avg grad norm  33.345, avg grad norm (post clip)   0.526, rho_Whh  1.14, Omega  0.00, alpha  1.000, steps in the past 0.000, valid nll 0.744
  [diag] log10|dL/dh_t| hist bins=60 range=(-12.50,-11.50) mean=-12.00 p50=-12.00 p05=-12.00 p95=-12.00
  [diag] sat-dist hist bins=60 sat<0.05=0.0% mean=0.719 p10=0.620 p90=0.974
Iter 0006980: train nll 0.752, valid error 054.700%, best valid error 038.750%, avg grad norm  33.829, avg grad norm (post clip)   0.526, rho_Whh  1.14, Omega  0.00, alpha  1.000, steps in the past 0.000, valid nll 0.886
  [diag] log10|dL/dh_t| hist bins=60 range=(-12.50,-11.50) mean=-12.00 p50=-12.00 p05=-12.00 p95=-12.00
  [diag] sat-dist hist bins=60 sat<0.05=0.0% mean=0.726 p10=0.555 p90=0.983
Iter 0007000: train nll 0.769, valid error 040.960%, best valid error 038.750%, avg grad norm  39.587, avg grad norm (post clip)   0.526, rho_Whh  1.14, Omega  0.00, alpha  1.000, steps in the past 0.000, valid nll 0.716
  [diag] log10|dL/dh_t| hist bins=60 range=(-12.50,-11.50) mean=-12.00 p50=-12.00 p05=-12.00 p95=-12.00
  [diag] sat-dist hist bins=60 sat<0.05=0.0% mean=0.727 p10=0.562 p90=0.983
Iter 0007020: train nll 0.739, valid error 042.190%, best valid error 038.750%, avg grad norm  26.560, avg grad norm (post clip)   0.526, rho_Whh  1.14, Omega  0.00, alpha  1.000, steps in the past 0.000, valid nll 0.727
  [diag] log10|dL/dh_t| hist bins=60 range=(-12.50,-11.50) mean=-12.00 p50=-12.00 p05=-12.00 p95=-12.00
  [diag] sat-dist hist bins=60 sat<0.05=0.0% mean=0.721 p10=0.596 p90=0.979
Iter 0007040: train nll 0.759, valid error 050.780%, best valid error 038.750%, avg grad norm  43.356, avg grad norm (post clip)   0.526, rho_Whh  1.14, Omega  0.00, alpha  1.000, steps in the past 0.000, valid nll 0.795
  [diag] log10|dL/dh_t| hist bins=60 range=(-12.50,-11.50) mean=-12.00 p50=-12.00 p05=-12.00 p95=-12.00
  [diag] sat-dist hist bins=60 sat<0.05=0.0% mean=0.723 p10=0.561 p90=0.983
Iter 0007060: train nll 0.753, valid error 041.730%, best valid error 038.750%, avg grad norm  38.478, avg grad norm (post clip)   0.526, rho_Whh  1.14, Omega  0.00, alpha  1.000, steps in the past 0.000, valid nll 0.717
  [diag] log10|dL/dh_t| hist bins=60 range=(-12.50,-11.50) mean=-12.00 p50=-12.00 p05=-12.00 p95=-12.00
  [diag] sat-dist hist bins=60 sat<0.05=0.0% mean=0.721 p10=0.592 p90=0.980
Iter 0007080: train nll 0.753, valid error 046.880%, best valid error 038.750%, avg grad norm  36.443, avg grad norm (post clip)   0.526, rho_Whh  1.14, Omega  0.00, alpha  1.000, steps in the past 0.000, valid nll 0.735
  [diag] log10|dL/dh_t| hist bins=60 range=(-12.50,-11.50) mean=-12.00 p50=-12.00 p05=-12.00 p95=-12.00
  [diag] sat-dist hist bins=60 sat<0.05=0.0% mean=0.725 p10=0.560 p90=0.981
Iter 0007100: train nll 0.783, valid error 045.580%, best valid error 038.750%, avg grad norm  54.921, avg grad norm (post clip)   0.526, rho_Whh  1.14, Omega  0.00, alpha  1.000, steps in the past 0.000, valid nll 0.723
  [diag] log10|dL/dh_t| hist bins=60 range=(-12.50,-11.50) mean=-12.00 p50=-12.00 p05=-12.00 p95=-12.00
  [diag] sat-dist hist bins=60 sat<0.05=0.0% mean=0.725 p10=0.560 p90=0.983
Iter 0007120: train nll 0.747, valid error 040.660%, best valid error 038.750%, avg grad norm  27.470, avg grad norm (post clip)   0.526, rho_Whh  1.14, Omega  0.00, alpha  1.000, steps in the past 0.000, valid nll 0.718
  [diag] log10|dL/dh_t| hist bins=60 range=(-12.50,-11.50) mean=-12.00 p50=-12.00 p05=-12.00 p95=-12.00
  [diag] sat-dist hist bins=60 sat<0.05=0.0% mean=0.723 p10=0.561 p90=0.981
Iter 0007140: train nll 0.756, valid error 045.020%, best valid error 038.750%, avg grad norm  36.485, avg grad norm (post clip)   0.526, rho_Whh  1.14, Omega  0.00, alpha  1.000, steps in the past 0.000, valid nll 0.721
  [diag] log10|dL/dh_t| hist bins=60 range=(-12.50,-11.50) mean=-12.00 p50=-12.00 p05=-12.00 p95=-12.00
  [diag] sat-dist hist bins=60 sat<0.05=0.0% mean=0.726 p10=0.556 p90=0.983
Iter 0007160: train nll 0.764, valid error 042.640%, best valid error 038.750%, avg grad norm  33.012, avg grad norm (post clip)   0.526, rho_Whh  1.14, Omega  0.00, alpha  1.000, steps in the past 0.000, valid nll 0.738
  [diag] log10|dL/dh_t| hist bins=60 range=(-12.50,-11.50) mean=-12.00 p50=-12.00 p05=-12.00 p95=-12.00
  [diag] sat-dist hist bins=60 sat<0.05=0.0% mean=0.723 p10=0.569 p90=0.979
Iter 0007180: train nll 0.752, valid error 051.700%, best valid error 038.750%, avg grad norm  34.060, avg grad norm (post clip)   0.526, rho_Whh  1.14, Omega  0.00, alpha  1.000, steps in the past 0.000, valid nll 0.825
  [diag] log10|dL/dh_t| hist bins=60 range=(-12.50,-11.50) mean=-12.00 p50=-12.00 p05=-12.00 p95=-12.00
  [diag] sat-dist hist bins=60 sat<0.05=0.0% mean=0.721 p10=0.565 p90=0.979
Iter 0007200: train nll 0.744, valid error 048.040%, best valid error 038.750%, avg grad norm  27.185, avg grad norm (post clip)   0.526, rho_Whh  1.14, Omega  0.00, alpha  1.000, steps in the past 0.000, valid nll 0.763
  [diag] log10|dL/dh_t| hist bins=60 range=(-12.50,-11.50) mean=-12.00 p50=-12.00 p05=-12.00 p95=-12.00
  [diag] sat-dist hist bins=60 sat<0.05=0.0% mean=0.721 p10=0.557 p90=0.981
Iter 0007220: train nll 0.756, valid error 045.710%, best valid error 038.750%, avg grad norm  39.451, avg grad norm (post clip)   0.526, rho_Whh  1.14, Omega  0.00, alpha  1.000, steps in the past 0.000, valid nll 0.742
  [diag] log10|dL/dh_t| hist bins=60 range=(-12.50,-11.50) mean=-12.00 p50=-12.00 p05=-12.00 p95=-12.00
  [diag] sat-dist hist bins=60 sat<0.05=0.0% mean=0.722 p10=0.553 p90=0.982
Iter 0007240: train nll 0.736, valid error 041.660%, best valid error 038.750%, avg grad norm  26.523, avg grad norm (post clip)   0.526, rho_Whh  1.14, Omega  0.00, alpha  1.000, steps in the past 0.000, valid nll 0.718
  [diag] log10|dL/dh_t| hist bins=60 range=(-12.50,-11.50) mean=-12.00 p50=-12.00 p05=-12.00 p95=-12.00
  [diag] sat-dist hist bins=60 sat<0.05=0.0% mean=0.720 p10=0.559 p90=0.983
Iter 0007260: train nll 0.753, valid error 044.500%, best valid error 038.750%, avg grad norm  39.625, avg grad norm (post clip)   0.526, rho_Whh  1.14, Omega  0.00, alpha  1.000, steps in the past 0.000, valid nll 0.720
  [diag] log10|dL/dh_t| hist bins=60 range=(-12.50,-11.50) mean=-12.00 p50=-12.00 p05=-12.00 p95=-12.00
  [diag] sat-dist hist bins=60 sat<0.05=0.0% mean=0.720 p10=0.566 p90=0.979
Iter 0007280: train nll 0.751, valid error 047.120%, best valid error 038.750%, avg grad norm  33.052, avg grad norm (post clip)   0.526, rho_Whh  1.14, Omega  0.00, alpha  1.000, steps in the past 0.000, valid nll 0.752
  [diag] log10|dL/dh_t| hist bins=60 range=(-12.50,-11.50) mean=-12.00 p50=-12.00 p05=-12.00 p95=-12.00
  [diag] sat-dist hist bins=60 sat<0.05=0.0% mean=0.721 p10=0.554 p90=0.982
Iter 0007300: train nll 0.772, valid error 042.170%, best valid error 038.750%, avg grad norm  44.074, avg grad norm (post clip)   0.526, rho_Whh  1.14, Omega  0.00, alpha  1.000, steps in the past 0.000, valid nll 0.712
  [diag] log10|dL/dh_t| hist bins=60 range=(-12.50,-11.50) mean=-12.00 p50=-12.00 p05=-12.00 p95=-12.00
  [diag] sat-dist hist bins=60 sat<0.05=0.0% mean=0.719 p10=0.569 p90=0.982
Iter 0007320: train nll 0.775, valid error 046.130%, best valid error 038.750%, avg grad norm  51.467, avg grad norm (post clip)   0.526, rho_Whh  1.14, Omega  0.00, alpha  1.000, steps in the past 0.000, valid nll 0.720
  [diag] log10|dL/dh_t| hist bins=60 range=(-12.50,-11.50) mean=-12.00 p50=-12.00 p05=-12.00 p95=-12.00
  [diag] sat-dist hist bins=60 sat<0.05=0.0% mean=0.722 p10=0.552 p90=0.982
Iter 0007340: train nll 0.758, valid error 040.610%, best valid error 038.750%, avg grad norm  36.759, avg grad norm (post clip)   0.526, rho_Whh  1.14, Omega  0.00, alpha  1.000, steps in the past 0.000, valid nll 0.714
  [diag] log10|dL/dh_t| hist bins=60 range=(-12.50,-11.50) mean=-12.00 p50=-12.00 p05=-12.00 p95=-12.00
  [diag] sat-dist hist bins=60 sat<0.05=0.0% mean=0.720 p10=0.561 p90=0.983
Iter 0007360: train nll 0.749, valid error 044.610%, best valid error 038.750%, avg grad norm  33.897, avg grad norm (post clip)   0.526, rho_Whh  1.14, Omega  0.00, alpha  1.000, steps in the past 0.000, valid nll 0.721
  [diag] log10|dL/dh_t| hist bins=60 range=(-12.50,-11.50) mean=-12.00 p50=-12.00 p05=-12.00 p95=-12.00
  [diag] sat-dist hist bins=60 sat<0.05=0.0% mean=0.720 p10=0.560 p90=0.983
Iter 0007380: train nll 0.740, valid error 045.740%, best valid error 038.750%, avg grad norm  20.197, avg grad norm (post clip)   0.526, rho_Whh  1.14, Omega  0.00, alpha  1.000, steps in the past 0.000, valid nll 0.723
  [diag] log10|dL/dh_t| hist bins=60 range=(-12.50,-11.50) mean=-12.00 p50=-12.00 p05=-12.00 p95=-12.00
  [diag] sat-dist hist bins=60 sat<0.05=0.0% mean=0.717 p10=0.606 p90=0.976
Iter 0007400: train nll 0.735, valid error 048.010%, best valid error 038.750%, avg grad norm  23.475, avg grad norm (post clip)   0.526, rho_Whh  1.14, Omega  0.00, alpha  1.000, steps in the past 0.000, valid nll 0.771
  [diag] log10|dL/dh_t| hist bins=60 range=(-12.50,-11.50) mean=-12.00 p50=-12.00 p05=-12.00 p95=-12.00
  [diag] sat-dist hist bins=60 sat<0.05=0.0% mean=0.723 p10=0.557 p90=0.981
Iter 0007420: train nll 0.743, valid error 044.010%, best valid error 038.750%, avg grad norm  26.272, avg grad norm (post clip)   0.526, rho_Whh  1.14, Omega  0.00, alpha  1.000, steps in the past 0.000, valid nll 0.712
  [diag] log10|dL/dh_t| hist bins=60 range=(-12.50,-11.50) mean=-12.00 p50=-12.00 p05=-12.00 p95=-12.00
  [diag] sat-dist hist bins=60 sat<0.05=0.0% mean=0.724 p10=0.558 p90=0.983
Iter 0007440: train nll 0.786, valid error 039.480%, best valid error 038.750%, avg grad norm  46.132, avg grad norm (post clip)   0.526, rho_Whh  1.14, Omega  0.00, alpha  1.000, steps in the past 0.000, valid nll 0.709
  [diag] log10|dL/dh_t| hist bins=60 range=(-12.50,-11.50) mean=-12.00 p50=-12.00 p05=-12.00 p95=-12.00
  [diag] sat-dist hist bins=60 sat<0.05=0.0% mean=0.724 p10=0.551 p90=0.982
Iter 0007460: train nll 0.740, valid error 038.290%, best valid error 038.750%, avg grad norm  32.189, avg grad norm (post clip)   0.526, rho_Whh  1.14, Omega  0.00, alpha  1.000, steps in the past 0.000, valid nll 0.721
  [diag] log10|dL/dh_t| hist bins=60 range=(-12.50,-11.50) mean=-12.00 p50=-12.00 p05=-12.00 p95=-12.00
  [diag] sat-dist hist bins=60 sat<0.05=0.0% mean=0.720 p10=0.578 p90=0.981
Iter 0007480: train nll 0.772, valid error 049.740%, best valid error 038.290%, avg grad norm  33.901, avg grad norm (post clip)   0.526, rho_Whh  1.14, Omega  0.00, alpha  1.000, steps in the past 0.000, valid nll 0.784
  [diag] log10|dL/dh_t| hist bins=60 range=(-12.50,-11.50) mean=-12.00 p50=-12.00 p05=-12.00 p95=-12.00
  [diag] sat-dist hist bins=60 sat<0.05=0.0% mean=0.721 p10=0.578 p90=0.976
Iter 0007500: train nll 0.772, valid error 046.630%, best valid error 038.290%, avg grad norm  49.068, avg grad norm (post clip)   0.526, rho_Whh  1.14, Omega  0.00, alpha  1.000, steps in the past 0.000, valid nll 0.745
  [diag] log10|dL/dh_t| hist bins=60 range=(-12.50,-11.50) mean=-12.00 p50=-12.00 p05=-12.00 p95=-12.00
  [diag] sat-dist hist bins=60 sat<0.05=0.0% mean=0.719 p10=0.566 p90=0.978
Iter 0007520: train nll 0.732, valid error 045.940%, best valid error 038.290%, avg grad norm  28.454, avg grad norm (post clip)   0.526, rho_Whh  1.14, Omega  0.00, alpha  1.000, steps in the past 0.000, valid nll 0.732
  [diag] log10|dL/dh_t| hist bins=60 range=(-12.50,-11.50) mean=-12.00 p50=-12.00 p05=-12.00 p95=-12.00
  [diag] sat-dist hist bins=60 sat<0.05=0.0% mean=0.720 p10=0.564 p90=0.981
Iter 0007540: train nll 0.739, valid error 042.370%, best valid error 038.290%, avg grad norm  24.476, avg grad norm (post clip)   0.526, rho_Whh  1.14, Omega  0.00, alpha  1.000, steps in the past 0.000, valid nll 0.709
  [diag] log10|dL/dh_t| hist bins=60 range=(-12.50,-11.50) mean=-12.00 p50=-12.00 p05=-12.00 p95=-12.00
  [diag] sat-dist hist bins=60 sat<0.05=0.0% mean=0.718 p10=0.591 p90=0.978
Iter 0007560: train nll 0.780, valid error 047.930%, best valid error 038.290%, avg grad norm  53.048, avg grad norm (post clip)   0.526, rho_Whh  1.14, Omega  0.00, alpha  1.000, steps in the past 0.000, valid nll 0.762
  [diag] log10|dL/dh_t| hist bins=60 range=(-12.50,-11.50) mean=-12.00 p50=-12.00 p05=-12.00 p95=-12.00
  [diag] sat-dist hist bins=60 sat<0.05=0.0% mean=0.719 p10=0.586 p90=0.979
Iter 0007580: train nll 0.736, valid error 051.800%, best valid error 038.290%, avg grad norm  22.961, avg grad norm (post clip)   0.526, rho_Whh  1.14, Omega  0.00, alpha  1.000, steps in the past 0.000, valid nll 0.818
  [diag] log10|dL/dh_t| hist bins=60 range=(-12.50,-11.50) mean=-12.00 p50=-12.00 p05=-12.00 p95=-12.00
  [diag] sat-dist hist bins=60 sat<0.05=0.0% mean=0.720 p10=0.567 p90=0.982
Iter 0007600: train nll 0.781, valid error 049.030%, best valid error 038.290%, avg grad norm  49.309, avg grad norm (post clip)   0.526, rho_Whh  1.14, Omega  0.00, alpha  1.000, steps in the past 0.000, valid nll 0.746
  [diag] log10|dL/dh_t| hist bins=60 range=(-12.50,-11.50) mean=-12.00 p50=-12.00 p05=-12.00 p95=-12.00
  [diag] sat-dist hist bins=60 sat<0.05=0.0% mean=0.720 p10=0.557 p90=0.982
Iter 0007620: train nll 0.784, valid error 045.210%, best valid error 038.290%, avg grad norm  38.186, avg grad norm (post clip)   0.526, rho_Whh  1.14, Omega  0.00, alpha  1.000, steps in the past 0.000, valid nll 0.728
  [diag] log10|dL/dh_t| hist bins=60 range=(-12.50,-11.50) mean=-12.00 p50=-12.00 p05=-12.00 p95=-12.00
  [diag] sat-dist hist bins=60 sat<0.05=0.0% mean=0.721 p10=0.566 p90=0.981
Iter 0007640: train nll 0.800, valid error 042.120%, best valid error 038.290%, avg grad norm  52.044, avg grad norm (post clip)   0.526, rho_Whh  1.14, Omega  0.00, alpha  1.000, steps in the past 0.000, valid nll 0.740
  [diag] log10|dL/dh_t| hist bins=60 range=(-12.50,-11.50) mean=-12.00 p50=-12.00 p05=-12.00 p95=-12.00
  [diag] sat-dist hist bins=60 sat<0.05=0.0% mean=0.719 p10=0.571 p90=0.981
Iter 0007660: train nll 0.735, valid error 045.620%, best valid error 038.290%, avg grad norm  27.970, avg grad norm (post clip)   0.526, rho_Whh  1.14, Omega  0.00, alpha  1.000, steps in the past 0.000, valid nll 0.717
  [diag] log10|dL/dh_t| hist bins=60 range=(-12.50,-11.50) mean=-12.00 p50=-12.00 p05=-12.00 p95=-12.00
  [diag] sat-dist hist bins=60 sat<0.05=0.0% mean=0.720 p10=0.558 p90=0.981
Iter 0007680: train nll 0.745, valid error 045.790%, best valid error 038.290%, avg grad norm  27.513, avg grad norm (post clip)   0.526, rho_Whh  1.14, Omega  0.00, alpha  1.000, steps in the past 0.000, valid nll 0.724
  [diag] log10|dL/dh_t| hist bins=60 range=(-12.50,-11.50) mean=-12.00 p50=-12.00 p05=-12.00 p95=-12.00
  [diag] sat-dist hist bins=60 sat<0.05=0.0% mean=0.722 p10=0.552 p90=0.982
Iter 0007700: train nll 0.738, valid error 043.090%, best valid error 038.290%, avg grad norm  28.873, avg grad norm (post clip)   0.526, rho_Whh  1.14, Omega  0.00, alpha  1.000, steps in the past 0.000, valid nll 0.725
  [diag] log10|dL/dh_t| hist bins=60 range=(-12.50,-11.50) mean=-12.00 p50=-12.00 p05=-12.00 p95=-12.00
  [diag] sat-dist hist bins=60 sat<0.05=0.0% mean=0.723 p10=0.556 p90=0.982
Iter 0007720: train nll 0.747, valid error 040.880%, best valid error 038.290%, avg grad norm  31.718, avg grad norm (post clip)   0.526, rho_Whh  1.14, Omega  0.00, alpha  1.000, steps in the past 0.000, valid nll 0.755
  [diag] log10|dL/dh_t| hist bins=60 range=(-12.50,-11.50) mean=-12.00 p50=-12.00 p05=-12.00 p95=-12.00
  [diag] sat-dist hist bins=60 sat<0.05=0.0% mean=0.721 p10=0.555 p90=0.982
Iter 0007740: train nll 0.738, valid error 038.580%, best valid error 038.290%, avg grad norm  27.771, avg grad norm (post clip)   0.526, rho_Whh  1.14, Omega  0.00, alpha  1.000, steps in the past 0.000, valid nll 0.711
  [diag] log10|dL/dh_t| hist bins=60 range=(-12.50,-11.50) mean=-12.00 p50=-12.00 p05=-12.00 p95=-12.00
  [diag] sat-dist hist bins=60 sat<0.05=0.0% mean=0.720 p10=0.562 p90=0.982
Iter 0007760: train nll 0.788, valid error 041.440%, best valid error 038.290%, avg grad norm  55.021, avg grad norm (post clip)   0.526, rho_Whh  1.14, Omega  0.00, alpha  1.000, steps in the past 0.000, valid nll 0.718
  [diag] log10|dL/dh_t| hist bins=60 range=(-12.50,-11.50) mean=-12.00 p50=-12.00 p05=-12.00 p95=-12.00
  [diag] sat-dist hist bins=60 sat<0.05=0.0% mean=0.718 p10=0.563 p90=0.982
Iter 0007780: train nll 0.737, valid error 045.680%, best valid error 038.290%, avg grad norm  29.646, avg grad norm (post clip)   0.526, rho_Whh  1.14, Omega  0.00, alpha  1.000, steps in the past 0.000, valid nll 0.715
  [diag] log10|dL/dh_t| hist bins=60 range=(-12.50,-11.50) mean=-12.00 p50=-12.00 p05=-12.00 p95=-12.00
  [diag] sat-dist hist bins=60 sat<0.05=0.0% mean=0.718 p10=0.559 p90=0.981
Iter 0007800: train nll 0.733, valid error 045.860%, best valid error 038.290%, avg grad norm  31.632, avg grad norm (post clip)   0.526, rho_Whh  1.14, Omega  0.00, alpha  1.000, steps in the past 0.000, valid nll 0.718
  [diag] log10|dL/dh_t| hist bins=60 range=(-12.50,-11.50) mean=-12.00 p50=-12.00 p05=-12.00 p95=-12.00
  [diag] sat-dist hist bins=60 sat<0.05=0.0% mean=0.717 p10=0.583 p90=0.978
Iter 0007820: train nll 0.743, valid error 049.010%, best valid error 038.290%, avg grad norm  30.959, avg grad norm (post clip)   0.526, rho_Whh  1.14, Omega  0.00, alpha  1.000, steps in the past 0.000, valid nll 0.772
  [diag] log10|dL/dh_t| hist bins=60 range=(-12.50,-11.50) mean=-12.00 p50=-12.00 p05=-12.00 p95=-12.00
  [diag] sat-dist hist bins=60 sat<0.05=0.0% mean=0.718 p10=0.552 p90=0.982
Iter 0007840: train nll 0.763, valid error 045.660%, best valid error 038.290%, avg grad norm  44.454, avg grad norm (post clip)   0.526, rho_Whh  1.14, Omega  0.00, alpha  1.000, steps in the past 0.000, valid nll 0.715
  [diag] log10|dL/dh_t| hist bins=60 range=(-12.50,-11.50) mean=-12.00 p50=-12.00 p05=-12.00 p95=-12.00
  [diag] sat-dist hist bins=60 sat<0.05=0.0% mean=0.720 p10=0.551 p90=0.982
Iter 0007860: train nll 0.733, valid error 044.070%, best valid error 038.290%, avg grad norm  24.965, avg grad norm (post clip)   0.526, rho_Whh  1.14, Omega  0.00, alpha  1.000, steps in the past 0.000, valid nll 0.712
  [diag] log10|dL/dh_t| hist bins=60 range=(-12.50,-11.50) mean=-12.00 p50=-12.00 p05=-12.00 p95=-12.00
  [diag] sat-dist hist bins=60 sat<0.05=0.0% mean=0.717 p10=0.589 p90=0.977
Iter 0007880: train nll 0.760, valid error 052.600%, best valid error 038.290%, avg grad norm  48.305, avg grad norm (post clip)   0.526, rho_Whh  1.14, Omega  0.00, alpha  1.000, steps in the past 0.000, valid nll 0.846
  [diag] log10|dL/dh_t| hist bins=60 range=(-12.50,-11.50) mean=-12.00 p50=-12.00 p05=-12.00 p95=-12.00
  [diag] sat-dist hist bins=60 sat<0.05=0.0% mean=0.719 p10=0.555 p90=0.982
Iter 0007900: train nll 0.749, valid error 045.060%, best valid error 038.290%, avg grad norm  31.989, avg grad norm (post clip)   0.526, rho_Whh  1.14, Omega  0.00, alpha  1.000, steps in the past 0.000, valid nll 0.718
  [diag] log10|dL/dh_t| hist bins=60 range=(-12.50,-11.50) mean=-12.00 p50=-12.00 p05=-12.00 p95=-12.00
  [diag] sat-dist hist bins=60 sat<0.05=0.0% mean=0.718 p10=0.561 p90=0.979
Iter 0007920: train nll 0.733, valid error 046.050%, best valid error 038.290%, avg grad norm  25.474, avg grad norm (post clip)   0.526, rho_Whh  1.14, Omega  0.00, alpha  1.000, steps in the past 0.000, valid nll 0.721
  [diag] log10|dL/dh_t| hist bins=60 range=(-12.50,-11.50) mean=-12.00 p50=-12.00 p05=-12.00 p95=-12.00
  [diag] sat-dist hist bins=60 sat<0.05=0.0% mean=0.722 p10=0.553 p90=0.981
Iter 0007940: train nll 0.743, valid error 041.630%, best valid error 038.290%, avg grad norm  31.745, avg grad norm (post clip)   0.526, rho_Whh  1.14, Omega  0.00, alpha  1.000, steps in the past 0.000, valid nll 0.757
  [diag] log10|dL/dh_t| hist bins=60 range=(-12.50,-11.50) mean=-12.00 p50=-12.00 p05=-12.00 p95=-12.00
  [diag] sat-dist hist bins=60 sat<0.05=0.0% mean=0.721 p10=0.551 p90=0.983
Iter 0007960: train nll 0.728, valid error 039.850%, best valid error 038.290%, avg grad norm  23.860, avg grad norm (post clip)   0.526, rho_Whh  1.14, Omega  0.00, alpha  1.000, steps in the past 0.000, valid nll 0.704
  [diag] log10|dL/dh_t| hist bins=60 range=(-12.50,-11.50) mean=-12.00 p50=-12.00 p05=-12.00 p95=-12.00
  [diag] sat-dist hist bins=60 sat<0.05=0.0% mean=0.719 p10=0.558 p90=0.982
Iter 0007980: train nll 0.736, valid error 045.470%, best valid error 038.290%, avg grad norm  34.356, avg grad norm (post clip)   0.526, rho_Whh  1.14, Omega  0.00, alpha  1.000, steps in the past 0.000, valid nll 0.720
  [diag] log10|dL/dh_t| hist bins=60 range=(-12.50,-11.50) mean=-12.00 p50=-12.00 p05=-12.00 p95=-12.00
  [diag] sat-dist hist bins=60 sat<0.05=0.0% mean=0.719 p10=0.564 p90=0.982
Iter 0008000: train nll 0.750, valid error 045.570%, best valid error 038.290%, avg grad norm  37.303, avg grad norm (post clip)   0.526, rho_Whh  1.14, Omega  0.00, alpha  1.000, steps in the past 0.000, valid nll 0.713
  [diag] log10|dL/dh_t| hist bins=60 range=(-12.50,-11.50) mean=-12.00 p50=-12.00 p05=-12.00 p95=-12.00
  [diag] sat-dist hist bins=60 sat<0.05=0.0% mean=0.718 p10=0.567 p90=0.981
Iter 0008020: train nll 0.737, valid error 043.770%, best valid error 038.290%, avg grad norm  35.473, avg grad norm (post clip)   0.526, rho_Whh  1.14, Omega  0.00, alpha  1.000, steps in the past 0.000, valid nll 0.718
  [diag] log10|dL/dh_t| hist bins=60 range=(-12.50,-11.50) mean=-12.00 p50=-12.00 p05=-12.00 p95=-12.00
  [diag] sat-dist hist bins=60 sat<0.05=0.0% mean=0.717 p10=0.565 p90=0.978
Iter 0008040: train nll 0.730, valid error 045.080%, best valid error 038.290%, avg grad norm  29.095, avg grad norm (post clip)   0.526, rho_Whh  1.14, Omega  0.00, alpha  1.000, steps in the past 0.000, valid nll 0.718
  [diag] log10|dL/dh_t| hist bins=60 range=(-12.50,-11.50) mean=-12.00 p50=-12.00 p05=-12.00 p95=-12.00
  [diag] sat-dist hist bins=60 sat<0.05=0.0% mean=0.716 p10=0.577 p90=0.974
Iter 0008060: train nll 0.736, valid error 053.770%, best valid error 038.290%, avg grad norm  24.898, avg grad norm (post clip)   0.526, rho_Whh  1.14, Omega  0.00, alpha  1.000, steps in the past 0.000, valid nll 0.878
  [diag] log10|dL/dh_t| hist bins=60 range=(-12.50,-11.50) mean=-12.00 p50=-12.00 p05=-12.00 p95=-12.00
  [diag] sat-dist hist bins=60 sat<0.05=0.0% mean=0.719 p10=0.559 p90=0.982
Iter 0008080: train nll 0.758, valid error 041.260%, best valid error 038.290%, avg grad norm  38.126, avg grad norm (post clip)   0.526, rho_Whh  1.13, Omega  0.00, alpha  1.000, steps in the past 0.000, valid nll 0.703
  [diag] log10|dL/dh_t| hist bins=60 range=(-12.50,-11.50) mean=-12.00 p50=-12.00 p05=-12.00 p95=-12.00
  [diag] sat-dist hist bins=60 sat<0.05=0.0% mean=0.719 p10=0.581 p90=0.974
Iter 0008100: train nll 0.763, valid error 047.550%, best valid error 038.290%, avg grad norm  43.346, avg grad norm (post clip)   0.526, rho_Whh  1.13, Omega  0.00, alpha  1.000, steps in the past 0.000, valid nll 0.762
  [diag] log10|dL/dh_t| hist bins=60 range=(-12.50,-11.50) mean=-12.00 p50=-12.00 p05=-12.00 p95=-12.00
  [diag] sat-dist hist bins=60 sat<0.05=0.0% mean=0.720 p10=0.562 p90=0.981
Iter 0008120: train nll 0.734, valid error 044.640%, best valid error 038.290%, avg grad norm  24.434, avg grad norm (post clip)   0.526, rho_Whh  1.13, Omega  0.00, alpha  1.000, steps in the past 0.000, valid nll 0.707
  [diag] log10|dL/dh_t| hist bins=60 range=(-12.50,-11.50) mean=-12.00 p50=-12.00 p05=-12.00 p95=-12.00
  [diag] sat-dist hist bins=60 sat<0.05=0.0% mean=0.718 p10=0.561 p90=0.978
Iter 0008140: train nll 0.722, valid error 045.640%, best valid error 038.290%, avg grad norm  20.061, avg grad norm (post clip)   0.526, rho_Whh  1.13, Omega  0.00, alpha  1.000, steps in the past 0.000, valid nll 0.727
  [diag] log10|dL/dh_t| hist bins=60 range=(-12.50,-11.50) mean=-12.00 p50=-12.00 p05=-12.00 p95=-12.00
  [diag] sat-dist hist bins=60 sat<0.05=0.0% mean=0.718 p10=0.577 p90=0.978
Iter 0008160: train nll 0.734, valid error 047.770%, best valid error 038.290%, avg grad norm  27.849, avg grad norm (post clip)   0.526, rho_Whh  1.13, Omega  0.00, alpha  1.000, steps in the past 0.000, valid nll 0.748
  [diag] log10|dL/dh_t| hist bins=60 range=(-12.50,-11.50) mean=-12.00 p50=-12.00 p05=-12.00 p95=-12.00
  [diag] sat-dist hist bins=60 sat<0.05=0.0% mean=0.720 p10=0.561 p90=0.981
Iter 0008180: train nll 0.738, valid error 044.350%, best valid error 038.290%, avg grad norm  31.270, avg grad norm (post clip)   0.526, rho_Whh  1.13, Omega  0.00, alpha  1.000, steps in the past 0.000, valid nll 0.710
  [diag] log10|dL/dh_t| hist bins=60 range=(-12.50,-11.50) mean=-12.00 p50=-12.00 p05=-12.00 p95=-12.00
  [diag] sat-dist hist bins=60 sat<0.05=0.0% mean=0.721 p10=0.562 p90=0.981
Iter 0008200: train nll 0.751, valid error 040.320%, best valid error 038.290%, avg grad norm  39.371, avg grad norm (post clip)   0.526, rho_Whh  1.13, Omega  0.00, alpha  1.000, steps in the past 0.000, valid nll 0.713
  [diag] log10|dL/dh_t| hist bins=60 range=(-12.50,-11.50) mean=-12.00 p50=-12.00 p05=-12.00 p95=-12.00
  [diag] sat-dist hist bins=60 sat<0.05=0.0% mean=0.719 p10=0.561 p90=0.982
Iter 0008220: train nll 0.747, valid error 044.590%, best valid error 038.290%, avg grad norm  35.065, avg grad norm (post clip)   0.526, rho_Whh  1.13, Omega  0.00, alpha  1.000, steps in the past 0.000, valid nll 0.713
  [diag] log10|dL/dh_t| hist bins=60 range=(-12.50,-11.50) mean=-12.00 p50=-12.00 p05=-12.00 p95=-12.00
  [diag] sat-dist hist bins=60 sat<0.05=0.0% mean=0.719 p10=0.558 p90=0.983
Iter 0008240: train nll 0.731, valid error 044.680%, best valid error 038.290%, avg grad norm  23.385, avg grad norm (post clip)   0.526, rho_Whh  1.13, Omega  0.00, alpha  1.000, steps in the past 0.000, valid nll 0.715
  [diag] log10|dL/dh_t| hist bins=60 range=(-12.50,-11.50) mean=-12.00 p50=-12.00 p05=-12.00 p95=-12.00
  [diag] sat-dist hist bins=60 sat<0.05=0.0% mean=0.722 p10=0.551 p90=0.982
Iter 0008260: train nll 0.732, valid error 041.470%, best valid error 038.290%, avg grad norm  26.822, avg grad norm (post clip)   0.526, rho_Whh  1.13, Omega  0.00, alpha  1.000, steps in the past 0.000, valid nll 0.720
  [diag] log10|dL/dh_t| hist bins=60 range=(-12.50,-11.50) mean=-12.00 p50=-12.00 p05=-12.00 p95=-12.00
  [diag] sat-dist hist bins=60 sat<0.05=0.0% mean=0.715 p10=0.581 p90=0.976
Iter 0008280: train nll 0.739, valid error 047.300%, best valid error 038.290%, avg grad norm  33.270, avg grad norm (post clip)   0.526, rho_Whh  1.13, Omega  0.00, alpha  1.000, steps in the past 0.000, valid nll 0.736
  [diag] log10|dL/dh_t| hist bins=60 range=(-12.50,-11.50) mean=-12.00 p50=-12.00 p05=-12.00 p95=-12.00
  [diag] sat-dist hist bins=60 sat<0.05=0.0% mean=0.715 p10=0.594 p90=0.974
Iter 0008300: train nll 0.730, valid error 054.250%, best valid error 038.290%, avg grad norm  28.547, avg grad norm (post clip)   0.526, rho_Whh  1.13, Omega  0.00, alpha  1.000, steps in the past 0.000, valid nll 0.863
  [diag] log10|dL/dh_t| hist bins=60 range=(-12.50,-11.50) mean=-12.00 p50=-12.00 p05=-12.00 p95=-12.00
  [diag] sat-dist hist bins=60 sat<0.05=0.0% mean=0.718 p10=0.565 p90=0.981
Iter 0008320: train nll 0.740, valid error 044.460%, best valid error 038.290%, avg grad norm  32.144, avg grad norm (post clip)   0.526, rho_Whh  1.13, Omega  0.00, alpha  1.000, steps in the past 0.000, valid nll 0.719
  [diag] log10|dL/dh_t| hist bins=60 range=(-12.50,-11.50) mean=-12.00 p50=-12.00 p05=-12.00 p95=-12.00
  [diag] sat-dist hist bins=60 sat<0.05=0.0% mean=0.715 p10=0.585 p90=0.971
Iter 0008340: train nll 0.723, valid error 051.270%, best valid error 038.290%, avg grad norm  20.134, avg grad norm (post clip)   0.526, rho_Whh  1.13, Omega  0.00, alpha  1.000, steps in the past 0.000, valid nll 0.806
  [diag] log10|dL/dh_t| hist bins=60 range=(-12.50,-11.50) mean=-12.00 p50=-12.00 p05=-12.00 p95=-12.00
  [diag] sat-dist hist bins=60 sat<0.05=0.0% mean=0.718 p10=0.552 p90=0.982
Iter 0008360: train nll 0.755, valid error 040.190%, best valid error 038.290%, avg grad norm  39.986, avg grad norm (post clip)   0.526, rho_Whh  1.13, Omega  0.00, alpha  1.000, steps in the past 0.000, valid nll 0.704
  [diag] log10|dL/dh_t| hist bins=60 range=(-12.50,-11.50) mean=-12.00 p50=-12.00 p05=-12.00 p95=-12.00
  [diag] sat-dist hist bins=60 sat<0.05=0.0% mean=0.717 p10=0.557 p90=0.980
Iter 0008380: train nll 0.740, valid error 045.060%, best valid error 038.290%, avg grad norm  34.616, avg grad norm (post clip)   0.526, rho_Whh  1.13, Omega  0.00, alpha  1.000, steps in the past 0.000, valid nll 0.717
  [diag] log10|dL/dh_t| hist bins=60 range=(-12.50,-11.50) mean=-12.00 p50=-12.00 p05=-12.00 p95=-12.00
  [diag] sat-dist hist bins=60 sat<0.05=0.0% mean=0.721 p10=0.555 p90=0.982
Iter 0008400: train nll 0.736, valid error 041.580%, best valid error 038.290%, avg grad norm  25.259, avg grad norm (post clip)   0.526, rho_Whh  1.13, Omega  0.00, alpha  1.000, steps in the past 0.000, valid nll 0.734
  [diag] log10|dL/dh_t| hist bins=60 range=(-12.50,-11.50) mean=-12.00 p50=-12.00 p05=-12.00 p95=-12.00
  [diag] sat-dist hist bins=60 sat<0.05=0.0% mean=0.718 p10=0.571 p90=0.975
Iter 0008420: train nll 0.726, valid error 047.330%, best valid error 038.290%, avg grad norm  26.978, avg grad norm (post clip)   0.526, rho_Whh  1.13, Omega  0.00, alpha  1.000, steps in the past 0.000, valid nll 0.748
  [diag] log10|dL/dh_t| hist bins=60 range=(-12.50,-11.50) mean=-12.00 p50=-12.00 p05=-12.00 p95=-12.00
  [diag] sat-dist hist bins=60 sat<0.05=0.0% mean=0.717 p10=0.579 p90=0.978
Iter 0008440: train nll 0.732, valid error 046.140%, best valid error 038.290%, avg grad norm  24.147, avg grad norm (post clip)   0.526, rho_Whh  1.13, Omega  0.00, alpha  1.000, steps in the past 0.000, valid nll 0.723
  [diag] log10|dL/dh_t| hist bins=60 range=(-12.50,-11.50) mean=-12.00 p50=-12.00 p05=-12.00 p95=-12.00
  [diag] sat-dist hist bins=60 sat<0.05=0.0% mean=0.717 p10=0.589 p90=0.976
Iter 0008460: train nll 0.735, valid error 052.980%, best valid error 038.290%, avg grad norm  23.995, avg grad norm (post clip)   0.526, rho_Whh  1.13, Omega  0.00, alpha  1.000, steps in the past 0.000, valid nll 0.837
  [diag] log10|dL/dh_t| hist bins=60 range=(-12.50,-11.50) mean=-12.00 p50=-12.00 p05=-12.00 p95=-12.00
  [diag] sat-dist hist bins=60 sat<0.05=0.0% mean=0.721 p10=0.558 p90=0.981
Iter 0008480: train nll 0.736, valid error 038.930%, best valid error 038.290%, avg grad norm  32.073, avg grad norm (post clip)   0.526, rho_Whh  1.13, Omega  0.00, alpha  1.000, steps in the past 0.000, valid nll 0.726
  [diag] log10|dL/dh_t| hist bins=60 range=(-12.50,-11.50) mean=-12.00 p50=-12.00 p05=-12.00 p95=-12.00
  [diag] sat-dist hist bins=60 sat<0.05=0.0% mean=0.716 p10=0.571 p90=0.979
Iter 0008500: train nll 0.725, valid error 045.480%, best valid error 038.290%, avg grad norm  26.940, avg grad norm (post clip)   0.526, rho_Whh  1.13, Omega  0.00, alpha  1.000, steps in the past 0.000, valid nll 0.712
  [diag] log10|dL/dh_t| hist bins=60 range=(-12.50,-11.50) mean=-12.00 p50=-12.00 p05=-12.00 p95=-12.00
  [diag] sat-dist hist bins=60 sat<0.05=0.0% mean=0.720 p10=0.558 p90=0.982
Iter 0008520: train nll 0.746, valid error 040.200%, best valid error 038.290%, avg grad norm  36.600, avg grad norm (post clip)   0.526, rho_Whh  1.13, Omega  0.00, alpha  1.000, steps in the past 0.000, valid nll 0.701
  [diag] log10|dL/dh_t| hist bins=60 range=(-12.50,-11.50) mean=-12.00 p50=-12.00 p05=-12.00 p95=-12.00
  [diag] sat-dist hist bins=60 sat<0.05=0.0% mean=0.716 p10=0.578 p90=0.973
Iter 0008540: train nll 0.718, valid error 054.610%, best valid error 038.290%, avg grad norm  22.344, avg grad norm (post clip)   0.526, rho_Whh  1.13, Omega  0.00, alpha  1.000, steps in the past 0.000, valid nll 0.902
  [diag] log10|dL/dh_t| hist bins=60 range=(-12.50,-11.50) mean=-12.00 p50=-12.00 p05=-12.00 p95=-12.00
  [diag] sat-dist hist bins=60 sat<0.05=0.0% mean=0.721 p10=0.556 p90=0.983
Iter 0008560: train nll 0.747, valid error 040.780%, best valid error 038.290%, avg grad norm  28.893, avg grad norm (post clip)   0.526, rho_Whh  1.13, Omega  0.00, alpha  1.000, steps in the past 0.000, valid nll 0.699
  [diag] log10|dL/dh_t| hist bins=60 range=(-12.50,-11.50) mean=-12.00 p50=-12.00 p05=-12.00 p95=-12.00
  [diag] sat-dist hist bins=60 sat<0.05=0.0% mean=0.719 p10=0.558 p90=0.982
Iter 0008580: train nll 0.725, valid error 042.110%, best valid error 038.290%, avg grad norm  22.095, avg grad norm (post clip)   0.526, rho_Whh  1.13, Omega  0.00, alpha  1.000, steps in the past 0.000, valid nll 0.701
  [diag] log10|dL/dh_t| hist bins=60 range=(-12.50,-11.50) mean=-12.00 p50=-12.00 p05=-12.00 p95=-12.00
  [diag] sat-dist hist bins=60 sat<0.05=0.0% mean=0.718 p10=0.574 p90=0.979
Iter 0008600: train nll 0.746, valid error 047.090%, best valid error 038.290%, avg grad norm  31.755, avg grad norm (post clip)   0.526, rho_Whh  1.13, Omega  0.00, alpha  1.000, steps in the past 0.000, valid nll 0.729
  [diag] log10|dL/dh_t| hist bins=60 range=(-12.50,-11.50) mean=-12.00 p50=-12.00 p05=-12.00 p95=-12.00
  [diag] sat-dist hist bins=60 sat<0.05=0.0% mean=0.719 p10=0.553 p90=0.980
Iter 0008620: train nll 0.717, valid error 043.510%, best valid error 038.290%, avg grad norm  21.656, avg grad norm (post clip)   0.526, rho_Whh  1.13, Omega  0.00, alpha  1.000, steps in the past 0.000, valid nll 0.704
  [diag] log10|dL/dh_t| hist bins=60 range=(-12.50,-11.50) mean=-12.00 p50=-12.00 p05=-12.00 p95=-12.00
  [diag] sat-dist hist bins=60 sat<0.05=0.0% mean=0.716 p10=0.582 p90=0.977
Iter 0008640: train nll 0.715, valid error 048.370%, best valid error 038.290%, avg grad norm  21.656, avg grad norm (post clip)   0.526, rho_Whh  1.13, Omega  0.00, alpha  1.000, steps in the past 0.000, valid nll 0.760
  [diag] log10|dL/dh_t| hist bins=60 range=(-12.50,-11.50) mean=-12.00 p50=-12.00 p05=-12.00 p95=-12.00
  [diag] sat-dist hist bins=60 sat<0.05=0.0% mean=0.716 p10=0.574 p90=0.974
Iter 0008660: train nll 0.741, valid error 054.300%, best valid error 038.290%, avg grad norm  32.629, avg grad norm (post clip)   0.526, rho_Whh  1.13, Omega  0.00, alpha  1.000, steps in the past 0.000, valid nll 0.900
  [diag] log10|dL/dh_t| hist bins=60 range=(-12.50,-11.50) mean=-12.00 p50=-12.00 p05=-12.00 p95=-12.00
  [diag] sat-dist hist bins=60 sat<0.05=0.0% mean=0.722 p10=0.554 p90=0.982
Iter 0008680: train nll 0.723, valid error 040.720%, best valid error 038.290%, avg grad norm  27.119, avg grad norm (post clip)   0.526, rho_Whh  1.13, Omega  0.00, alpha  1.000, steps in the past 0.000, valid nll 0.711
  [diag] log10|dL/dh_t| hist bins=60 range=(-12.50,-11.50) mean=-12.00 p50=-12.00 p05=-12.00 p95=-12.00
  [diag] sat-dist hist bins=60 sat<0.05=0.0% mean=0.717 p10=0.576 p90=0.978
Iter 0008700: train nll 0.719, valid error 047.520%, best valid error 038.290%, avg grad norm  27.038, avg grad norm (post clip)   0.526, rho_Whh  1.13, Omega  0.00, alpha  1.000, steps in the past 0.000, valid nll 0.740
  [diag] log10|dL/dh_t| hist bins=60 range=(-12.50,-11.50) mean=-12.00 p50=-12.00 p05=-12.00 p95=-12.00
  [diag] sat-dist hist bins=60 sat<0.05=0.0% mean=0.719 p10=0.552 p90=0.982
Iter 0008720: train nll 0.729, valid error 044.030%, best valid error 038.290%, avg grad norm  28.308, avg grad norm (post clip)   0.526, rho_Whh  1.13, Omega  0.00, alpha  1.000, steps in the past 0.000, valid nll 0.702
  [diag] log10|dL/dh_t| hist bins=60 range=(-12.50,-11.50) mean=-12.00 p50=-12.00 p05=-12.00 p95=-12.00
  [diag] sat-dist hist bins=60 sat<0.05=0.0% mean=0.720 p10=0.555 p90=0.983
Iter 0008740: train nll 0.721, valid error 041.680%, best valid error 038.290%, avg grad norm  21.510, avg grad norm (post clip)   0.526, rho_Whh  1.13, Omega  0.00, alpha  1.000, steps in the past 0.000, valid nll 0.703
  [diag] log10|dL/dh_t| hist bins=60 range=(-12.50,-11.50) mean=-12.00 p50=-12.00 p05=-12.00 p95=-12.00
  [diag] sat-dist hist bins=60 sat<0.05=0.0% mean=0.717 p10=0.577 p90=0.978
Iter 0008760: train nll 0.708, valid error 049.120%, best valid error 038.290%, avg grad norm  14.609, avg grad norm (post clip)   0.526, rho_Whh  1.13, Omega  0.00, alpha  1.000, steps in the past 0.000, valid nll 0.805
  [diag] log10|dL/dh_t| hist bins=60 range=(-12.50,-11.50) mean=-12.00 p50=-12.00 p05=-12.00 p95=-12.00
  [diag] sat-dist hist bins=60 sat<0.05=0.0% mean=0.718 p10=0.561 p90=0.982
Iter 0008780: train nll 0.741, valid error 044.260%, best valid error 038.290%, avg grad norm  36.626, avg grad norm (post clip)   0.526, rho_Whh  1.13, Omega  0.00, alpha  1.000, steps in the past 0.000, valid nll 0.701
  [diag] log10|dL/dh_t| hist bins=60 range=(-12.50,-11.50) mean=-12.00 p50=-12.00 p05=-12.00 p95=-12.00
  [diag] sat-dist hist bins=60 sat<0.05=0.0% mean=0.722 p10=0.551 p90=0.982
Iter 0008800: train nll 0.726, valid error 040.480%, best valid error 038.290%, avg grad norm  25.373, avg grad norm (post clip)   0.526, rho_Whh  1.13, Omega  0.00, alpha  1.000, steps in the past 0.000, valid nll 0.694
  [diag] log10|dL/dh_t| hist bins=60 range=(-12.50,-11.50) mean=-12.00 p50=-12.00 p05=-12.00 p95=-12.00
  [diag] sat-dist hist bins=60 sat<0.05=0.0% mean=0.716 p10=0.575 p90=0.974
Iter 0008820: train nll 0.763, valid error 045.170%, best valid error 038.290%, avg grad norm  43.918, avg grad norm (post clip)   0.526, rho_Whh  1.13, Omega  0.00, alpha  1.000, steps in the past 0.000, valid nll 0.721
  [diag] log10|dL/dh_t| hist bins=60 range=(-12.50,-11.50) mean=-12.00 p50=-12.00 p05=-12.00 p95=-12.00
  [diag] sat-dist hist bins=60 sat<0.05=0.0% mean=0.720 p10=0.554 p90=0.982
Iter 0008840: train nll 0.721, valid error 038.450%, best valid error 038.290%, avg grad norm  24.755, avg grad norm (post clip)   0.526, rho_Whh  1.13, Omega  0.00, alpha  1.000, steps in the past 0.000, valid nll 0.691
  [diag] log10|dL/dh_t| hist bins=60 range=(-12.50,-11.50) mean=-12.00 p50=-12.00 p05=-12.00 p95=-12.00
  [diag] sat-dist hist bins=60 sat<0.05=0.0% mean=0.720 p10=0.556 p90=0.980
Iter 0008860: train nll 0.740, valid error 038.830%, best valid error 038.290%, avg grad norm  33.074, avg grad norm (post clip)   0.526, rho_Whh  1.12, Omega  0.00, alpha  1.000, steps in the past 0.000, valid nll 0.730
  [diag] log10|dL/dh_t| hist bins=60 range=(-12.50,-11.50) mean=-12.00 p50=-12.00 p05=-12.00 p95=-12.00
  [diag] sat-dist hist bins=60 sat<0.05=0.0% mean=0.718 p10=0.571 p90=0.979
Iter 0008880: train nll 0.722, valid error 045.870%, best valid error 038.290%, avg grad norm  23.139, avg grad norm (post clip)   0.526, rho_Whh  1.12, Omega  0.00, alpha  1.000, steps in the past 0.000, valid nll 0.705
  [diag] log10|dL/dh_t| hist bins=60 range=(-12.50,-11.50) mean=-12.00 p50=-12.00 p05=-12.00 p95=-12.00
  [diag] sat-dist hist bins=60 sat<0.05=0.0% mean=0.720 p10=0.557 p90=0.980
Iter 0008900: train nll 0.722, valid error 044.940%, best valid error 038.290%, avg grad norm  27.122, avg grad norm (post clip)   0.526, rho_Whh  1.12, Omega  0.00, alpha  1.000, steps in the past 0.000, valid nll 0.705
  [diag] log10|dL/dh_t| hist bins=60 range=(-12.50,-11.50) mean=-12.00 p50=-12.00 p05=-12.00 p95=-12.00
  [diag] sat-dist hist bins=60 sat<0.05=0.0% mean=0.716 p10=0.595 p90=0.973
Iter 0008920: train nll 0.721, valid error 055.250%, best valid error 038.290%, avg grad norm  24.522, avg grad norm (post clip)   0.526, rho_Whh  1.12, Omega  0.00, alpha  1.000, steps in the past 0.000, valid nll 0.928
  [diag] log10|dL/dh_t| hist bins=60 range=(-12.50,-11.50) mean=-12.00 p50=-12.00 p05=-12.00 p95=-12.00
  [diag] sat-dist hist bins=60 sat<0.05=0.0% mean=0.721 p10=0.555 p90=0.982
Iter 0008940: train nll 0.743, valid error 037.550%, best valid error 038.290%, avg grad norm  29.469, avg grad norm (post clip)   0.526, rho_Whh  1.12, Omega  0.00, alpha  1.000, steps in the past 0.000, valid nll 0.698
  [diag] log10|dL/dh_t| hist bins=60 range=(-12.50,-11.50) mean=-12.00 p50=-12.00 p05=-12.00 p95=-12.00
  [diag] sat-dist hist bins=60 sat<0.05=0.0% mean=0.719 p10=0.560 p90=0.982
Iter 0008960: train nll 0.727, valid error 045.030%, best valid error 037.550%, avg grad norm  26.481, avg grad norm (post clip)   0.526, rho_Whh  1.12, Omega  0.00, alpha  1.000, steps in the past 0.000, valid nll 0.707
  [diag] log10|dL/dh_t| hist bins=60 range=(-12.50,-11.50) mean=-12.00 p50=-12.00 p05=-12.00 p95=-12.00
  [diag] sat-dist hist bins=60 sat<0.05=0.0% mean=0.717 p10=0.584 p90=0.976
Iter 0008980: train nll 0.717, valid error 047.130%, best valid error 037.550%, avg grad norm  22.167, avg grad norm (post clip)   0.526, rho_Whh  1.12, Omega  0.00, alpha  1.000, steps in the past 0.000, valid nll 0.740
  [diag] log10|dL/dh_t| hist bins=60 range=(-12.50,-11.50) mean=-12.00 p50=-12.00 p05=-12.00 p95=-12.00
  [diag] sat-dist hist bins=60 sat<0.05=0.0% mean=0.717 p10=0.584 p90=0.969
Iter 0009000: train nll 0.711, valid error 054.360%, best valid error 037.550%, avg grad norm  18.631, avg grad norm (post clip)   0.526, rho_Whh  1.12, Omega  0.00, alpha  1.000, steps in the past 0.000, valid nll 0.892
  [diag] log10|dL/dh_t| hist bins=60 range=(-12.50,-11.50) mean=-12.00 p50=-12.00 p05=-12.00 p95=-12.00
  [diag] sat-dist hist bins=60 sat<0.05=0.0% mean=0.721 p10=0.561 p90=0.981
Iter 0009020: train nll 0.735, valid error 044.930%, best valid error 037.550%, avg grad norm  26.200, avg grad norm (post clip)   0.526, rho_Whh  1.12, Omega  0.00, alpha  1.000, steps in the past 0.000, valid nll 0.704
  [diag] log10|dL/dh_t| hist bins=60 range=(-12.50,-11.50) mean=-12.00 p50=-12.00 p05=-12.00 p95=-12.00
  [diag] sat-dist hist bins=60 sat<0.05=0.0% mean=0.724 p10=0.569 p90=0.980
Iter 0009040: train nll 0.721, valid error 046.500%, best valid error 037.550%, avg grad norm  22.908, avg grad norm (post clip)   0.526, rho_Whh  1.12, Omega  0.00, alpha  1.000, steps in the past 0.000, valid nll 0.809
  [diag] log10|dL/dh_t| hist bins=60 range=(-12.50,-11.50) mean=-12.00 p50=-12.00 p05=-12.00 p95=-12.00
  [diag] sat-dist hist bins=60 sat<0.05=0.0% mean=0.721 p10=0.562 p90=0.982
Iter 0009060: train nll 0.725, valid error 041.970%, best valid error 037.550%, avg grad norm  32.733, avg grad norm (post clip)   0.526, rho_Whh  1.12, Omega  0.00, alpha  1.000, steps in the past 0.000, valid nll 0.707
  [diag] log10|dL/dh_t| hist bins=60 range=(-12.50,-11.50) mean=-12.00 p50=-12.00 p05=-12.00 p95=-12.00
  [diag] sat-dist hist bins=60 sat<0.05=0.0% mean=0.723 p10=0.558 p90=0.980
Iter 0009080: train nll 0.728, valid error 039.140%, best valid error 037.550%, avg grad norm  25.063, avg grad norm (post clip)   0.526, rho_Whh  1.12, Omega  0.00, alpha  1.000, steps in the past 0.000, valid nll 0.706
  [diag] log10|dL/dh_t| hist bins=60 range=(-12.50,-11.50) mean=-12.00 p50=-12.00 p05=-12.00 p95=-12.00
  [diag] sat-dist hist bins=60 sat<0.05=0.0% mean=0.719 p10=0.571 p90=0.979
Iter 0009100: train nll 0.711, valid error 045.100%, best valid error 037.550%, avg grad norm  24.966, avg grad norm (post clip)   0.526, rho_Whh  1.12, Omega  0.00, alpha  1.000, steps in the past 0.000, valid nll 0.702
  [diag] log10|dL/dh_t| hist bins=60 range=(-12.50,-11.50) mean=-12.00 p50=-12.00 p05=-12.00 p95=-12.00
  [diag] sat-dist hist bins=60 sat<0.05=0.0% mean=0.721 p10=0.565 p90=0.980
Iter 0009120: train nll 0.756, valid error 041.580%, best valid error 037.550%, avg grad norm  38.527, avg grad norm (post clip)   0.526, rho_Whh  1.12, Omega  0.00, alpha  1.000, steps in the past 0.000, valid nll 0.699
  [diag] log10|dL/dh_t| hist bins=60 range=(-12.50,-11.50) mean=-12.00 p50=-12.00 p05=-12.00 p95=-12.00
  [diag] sat-dist hist bins=60 sat<0.05=0.0% mean=0.723 p10=0.558 p90=0.980
Iter 0009140: train nll 0.712, valid error 038.460%, best valid error 037.550%, avg grad norm  20.705, avg grad norm (post clip)   0.526, rho_Whh  1.12, Omega  0.00, alpha  1.000, steps in the past 0.000, valid nll 0.692
  [diag] log10|dL/dh_t| hist bins=60 range=(-12.50,-11.50) mean=-12.00 p50=-12.00 p05=-12.00 p95=-12.00
  [diag] sat-dist hist bins=60 sat<0.05=0.0% mean=0.721 p10=0.564 p90=0.982
Iter 0009160: train nll 0.710, valid error 046.210%, best valid error 037.550%, avg grad norm  20.733, avg grad norm (post clip)   0.526, rho_Whh  1.12, Omega  0.00, alpha  1.000, steps in the past 0.000, valid nll 0.711
  [diag] log10|dL/dh_t| hist bins=60 range=(-12.50,-11.50) mean=-12.00 p50=-12.00 p05=-12.00 p95=-12.00
  [diag] sat-dist hist bins=60 sat<0.05=0.0% mean=0.723 p10=0.557 p90=0.982
Iter 0009180: train nll 0.737, valid error 038.500%, best valid error 037.550%, avg grad norm  31.896, avg grad norm (post clip)   0.526, rho_Whh  1.12, Omega  0.00, alpha  1.000, steps in the past 0.000, valid nll 0.689
  [diag] log10|dL/dh_t| hist bins=60 range=(-12.50,-11.50) mean=-12.00 p50=-12.00 p05=-12.00 p95=-12.00
  [diag] sat-dist hist bins=60 sat<0.05=0.0% mean=0.722 p10=0.569 p90=0.975
Iter 0009200: train nll 0.709, valid error 048.930%, best valid error 037.550%, avg grad norm  16.345, avg grad norm (post clip)   0.526, rho_Whh  1.12, Omega  0.00, alpha  1.000, steps in the past 0.000, valid nll 0.885
  [diag] log10|dL/dh_t| hist bins=60 range=(-12.50,-11.50) mean=-12.00 p50=-12.00 p05=-12.00 p95=-12.00
  [diag] sat-dist hist bins=60 sat<0.05=0.0% mean=0.721 p10=0.565 p90=0.980
Iter 0009220: train nll 0.719, valid error 045.080%, best valid error 037.550%, avg grad norm  26.770, avg grad norm (post clip)   0.526, rho_Whh  1.12, Omega  0.00, alpha  1.000, steps in the past 0.000, valid nll 0.704
  [diag] log10|dL/dh_t| hist bins=60 range=(-12.50,-11.50) mean=-12.00 p50=-12.00 p05=-12.00 p95=-12.00
  [diag] sat-dist hist bins=60 sat<0.05=0.0% mean=0.722 p10=0.565 p90=0.977
Iter 0009240: train nll 0.738, valid error 050.330%, best valid error 037.550%, avg grad norm  29.978, avg grad norm (post clip)   0.526, rho_Whh  1.12, Omega  0.00, alpha  1.000, steps in the past 0.000, valid nll 0.806
  [diag] log10|dL/dh_t| hist bins=60 range=(-12.50,-11.50) mean=-12.00 p50=-12.00 p05=-12.00 p95=-12.00
  [diag] sat-dist hist bins=60 sat<0.05=0.0% mean=0.723 p10=0.566 p90=0.980
Iter 0009260: train nll 0.755, valid error 043.460%, best valid error 037.550%, avg grad norm  45.165, avg grad norm (post clip)   0.526, rho_Whh  1.12, Omega  0.00, alpha  1.000, steps in the past 0.000, valid nll 0.697
  [diag] log10|dL/dh_t| hist bins=60 range=(-12.50,-11.50) mean=-12.00 p50=-12.00 p05=-12.00 p95=-12.00
  [diag] sat-dist hist bins=60 sat<0.05=0.0% mean=0.722 p10=0.563 p90=0.982
Iter 0009280: train nll 0.710, valid error 044.380%, best valid error 037.550%, avg grad norm  21.920, avg grad norm (post clip)   0.526, rho_Whh  1.12, Omega  0.00, alpha  1.000, steps in the past 0.000, valid nll 0.706
  [diag] log10|dL/dh_t| hist bins=60 range=(-12.50,-11.50) mean=-12.00 p50=-12.00 p05=-12.00 p95=-12.00
  [diag] sat-dist hist bins=60 sat<0.05=0.0% mean=0.721 p10=0.580 p90=0.976
Iter 0009300: train nll 0.707, valid error 046.310%, best valid error 037.550%, avg grad norm  20.080, avg grad norm (post clip)   0.526, rho_Whh  1.11, Omega  0.00, alpha  1.000, steps in the past 0.000, valid nll 0.726
  [diag] log10|dL/dh_t| hist bins=60 range=(-12.50,-11.50) mean=-12.00 p50=-12.00 p05=-12.00 p95=-12.00
  [diag] sat-dist hist bins=60 sat<0.05=0.0% mean=0.722 p10=0.570 p90=0.979
Iter 0009320: train nll 0.718, valid error 045.330%, best valid error 037.550%, avg grad norm  21.335, avg grad norm (post clip)   0.526, rho_Whh  1.11, Omega  0.00, alpha  1.000, steps in the past 0.000, valid nll 0.700
  [diag] log10|dL/dh_t| hist bins=60 range=(-12.50,-11.50) mean=-12.00 p50=-12.00 p05=-12.00 p95=-12.00
  [diag] sat-dist hist bins=60 sat<0.05=0.0% mean=0.722 p10=0.561 p90=0.980
Iter 0009340: train nll 0.705, valid error 042.190%, best valid error 037.550%, avg grad norm  20.158, avg grad norm (post clip)   0.526, rho_Whh  1.11, Omega  0.00, alpha  1.000, steps in the past 0.000, valid nll 0.700
  [diag] log10|dL/dh_t| hist bins=60 range=(-12.50,-11.50) mean=-12.00 p50=-12.00 p05=-12.00 p95=-12.00
  [diag] sat-dist hist bins=60 sat<0.05=0.0% mean=0.722 p10=0.564 p90=0.980
Iter 0009360: train nll 0.716, valid error 038.910%, best valid error 037.550%, avg grad norm  20.408, avg grad norm (post clip)   0.526, rho_Whh  1.12, Omega  0.00, alpha  1.000, steps in the past 0.000, valid nll 0.701
  [diag] log10|dL/dh_t| hist bins=60 range=(-12.50,-11.50) mean=-12.00 p50=-12.00 p05=-12.00 p95=-12.00
  [diag] sat-dist hist bins=60 sat<0.05=0.0% mean=0.723 p10=0.561 p90=0.980
Iter 0009380: train nll 0.728, valid error 042.130%, best valid error 037.550%, avg grad norm  29.383, avg grad norm (post clip)   0.526, rho_Whh  1.11, Omega  0.00, alpha  1.000, steps in the past 0.000, valid nll 0.696
  [diag] log10|dL/dh_t| hist bins=60 range=(-12.50,-11.50) mean=-12.00 p50=-12.00 p05=-12.00 p95=-12.00
  [diag] sat-dist hist bins=60 sat<0.05=0.0% mean=0.722 p10=0.564 p90=0.981
Iter 0009400: train nll 0.737, valid error 043.570%, best valid error 037.550%, avg grad norm  29.229, avg grad norm (post clip)   0.526, rho_Whh  1.11, Omega  0.00, alpha  1.000, steps in the past 0.000, valid nll 0.695
  [diag] log10|dL/dh_t| hist bins=60 range=(-12.50,-11.50) mean=-12.00 p50=-12.00 p05=-12.00 p95=-12.00
  [diag] sat-dist hist bins=60 sat<0.05=0.0% mean=0.725 p10=0.573 p90=0.978
Iter 0009420: train nll 0.724, valid error 039.210%, best valid error 037.550%, avg grad norm  28.634, avg grad norm (post clip)   0.526, rho_Whh  1.11, Omega  0.00, alpha  1.000, steps in the past 0.000, valid nll 0.789
  [diag] log10|dL/dh_t| hist bins=60 range=(-12.50,-11.50) mean=-12.00 p50=-12.00 p05=-12.00 p95=-12.00
  [diag] sat-dist hist bins=60 sat<0.05=0.0% mean=0.724 p10=0.581 p90=0.976
Iter 0009440: train nll 0.733, valid error 044.840%, best valid error 037.550%, avg grad norm  35.087, avg grad norm (post clip)   0.526, rho_Whh  1.11, Omega  0.00, alpha  1.000, steps in the past 0.000, valid nll 0.723
  [diag] log10|dL/dh_t| hist bins=60 range=(-12.50,-11.50) mean=-12.00 p50=-12.00 p05=-12.00 p95=-12.00
  [diag] sat-dist hist bins=60 sat<0.05=0.0% mean=0.728 p10=0.562 p90=0.982
Iter 0009460: train nll 0.703, valid error 040.140%, best valid error 037.550%, avg grad norm  17.739, avg grad norm (post clip)   0.526, rho_Whh  1.11, Omega  0.00, alpha  1.000, steps in the past 0.000, valid nll 0.731
  [diag] log10|dL/dh_t| hist bins=60 range=(-12.50,-11.50) mean=-12.00 p50=-12.00 p05=-12.00 p95=-12.00
  [diag] sat-dist hist bins=60 sat<0.05=0.0% mean=0.721 p10=0.587 p90=0.974
Iter 0009480: train nll 0.719, valid error 046.200%, best valid error 037.550%, avg grad norm  31.373, avg grad norm (post clip)   0.526, rho_Whh  1.11, Omega  0.00, alpha  1.000, steps in the past 0.000, valid nll 0.730
  [diag] log10|dL/dh_t| hist bins=60 range=(-12.50,-11.50) mean=-12.00 p50=-12.00 p05=-12.00 p95=-12.00
  [diag] sat-dist hist bins=60 sat<0.05=0.0% mean=0.724 p10=0.565 p90=0.978
Iter 0009500: train nll 0.719, valid error 041.880%, best valid error 037.550%, avg grad norm  20.447, avg grad norm (post clip)   0.526, rho_Whh  1.11, Omega  0.00, alpha  1.000, steps in the past 0.000, valid nll 0.702
  [diag] log10|dL/dh_t| hist bins=60 range=(-12.50,-11.50) mean=-12.00 p50=-12.00 p05=-12.00 p95=-12.00
  [diag] sat-dist hist bins=60 sat<0.05=0.0% mean=0.726 p10=0.564 p90=0.981
Iter 0009520: train nll 0.711, valid error 037.860%, best valid error 037.550%, avg grad norm  20.425, avg grad norm (post clip)   0.526, rho_Whh  1.11, Omega  0.00, alpha  1.000, steps in the past 0.000, valid nll 0.684
  [diag] log10|dL/dh_t| hist bins=60 range=(-12.50,-11.50) mean=-12.00 p50=-12.00 p05=-12.00 p95=-12.00
  [diag] sat-dist hist bins=60 sat<0.05=0.0% mean=0.724 p10=0.567 p90=0.978
Iter 0009540: train nll 0.704, valid error 045.030%, best valid error 037.550%, avg grad norm  14.660, avg grad norm (post clip)   0.526, rho_Whh  1.11, Omega  0.00, alpha  1.000, steps in the past 0.000, valid nll 0.711
  [diag] log10|dL/dh_t| hist bins=60 range=(-12.50,-11.50) mean=-12.00 p50=-12.00 p05=-12.00 p95=-12.00
  [diag] sat-dist hist bins=60 sat<0.05=0.0% mean=0.723 p10=0.577 p90=0.976
Iter 0009560: train nll 0.720, valid error 045.680%, best valid error 037.550%, avg grad norm  27.987, avg grad norm (post clip)   0.526, rho_Whh  1.11, Omega  0.00, alpha  1.000, steps in the past 0.000, valid nll 0.704
  [diag] log10|dL/dh_t| hist bins=60 range=(-12.50,-11.50) mean=-12.00 p50=-12.00 p05=-12.00 p95=-12.00
  [diag] sat-dist hist bins=60 sat<0.05=0.0% mean=0.724 p10=0.568 p90=0.978
Iter 0009580: train nll 0.703, valid error 042.890%, best valid error 037.550%, avg grad norm  18.406, avg grad norm (post clip)   0.526, rho_Whh  1.11, Omega  0.00, alpha  1.000, steps in the past 0.000, valid nll 0.696
  [diag] log10|dL/dh_t| hist bins=60 range=(-12.50,-11.50) mean=-12.00 p50=-12.00 p05=-12.00 p95=-12.00
  [diag] sat-dist hist bins=60 sat<0.05=0.0% mean=0.723 p10=0.571 p90=0.976
Iter 0009600: train nll 0.708, valid error 044.050%, best valid error 037.550%, avg grad norm  16.312, avg grad norm (post clip)   0.526, rho_Whh  1.11, Omega  0.00, alpha  1.000, steps in the past 0.000, valid nll 0.713
  [diag] log10|dL/dh_t| hist bins=60 range=(-12.50,-11.50) mean=-12.00 p50=-12.00 p05=-12.00 p95=-12.00
  [diag] sat-dist hist bins=60 sat<0.05=0.0% mean=0.721 p10=0.564 p90=0.980
Iter 0009620: train nll 0.700, valid error 044.650%, best valid error 037.550%, avg grad norm  14.661, avg grad norm (post clip)   0.526, rho_Whh  1.11, Omega  0.00, alpha  1.000, steps in the past 0.000, valid nll 0.701
  [diag] log10|dL/dh_t| hist bins=60 range=(-12.50,-11.50) mean=-12.00 p50=-12.00 p05=-12.00 p95=-12.00
  [diag] sat-dist hist bins=60 sat<0.05=0.0% mean=0.720 p10=0.572 p90=0.976
Iter 0009640: train nll 0.700, valid error 043.650%, best valid error 037.550%, avg grad norm  15.623, avg grad norm (post clip)   0.526, rho_Whh  1.11, Omega  0.00, alpha  1.000, steps in the past 0.000, valid nll 0.696
  [diag] log10|dL/dh_t| hist bins=60 range=(-12.50,-11.50) mean=-12.00 p50=-12.00 p05=-12.00 p95=-12.00
  [diag] sat-dist hist bins=60 sat<0.05=0.0% mean=0.719 p10=0.572 p90=0.976
Iter 0009660: train nll 0.719, valid error 044.590%, best valid error 037.550%, avg grad norm  25.707, avg grad norm (post clip)   0.526, rho_Whh  1.11, Omega  0.00, alpha  1.000, steps in the past 0.000, valid nll 0.702
  [diag] log10|dL/dh_t| hist bins=60 range=(-12.50,-11.50) mean=-12.00 p50=-12.00 p05=-12.00 p95=-12.00
  [diag] sat-dist hist bins=60 sat<0.05=0.0% mean=0.722 p10=0.567 p90=0.978
Iter 0009680: train nll 0.708, valid error 037.410%, best valid error 037.550%, avg grad norm  22.184, avg grad norm (post clip)   0.526, rho_Whh  1.11, Omega  0.00, alpha  1.000, steps in the past 0.000, valid nll 0.699
  [diag] log10|dL/dh_t| hist bins=60 range=(-12.50,-11.50) mean=-12.00 p50=-12.00 p05=-12.00 p95=-12.00
  [diag] sat-dist hist bins=60 sat<0.05=0.0% mean=0.722 p10=0.560 p90=0.981
Iter 0009700: train nll 0.702, valid error 038.270%, best valid error 037.410%, avg grad norm  15.684, avg grad norm (post clip)   0.526, rho_Whh  1.11, Omega  0.00, alpha  1.000, steps in the past 0.000, valid nll 0.681
  [diag] log10|dL/dh_t| hist bins=60 range=(-12.50,-11.50) mean=-12.00 p50=-12.00 p05=-12.00 p95=-12.00
  [diag] sat-dist hist bins=60 sat<0.05=0.0% mean=0.724 p10=0.560 p90=0.981
Iter 0009720: train nll 0.704, valid error 037.000%, best valid error 037.410%, avg grad norm  15.924, avg grad norm (post clip)   0.526, rho_Whh  1.11, Omega  0.00, alpha  1.000, steps in the past 0.000, valid nll 0.683
  [diag] log10|dL/dh_t| hist bins=60 range=(-12.50,-11.50) mean=-12.00 p50=-12.00 p05=-12.00 p95=-12.00
  [diag] sat-dist hist bins=60 sat<0.05=0.0% mean=0.724 p10=0.571 p90=0.977
Iter 0009740: train nll 0.722, valid error 036.740%, best valid error 037.000%, avg grad norm  25.488, avg grad norm (post clip)   0.526, rho_Whh  1.11, Omega  0.00, alpha  1.000, steps in the past 0.000, valid nll 0.732
  [diag] log10|dL/dh_t| hist bins=60 range=(-12.50,-11.50) mean=-12.00 p50=-12.00 p05=-12.00 p95=-12.00
  [diag] sat-dist hist bins=60 sat<0.05=0.0% mean=0.725 p10=0.568 p90=0.979
Iter 0009760: train nll 0.698, valid error 038.330%, best valid error 036.740%, avg grad norm  19.914, avg grad norm (post clip)   0.526, rho_Whh  1.11, Omega  0.00, alpha  1.000, steps in the past 0.000, valid nll 0.707
  [diag] log10|dL/dh_t| hist bins=60 range=(-12.50,-11.50) mean=-12.00 p50=-12.00 p05=-12.00 p95=-12.00
  [diag] sat-dist hist bins=60 sat<0.05=0.0% mean=0.723 p10=0.565 p90=0.980
Iter 0009780: train nll 0.710, valid error 044.130%, best valid error 036.740%, avg grad norm  21.774, avg grad norm (post clip)   0.526, rho_Whh  1.11, Omega  0.00, alpha  1.000, steps in the past 0.000, valid nll 0.705
  [diag] log10|dL/dh_t| hist bins=60 range=(-12.50,-11.50) mean=-12.00 p50=-12.00 p05=-12.00 p95=-12.00
  [diag] sat-dist hist bins=60 sat<0.05=0.0% mean=0.726 p10=0.568 p90=0.978
Iter 0009800: train nll 0.700, valid error 038.470%, best valid error 036.740%, avg grad norm  21.992, avg grad norm (post clip)   0.526, rho_Whh  1.11, Omega  0.00, alpha  1.000, steps in the past 0.000, valid nll 0.706
  [diag] log10|dL/dh_t| hist bins=60 range=(-12.50,-11.50) mean=-12.00 p50=-12.00 p05=-12.00 p95=-12.00
  [diag] sat-dist hist bins=60 sat<0.05=0.0% mean=0.722 p10=0.571 p90=0.978
Iter 0009820: train nll 0.718, valid error 044.080%, best valid error 036.740%, avg grad norm  30.081, avg grad norm (post clip)   0.526, rho_Whh  1.11, Omega  0.00, alpha  1.000, steps in the past 0.000, valid nll 0.699
  [diag] log10|dL/dh_t| hist bins=60 range=(-12.50,-11.50) mean=-12.00 p50=-12.00 p05=-12.00 p95=-12.00
  [diag] sat-dist hist bins=60 sat<0.05=0.0% mean=0.723 p10=0.566 p90=0.979
Iter 0009840: train nll 0.703, valid error 048.030%, best valid error 036.740%, avg grad norm  22.314, avg grad norm (post clip)   0.526, rho_Whh  1.11, Omega  0.00, alpha  1.000, steps in the past 0.000, valid nll 0.725
  [diag] log10|dL/dh_t| hist bins=60 range=(-12.50,-11.50) mean=-12.00 p50=-12.00 p05=-12.00 p95=-12.00
  [diag] sat-dist hist bins=60 sat<0.05=0.0% mean=0.723 p10=0.570 p90=0.976
Iter 0009860: train nll 0.724, valid error 041.590%, best valid error 036.740%, avg grad norm  32.746, avg grad norm (post clip)   0.526, rho_Whh  1.11, Omega  0.00, alpha  1.000, steps in the past 0.000, valid nll 0.693
  [diag] log10|dL/dh_t| hist bins=60 range=(-12.50,-11.50) mean=-12.00 p50=-12.00 p05=-12.00 p95=-12.00
  [diag] sat-dist hist bins=60 sat<0.05=0.0% mean=0.727 p10=0.562 p90=0.980
Iter 0009880: train nll 0.702, valid error 039.980%, best valid error 036.740%, avg grad norm  17.363, avg grad norm (post clip)   0.526, rho_Whh  1.11, Omega  0.00, alpha  1.000, steps in the past 0.000, valid nll 0.747
  [diag] log10|dL/dh_t| hist bins=60 range=(-12.50,-11.50) mean=-12.00 p50=-12.00 p05=-12.00 p95=-12.00
  [diag] sat-dist hist bins=60 sat<0.05=0.0% mean=0.725 p10=0.568 p90=0.977
Iter 0009900: train nll 0.708, valid error 038.260%, best valid error 036.740%, avg grad norm  22.852, avg grad norm (post clip)   0.526, rho_Whh  1.11, Omega  0.00, alpha  1.000, steps in the past 0.000, valid nll 0.713
  [diag] log10|dL/dh_t| hist bins=60 range=(-12.50,-11.50) mean=-12.00 p50=-12.00 p05=-12.00 p95=-12.00
  [diag] sat-dist hist bins=60 sat<0.05=0.0% mean=0.722 p10=0.564 p90=0.979
Iter 0009920: train nll 0.702, valid error 043.510%, best valid error 036.740%, avg grad norm  26.267, avg grad norm (post clip)   0.526, rho_Whh  1.11, Omega  0.00, alpha  1.000, steps in the past 0.000, valid nll 0.705
  [diag] log10|dL/dh_t| hist bins=60 range=(-12.50,-11.50) mean=-12.00 p50=-12.00 p05=-12.00 p95=-12.00
  [diag] sat-dist hist bins=60 sat<0.05=0.0% mean=0.724 p10=0.566 p90=0.980
Iter 0009940: train nll 0.730, valid error 039.690%, best valid error 036.740%, avg grad norm  39.948, avg grad norm (post clip)   0.526, rho_Whh  1.10, Omega  0.00, alpha  1.000, steps in the past 0.000, valid nll 0.688
  [diag] log10|dL/dh_t| hist bins=60 range=(-12.50,-11.50) mean=-12.00 p50=-12.00 p05=-12.00 p95=-12.00
  [diag] sat-dist hist bins=60 sat<0.05=0.0% mean=0.728 p10=0.567 p90=0.977
Iter 0009960: train nll 0.712, valid error 040.660%, best valid error 036.740%, avg grad norm  21.013, avg grad norm (post clip)   0.526, rho_Whh  1.10, Omega  0.00, alpha  1.000, steps in the past 0.000, valid nll 0.754
  [diag] log10|dL/dh_t| hist bins=60 range=(-12.50,-11.50) mean=-12.00 p50=-12.00 p05=-12.00 p95=-12.00
  [diag] sat-dist hist bins=60 sat<0.05=0.0% mean=0.726 p10=0.570 p90=0.979
Iter 0009980: train nll 0.698, valid error 040.710%, best valid error 036.740%, avg grad norm  18.458, avg grad norm (post clip)   0.526, rho_Whh  1.10, Omega  0.00, alpha  1.000, steps in the past 0.000, valid nll 0.696
Done. solved=0 steps=9999 best_valid_error=36.7400%
/usr/bin/python /home/sakshi/Downloads/PA2_code/PA2_final/code/train.py --task torder --model rnn --init smart_tanh --clipstyle rescale --cutoff 0.5 --alpha 1.0 --lr 0.01 --nhid 100 --bs 20 --min_length 100 --max_length 100 --maxiters 10000 --ebs 10000 --cbs 1000 --checkFreq 20 --seed 52 --valid_seed 12345 --collectDiags --diagBins 60 --satThresh 0.05 --device cuda --name /home/sakshi/Downloads/PA2_code/PA2_final/results/checkpoints/ECgp_full_00_clip0500_alpha1000_lr00100_nh100_fix100

