Starting to train (PyTorch).
  [diag] log10|dL/dh_t| hist bins=60 range=(-12.50,-11.50) mean=-12.00 p50=-12.00 p05=-12.00 p95=-12.00
  [diag] sat-dist hist bins=60 sat<0.05=0.0% mean=0.982 p10=0.980 p90=0.983
Iter 0000020: train nll 1.456, valid error 075.950%, best valid error 100.000%, avg grad norm   0.220, avg grad norm (post clip)   0.220, rho_Whh  0.95, Omega  0.00, alpha  2.000, steps in the past 0.000, valid nll 1.386
  [diag] log10|dL/dh_t| hist bins=60 range=(-12.50,-11.50) mean=-12.00 p50=-12.00 p05=-12.00 p95=-12.00
  [diag] sat-dist hist bins=60 sat<0.05=0.0% mean=0.981 p10=0.979 p90=0.983
Iter 0000040: train nll 1.386, valid error 075.090%, best valid error 075.950%, avg grad norm   0.216, avg grad norm (post clip)   0.227, rho_Whh  0.95, Omega  0.00, alpha  2.000, steps in the past 0.000, valid nll 1.386
  [diag] log10|dL/dh_t| hist bins=60 range=(-12.50,-11.50) mean=-12.00 p50=-12.00 p05=-12.00 p95=-12.00
  [diag] sat-dist hist bins=60 sat<0.05=0.0% mean=0.974 p10=0.970 p90=0.982
Iter 0000060: train nll 1.386, valid error 075.270%, best valid error 075.090%, avg grad norm   0.278, avg grad norm (post clip)   0.289, rho_Whh  0.95, Omega  0.00, alpha  2.000, steps in the past 0.000, valid nll 1.386
  [diag] log10|dL/dh_t| hist bins=60 range=(-12.50,-11.50) mean=-12.00 p50=-12.00 p05=-12.00 p95=-12.00
  [diag] sat-dist hist bins=60 sat<0.05=0.0% mean=0.981 p10=0.979 p90=0.982
Iter 0000080: train nll 1.386, valid error 075.090%, best valid error 075.090%, avg grad norm   0.192, avg grad norm (post clip)   0.207, rho_Whh  0.95, Omega  0.00, alpha  2.000, steps in the past 0.000, valid nll 1.386
  [diag] log10|dL/dh_t| hist bins=60 range=(-12.50,-11.50) mean=-12.00 p50=-12.00 p05=-12.00 p95=-12.00
  [diag] sat-dist hist bins=60 sat<0.05=0.0% mean=0.977 p10=0.974 p90=0.981
Iter 0000100: train nll 1.387, valid error 075.090%, best valid error 075.090%, avg grad norm   0.221, avg grad norm (post clip)   0.231, rho_Whh  0.95, Omega  0.00, alpha  2.000, steps in the past 0.000, valid nll 1.386
  [diag] log10|dL/dh_t| hist bins=60 range=(-12.50,-11.50) mean=-12.00 p50=-12.00 p05=-12.00 p95=-12.00
  [diag] sat-dist hist bins=60 sat<0.05=0.0% mean=0.978 p10=0.975 p90=0.982
Iter 0000120: train nll 1.386, valid error 075.140%, best valid error 075.090%, avg grad norm   0.223, avg grad norm (post clip)   0.235, rho_Whh  0.95, Omega  0.00, alpha  2.000, steps in the past 0.000, valid nll 1.386
  [diag] log10|dL/dh_t| hist bins=60 range=(-12.50,-11.50) mean=-12.00 p50=-12.00 p05=-12.00 p95=-12.00
  [diag] sat-dist hist bins=60 sat<0.05=0.0% mean=0.974 p10=0.970 p90=0.980
Iter 0000140: train nll 1.386, valid error 075.090%, best valid error 075.090%, avg grad norm   0.218, avg grad norm (post clip)   0.230, rho_Whh  0.95, Omega  0.00, alpha  2.000, steps in the past 0.000, valid nll 1.386
  [diag] log10|dL/dh_t| hist bins=60 range=(-12.50,-11.50) mean=-12.00 p50=-12.00 p05=-12.00 p95=-12.00
  [diag] sat-dist hist bins=60 sat<0.05=0.0% mean=0.964 p10=0.959 p90=0.977
Iter 0000160: train nll 1.385, valid error 075.090%, best valid error 075.090%, avg grad norm   0.208, avg grad norm (post clip)   0.219, rho_Whh  0.95, Omega  0.00, alpha  2.000, steps in the past 0.000, valid nll 1.387
  [diag] log10|dL/dh_t| hist bins=60 range=(-12.50,-11.50) mean=-12.00 p50=-12.00 p05=-12.00 p95=-12.00
  [diag] sat-dist hist bins=60 sat<0.05=0.0% mean=0.971 p10=0.968 p90=0.978
Iter 0000180: train nll 1.386, valid error 075.090%, best valid error 075.090%, avg grad norm   0.214, avg grad norm (post clip)   0.225, rho_Whh  0.95, Omega  0.00, alpha  2.000, steps in the past 0.000, valid nll 1.387
  [diag] log10|dL/dh_t| hist bins=60 range=(-12.50,-11.50) mean=-12.00 p50=-12.00 p05=-12.00 p95=-12.00
  [diag] sat-dist hist bins=60 sat<0.05=0.0% mean=0.969 p10=0.966 p90=0.978
Iter 0000200: train nll 1.387, valid error 075.090%, best valid error 075.090%, avg grad norm   0.221, avg grad norm (post clip)   0.232, rho_Whh  0.95, Omega  0.00, alpha  2.000, steps in the past 0.000, valid nll 1.387
  [diag] log10|dL/dh_t| hist bins=60 range=(-12.50,-11.50) mean=-12.00 p50=-12.00 p05=-12.00 p95=-12.00
  [diag] sat-dist hist bins=60 sat<0.05=0.0% mean=0.964 p10=0.959 p90=0.977
Iter 0000220: train nll 1.386, valid error 075.090%, best valid error 075.090%, avg grad norm   0.208, avg grad norm (post clip)   0.219, rho_Whh  0.95, Omega  0.00, alpha  2.000, steps in the past 0.000, valid nll 1.387
  [diag] log10|dL/dh_t| hist bins=60 range=(-12.50,-11.50) mean=-12.00 p50=-12.00 p05=-12.00 p95=-12.00
  [diag] sat-dist hist bins=60 sat<0.05=0.0% mean=0.957 p10=0.951 p90=0.975
Iter 0000240: train nll 1.386, valid error 075.090%, best valid error 075.090%, avg grad norm   0.269, avg grad norm (post clip)   0.280, rho_Whh  0.95, Omega  0.00, alpha  2.000, steps in the past 0.000, valid nll 1.387
  [diag] log10|dL/dh_t| hist bins=60 range=(-12.50,-11.50) mean=-12.00 p50=-12.00 p05=-12.00 p95=-12.00
  [diag] sat-dist hist bins=60 sat<0.05=0.0% mean=0.963 p10=0.958 p90=0.976
Iter 0000260: train nll 1.387, valid error 075.090%, best valid error 075.090%, avg grad norm   0.226, avg grad norm (post clip)   0.240, rho_Whh  0.95, Omega  0.00, alpha  2.000, steps in the past 0.000, valid nll 1.387
  [diag] log10|dL/dh_t| hist bins=60 range=(-12.50,-11.50) mean=-12.00 p50=-12.00 p05=-12.00 p95=-12.00
  [diag] sat-dist hist bins=60 sat<0.05=0.0% mean=0.950 p10=0.941 p90=0.973
Iter 0000280: train nll 1.385, valid error 075.090%, best valid error 075.090%, avg grad norm   0.221, avg grad norm (post clip)   0.233, rho_Whh  0.95, Omega  0.00, alpha  2.000, steps in the past 0.000, valid nll 1.387
  [diag] log10|dL/dh_t| hist bins=60 range=(-12.50,-11.50) mean=-12.00 p50=-12.00 p05=-12.00 p95=-12.00
  [diag] sat-dist hist bins=60 sat<0.05=0.0% mean=0.958 p10=0.951 p90=0.975
Iter 0000300: train nll 1.386, valid error 075.090%, best valid error 075.090%, avg grad norm   0.213, avg grad norm (post clip)   0.225, rho_Whh  0.95, Omega  0.00, alpha  2.000, steps in the past 0.000, valid nll 1.387
  [diag] log10|dL/dh_t| hist bins=60 range=(-12.50,-11.50) mean=-12.00 p50=-12.00 p05=-12.00 p95=-12.00
  [diag] sat-dist hist bins=60 sat<0.05=0.0% mean=0.961 p10=0.955 p90=0.976
Iter 0000320: train nll 1.387, valid error 075.090%, best valid error 075.090%, avg grad norm   0.197, avg grad norm (post clip)   0.208, rho_Whh  0.95, Omega  0.00, alpha  2.000, steps in the past 0.000, valid nll 1.387
  [diag] log10|dL/dh_t| hist bins=60 range=(-12.50,-11.50) mean=-12.00 p50=-12.00 p05=-12.00 p95=-12.00
  [diag] sat-dist hist bins=60 sat<0.05=0.0% mean=0.978 p10=0.976 p90=0.981
Iter 0000340: train nll 1.388, valid error 075.080%, best valid error 075.090%, avg grad norm   0.216, avg grad norm (post clip)   0.226, rho_Whh  0.95, Omega  0.00, alpha  2.000, steps in the past 0.000, valid nll 1.387
  [diag] log10|dL/dh_t| hist bins=60 range=(-12.50,-11.50) mean=-12.00 p50=-12.00 p05=-12.00 p95=-12.00
  [diag] sat-dist hist bins=60 sat<0.05=0.0% mean=0.980 p10=0.978 p90=0.982
Iter 0000360: train nll 1.387, valid error 075.200%, best valid error 075.080%, avg grad norm   0.208, avg grad norm (post clip)   0.219, rho_Whh  0.95, Omega  0.00, alpha  2.000, steps in the past 0.000, valid nll 1.387
  [diag] log10|dL/dh_t| hist bins=60 range=(-12.50,-11.50) mean=-12.00 p50=-12.00 p05=-12.00 p95=-12.00
  [diag] sat-dist hist bins=60 sat<0.05=0.0% mean=0.979 p10=0.978 p90=0.982
Iter 0000380: train nll 1.386, valid error 075.270%, best valid error 075.080%, avg grad norm   0.198, avg grad norm (post clip)   0.209, rho_Whh  0.95, Omega  0.00, alpha  2.000, steps in the past 0.000, valid nll 1.387
  [diag] log10|dL/dh_t| hist bins=60 range=(-12.50,-11.50) mean=-12.00 p50=-12.00 p05=-12.00 p95=-12.00
  [diag] sat-dist hist bins=60 sat<0.05=0.0% mean=0.977 p10=0.973 p90=0.981
Iter 0000400: train nll 1.388, valid error 074.920%, best valid error 075.080%, avg grad norm   0.256, avg grad norm (post clip)   0.267, rho_Whh  0.95, Omega  0.00, alpha  2.000, steps in the past 0.000, valid nll 1.386
  [diag] log10|dL/dh_t| hist bins=60 range=(-12.50,-11.50) mean=-12.00 p50=-12.00 p05=-12.00 p95=-12.00
  [diag] sat-dist hist bins=60 sat<0.05=0.0% mean=0.962 p10=0.954 p90=0.977
Iter 0000420: train nll 1.386, valid error 074.360%, best valid error 074.920%, avg grad norm   0.232, avg grad norm (post clip)   0.245, rho_Whh  0.95, Omega  0.00, alpha  2.000, steps in the past 0.000, valid nll 1.386
  [diag] log10|dL/dh_t| hist bins=60 range=(-12.50,-11.50) mean=-12.00 p50=-12.00 p05=-12.00 p95=-12.00
  [diag] sat-dist hist bins=60 sat<0.05=0.0% mean=0.943 p10=0.931 p90=0.971
Iter 0000440: train nll 1.386, valid error 075.060%, best valid error 074.360%, avg grad norm   0.230, avg grad norm (post clip)   0.243, rho_Whh  0.95, Omega  0.00, alpha  2.000, steps in the past 0.000, valid nll 1.386
  [diag] log10|dL/dh_t| hist bins=60 range=(-12.50,-11.50) mean=-12.00 p50=-12.00 p05=-12.00 p95=-12.00
  [diag] sat-dist hist bins=60 sat<0.05=0.0% mean=0.926 p10=0.912 p90=0.964
Iter 0000460: train nll 1.385, valid error 074.430%, best valid error 074.360%, avg grad norm   0.285, avg grad norm (post clip)   0.297, rho_Whh  0.95, Omega  0.00, alpha  2.000, steps in the past 0.000, valid nll 1.386
  [diag] log10|dL/dh_t| hist bins=60 range=(-12.50,-11.50) mean=-12.00 p50=-12.00 p05=-12.00 p95=-12.00
  [diag] sat-dist hist bins=60 sat<0.05=0.0% mean=0.947 p10=0.936 p90=0.971
Iter 0000480: train nll 1.387, valid error 074.930%, best valid error 074.360%, avg grad norm   0.251, avg grad norm (post clip)   0.265, rho_Whh  0.95, Omega  0.00, alpha  2.000, steps in the past 0.000, valid nll 1.386
  [diag] log10|dL/dh_t| hist bins=60 range=(-12.50,-11.50) mean=-12.00 p50=-12.00 p05=-12.00 p95=-12.00
  [diag] sat-dist hist bins=60 sat<0.05=0.0% mean=0.970 p10=0.963 p90=0.979
Iter 0000500: train nll 1.388, valid error 075.080%, best valid error 074.360%, avg grad norm   0.239, avg grad norm (post clip)   0.253, rho_Whh  0.95, Omega  0.00, alpha  2.000, steps in the past 0.000, valid nll 1.386
  [diag] log10|dL/dh_t| hist bins=60 range=(-12.50,-11.50) mean=-12.00 p50=-12.00 p05=-12.00 p95=-12.00
  [diag] sat-dist hist bins=60 sat<0.05=0.0% mean=0.975 p10=0.971 p90=0.980
Iter 0000520: train nll 1.386, valid error 075.090%, best valid error 074.360%, avg grad norm   0.191, avg grad norm (post clip)   0.204, rho_Whh  0.95, Omega  0.00, alpha  2.000, steps in the past 0.000, valid nll 1.386
  [diag] log10|dL/dh_t| hist bins=60 range=(-12.50,-11.50) mean=-12.00 p50=-12.00 p05=-12.00 p95=-12.00
  [diag] sat-dist hist bins=60 sat<0.05=0.0% mean=0.981 p10=0.980 p90=0.982
Iter 0000540: train nll 1.387, valid error 075.090%, best valid error 074.360%, avg grad norm   0.245, avg grad norm (post clip)   0.255, rho_Whh  0.95, Omega  0.00, alpha  2.000, steps in the past 0.000, valid nll 1.386
  [diag] log10|dL/dh_t| hist bins=60 range=(-12.50,-11.50) mean=-12.00 p50=-12.00 p05=-12.00 p95=-12.00
  [diag] sat-dist hist bins=60 sat<0.05=0.0% mean=0.982 p10=0.980 p90=0.983
Iter 0000560: train nll 1.387, valid error 075.080%, best valid error 074.360%, avg grad norm   0.199, avg grad norm (post clip)   0.212, rho_Whh  0.95, Omega  0.00, alpha  2.000, steps in the past 0.000, valid nll 1.386
  [diag] log10|dL/dh_t| hist bins=60 range=(-12.50,-11.50) mean=-12.00 p50=-12.00 p05=-12.00 p95=-12.00
  [diag] sat-dist hist bins=60 sat<0.05=0.0% mean=0.982 p10=0.980 p90=0.983
Iter 0000580: train nll 1.387, valid error 075.270%, best valid error 074.360%, avg grad norm   0.187, avg grad norm (post clip)   0.197, rho_Whh  0.95, Omega  0.00, alpha  2.000, steps in the past 0.000, valid nll 1.386
  [diag] log10|dL/dh_t| hist bins=60 range=(-12.50,-11.50) mean=-12.00 p50=-12.00 p05=-12.00 p95=-12.00
  [diag] sat-dist hist bins=60 sat<0.05=0.0% mean=0.981 p10=0.978 p90=0.982
Iter 0000600: train nll 1.386, valid error 074.940%, best valid error 074.360%, avg grad norm   0.201, avg grad norm (post clip)   0.211, rho_Whh  0.95, Omega  0.00, alpha  2.000, steps in the past 0.000, valid nll 1.386
  [diag] log10|dL/dh_t| hist bins=60 range=(-12.50,-11.50) mean=-12.00 p50=-12.00 p05=-12.00 p95=-12.00
  [diag] sat-dist hist bins=60 sat<0.05=0.0% mean=0.978 p10=0.974 p90=0.981
Iter 0000620: train nll 1.386, valid error 074.880%, best valid error 074.360%, avg grad norm   0.204, avg grad norm (post clip)   0.215, rho_Whh  0.95, Omega  0.00, alpha  2.000, steps in the past 0.000, valid nll 1.386
  [diag] log10|dL/dh_t| hist bins=60 range=(-12.50,-11.50) mean=-12.00 p50=-12.00 p05=-12.00 p95=-12.00
  [diag] sat-dist hist bins=60 sat<0.05=0.0% mean=0.979 p10=0.976 p90=0.982
Iter 0000640: train nll 1.386, valid error 074.950%, best valid error 074.360%, avg grad norm   0.220, avg grad norm (post clip)   0.230, rho_Whh  0.95, Omega  0.00, alpha  2.000, steps in the past 0.000, valid nll 1.386
  [diag] log10|dL/dh_t| hist bins=60 range=(-12.50,-11.50) mean=-12.00 p50=-12.00 p05=-12.00 p95=-12.00
  [diag] sat-dist hist bins=60 sat<0.05=0.0% mean=0.981 p10=0.979 p90=0.983
Iter 0000660: train nll 1.386, valid error 074.950%, best valid error 074.360%, avg grad norm   0.192, avg grad norm (post clip)   0.203, rho_Whh  0.95, Omega  0.00, alpha  2.000, steps in the past 0.000, valid nll 1.386
  [diag] log10|dL/dh_t| hist bins=60 range=(-12.50,-11.50) mean=-12.00 p50=-12.00 p05=-12.00 p95=-12.00
  [diag] sat-dist hist bins=60 sat<0.05=0.0% mean=0.980 p10=0.977 p90=0.982
Iter 0000680: train nll 1.386, valid error 074.950%, best valid error 074.360%, avg grad norm   0.225, avg grad norm (post clip)   0.236, rho_Whh  0.95, Omega  0.00, alpha  2.000, steps in the past 0.000, valid nll 1.386
  [diag] log10|dL/dh_t| hist bins=60 range=(-12.50,-11.50) mean=-12.00 p50=-12.00 p05=-12.00 p95=-12.00
  [diag] sat-dist hist bins=60 sat<0.05=0.0% mean=0.978 p10=0.975 p90=0.982
Iter 0000700: train nll 1.387, valid error 074.900%, best valid error 074.360%, avg grad norm   0.213, avg grad norm (post clip)   0.225, rho_Whh  0.95, Omega  0.00, alpha  2.000, steps in the past 0.000, valid nll 1.386
  [diag] log10|dL/dh_t| hist bins=60 range=(-12.50,-11.50) mean=-12.00 p50=-12.00 p05=-12.00 p95=-12.00
  [diag] sat-dist hist bins=60 sat<0.05=0.0% mean=0.980 p10=0.977 p90=0.982
Iter 0000720: train nll 1.387, valid error 074.650%, best valid error 074.360%, avg grad norm   0.195, avg grad norm (post clip)   0.206, rho_Whh  0.95, Omega  0.00, alpha  2.000, steps in the past 0.000, valid nll 1.386
  [diag] log10|dL/dh_t| hist bins=60 range=(-12.50,-11.50) mean=-12.00 p50=-12.00 p05=-12.00 p95=-12.00
  [diag] sat-dist hist bins=60 sat<0.05=0.0% mean=0.981 p10=0.979 p90=0.983
Iter 0000740: train nll 1.386, valid error 074.950%, best valid error 074.360%, avg grad norm   0.216, avg grad norm (post clip)   0.226, rho_Whh  0.95, Omega  0.00, alpha  2.000, steps in the past 0.000, valid nll 1.386
  [diag] log10|dL/dh_t| hist bins=60 range=(-12.50,-11.50) mean=-12.00 p50=-12.00 p05=-12.00 p95=-12.00
  [diag] sat-dist hist bins=60 sat<0.05=0.0% mean=0.981 p10=0.979 p90=0.983
Iter 0000760: train nll 1.386, valid error 074.950%, best valid error 074.360%, avg grad norm   0.196, avg grad norm (post clip)   0.207, rho_Whh  0.95, Omega  0.00, alpha  2.000, steps in the past 0.000, valid nll 1.386
  [diag] log10|dL/dh_t| hist bins=60 range=(-12.50,-11.50) mean=-12.00 p50=-12.00 p05=-12.00 p95=-12.00
  [diag] sat-dist hist bins=60 sat<0.05=0.0% mean=0.981 p10=0.979 p90=0.983
Iter 0000780: train nll 1.385, valid error 074.950%, best valid error 074.360%, avg grad norm   0.204, avg grad norm (post clip)   0.214, rho_Whh  0.95, Omega  0.00, alpha  2.000, steps in the past 0.000, valid nll 1.386
  [diag] log10|dL/dh_t| hist bins=60 range=(-12.50,-11.50) mean=-12.00 p50=-12.00 p05=-12.00 p95=-12.00
  [diag] sat-dist hist bins=60 sat<0.05=0.0% mean=0.981 p10=0.979 p90=0.982
Iter 0000800: train nll 1.386, valid error 074.950%, best valid error 074.360%, avg grad norm   0.207, avg grad norm (post clip)   0.217, rho_Whh  0.95, Omega  0.00, alpha  2.000, steps in the past 0.000, valid nll 1.386
  [diag] log10|dL/dh_t| hist bins=60 range=(-12.50,-11.50) mean=-12.00 p50=-12.00 p05=-12.00 p95=-12.00
  [diag] sat-dist hist bins=60 sat<0.05=0.0% mean=0.981 p10=0.979 p90=0.983
Iter 0000820: train nll 1.386, valid error 074.950%, best valid error 074.360%, avg grad norm   0.194, avg grad norm (post clip)   0.205, rho_Whh  0.95, Omega  0.00, alpha  2.000, steps in the past 0.000, valid nll 1.386
  [diag] log10|dL/dh_t| hist bins=60 range=(-12.50,-11.50) mean=-12.00 p50=-12.00 p05=-12.00 p95=-12.00
  [diag] sat-dist hist bins=60 sat<0.05=0.0% mean=0.980 p10=0.977 p90=0.982
Iter 0000840: train nll 1.386, valid error 074.950%, best valid error 074.360%, avg grad norm   0.202, avg grad norm (post clip)   0.212, rho_Whh  0.95, Omega  0.00, alpha  2.000, steps in the past 0.000, valid nll 1.386
  [diag] log10|dL/dh_t| hist bins=60 range=(-12.50,-11.50) mean=-12.00 p50=-12.00 p05=-12.00 p95=-12.00
  [diag] sat-dist hist bins=60 sat<0.05=0.0% mean=0.977 p10=0.973 p90=0.981
Iter 0000860: train nll 1.387, valid error 074.950%, best valid error 074.360%, avg grad norm   0.196, avg grad norm (post clip)   0.207, rho_Whh  0.95, Omega  0.00, alpha  2.000, steps in the past 0.000, valid nll 1.386
  [diag] log10|dL/dh_t| hist bins=60 range=(-12.50,-11.50) mean=-12.00 p50=-12.00 p05=-12.00 p95=-12.00
  [diag] sat-dist hist bins=60 sat<0.05=0.0% mean=0.979 p10=0.977 p90=0.982
Iter 0000880: train nll 1.387, valid error 074.950%, best valid error 074.360%, avg grad norm   0.216, avg grad norm (post clip)   0.226, rho_Whh  0.95, Omega  0.00, alpha  2.000, steps in the past 0.000, valid nll 1.386
  [diag] log10|dL/dh_t| hist bins=60 range=(-12.50,-11.50) mean=-12.00 p50=-12.00 p05=-12.00 p95=-12.00
  [diag] sat-dist hist bins=60 sat<0.05=0.0% mean=0.980 p10=0.977 p90=0.982
Iter 0000900: train nll 1.387, valid error 074.950%, best valid error 074.360%, avg grad norm   0.193, avg grad norm (post clip)   0.204, rho_Whh  0.95, Omega  0.00, alpha  2.000, steps in the past 0.000, valid nll 1.386
  [diag] log10|dL/dh_t| hist bins=60 range=(-12.50,-11.50) mean=-12.00 p50=-12.00 p05=-12.00 p95=-12.00
  [diag] sat-dist hist bins=60 sat<0.05=0.0% mean=0.982 p10=0.980 p90=0.983
Iter 0000920: train nll 1.386, valid error 074.950%, best valid error 074.360%, avg grad norm   0.189, avg grad norm (post clip)   0.200, rho_Whh  0.95, Omega  0.00, alpha  2.000, steps in the past 0.000, valid nll 1.386
  [diag] log10|dL/dh_t| hist bins=60 range=(-12.50,-11.50) mean=-12.00 p50=-12.00 p05=-12.00 p95=-12.00
  [diag] sat-dist hist bins=60 sat<0.05=0.0% mean=0.982 p10=0.980 p90=0.983
Iter 0000940: train nll 1.386, valid error 074.950%, best valid error 074.360%, avg grad norm   0.187, avg grad norm (post clip)   0.197, rho_Whh  0.95, Omega  0.00, alpha  2.000, steps in the past 0.000, valid nll 1.386
  [diag] log10|dL/dh_t| hist bins=60 range=(-12.50,-11.50) mean=-12.00 p50=-12.00 p05=-12.00 p95=-12.00
  [diag] sat-dist hist bins=60 sat<0.05=0.0% mean=0.981 p10=0.980 p90=0.982
Iter 0000960: train nll 1.386, valid error 074.950%, best valid error 074.360%, avg grad norm   0.191, avg grad norm (post clip)   0.201, rho_Whh  0.95, Omega  0.00, alpha  2.000, steps in the past 0.000, valid nll 1.386
  [diag] log10|dL/dh_t| hist bins=60 range=(-12.50,-11.50) mean=-12.00 p50=-12.00 p05=-12.00 p95=-12.00
  [diag] sat-dist hist bins=60 sat<0.05=0.0% mean=0.980 p10=0.978 p90=0.982
Iter 0000980: train nll 1.386, valid error 074.950%, best valid error 074.360%, avg grad norm   0.186, avg grad norm (post clip)   0.196, rho_Whh  0.95, Omega  0.00, alpha  2.000, steps in the past 0.000, valid nll 1.386
  [diag] log10|dL/dh_t| hist bins=60 range=(-12.50,-11.50) mean=-12.00 p50=-12.00 p05=-12.00 p95=-12.00
  [diag] sat-dist hist bins=60 sat<0.05=0.0% mean=0.980 p10=0.978 p90=0.982
Iter 0001000: train nll 1.386, valid error 074.950%, best valid error 074.360%, avg grad norm   0.176, avg grad norm (post clip)   0.186, rho_Whh  0.95, Omega  0.00, alpha  2.000, steps in the past 0.000, valid nll 1.386
  [diag] log10|dL/dh_t| hist bins=60 range=(-12.50,-11.50) mean=-12.00 p50=-12.00 p05=-12.00 p95=-12.00
  [diag] sat-dist hist bins=60 sat<0.05=0.0% mean=0.980 p10=0.978 p90=0.982
Iter 0001020: train nll 1.387, valid error 074.950%, best valid error 074.360%, avg grad norm   0.201, avg grad norm (post clip)   0.210, rho_Whh  0.95, Omega  0.00, alpha  2.000, steps in the past 0.000, valid nll 1.386
  [diag] log10|dL/dh_t| hist bins=60 range=(-12.50,-11.50) mean=-12.00 p50=-12.00 p05=-12.00 p95=-12.00
  [diag] sat-dist hist bins=60 sat<0.05=0.0% mean=0.980 p10=0.978 p90=0.982
Iter 0001040: train nll 1.386, valid error 074.950%, best valid error 074.360%, avg grad norm   0.195, avg grad norm (post clip)   0.205, rho_Whh  0.95, Omega  0.00, alpha  2.000, steps in the past 0.000, valid nll 1.386
  [diag] log10|dL/dh_t| hist bins=60 range=(-12.50,-11.50) mean=-12.00 p50=-12.00 p05=-12.00 p95=-12.00
  [diag] sat-dist hist bins=60 sat<0.05=0.0% mean=0.980 p10=0.978 p90=0.982
Iter 0001060: train nll 1.387, valid error 074.950%, best valid error 074.360%, avg grad norm   0.234, avg grad norm (post clip)   0.244, rho_Whh  0.95, Omega  0.00, alpha  2.000, steps in the past 0.000, valid nll 1.386
  [diag] log10|dL/dh_t| hist bins=60 range=(-12.50,-11.50) mean=-12.00 p50=-12.00 p05=-12.00 p95=-12.00
  [diag] sat-dist hist bins=60 sat<0.05=0.0% mean=0.981 p10=0.979 p90=0.983
Iter 0001080: train nll 1.386, valid error 074.450%, best valid error 074.360%, avg grad norm   0.232, avg grad norm (post clip)   0.244, rho_Whh  0.95, Omega  0.00, alpha  2.000, steps in the past 0.000, valid nll 1.386
  [diag] log10|dL/dh_t| hist bins=60 range=(-12.50,-11.50) mean=-12.00 p50=-12.00 p05=-12.00 p95=-12.00
  [diag] sat-dist hist bins=60 sat<0.05=0.0% mean=0.981 p10=0.979 p90=0.982
Iter 0001100: train nll 1.386, valid error 074.570%, best valid error 074.360%, avg grad norm   0.203, avg grad norm (post clip)   0.215, rho_Whh  0.95, Omega  0.00, alpha  2.000, steps in the past 0.000, valid nll 1.386
  [diag] log10|dL/dh_t| hist bins=60 range=(-12.50,-11.50) mean=-12.00 p50=-12.00 p05=-12.00 p95=-12.00
  [diag] sat-dist hist bins=60 sat<0.05=0.0% mean=0.981 p10=0.980 p90=0.983
Iter 0001120: train nll 1.387, valid error 074.950%, best valid error 074.360%, avg grad norm   0.180, avg grad norm (post clip)   0.191, rho_Whh  0.95, Omega  0.00, alpha  2.000, steps in the past 0.000, valid nll 1.386
  [diag] log10|dL/dh_t| hist bins=60 range=(-12.50,-11.50) mean=-12.00 p50=-12.00 p05=-12.00 p95=-12.00
  [diag] sat-dist hist bins=60 sat<0.05=0.0% mean=0.981 p10=0.980 p90=0.983
Iter 0001140: train nll 1.387, valid error 074.950%, best valid error 074.360%, avg grad norm   0.176, avg grad norm (post clip)   0.186, rho_Whh  0.95, Omega  0.00, alpha  2.000, steps in the past 0.000, valid nll 1.386
  [diag] log10|dL/dh_t| hist bins=60 range=(-12.50,-11.50) mean=-12.00 p50=-12.00 p05=-12.00 p95=-12.00
  [diag] sat-dist hist bins=60 sat<0.05=0.0% mean=0.981 p10=0.980 p90=0.983
Iter 0001160: train nll 1.386, valid error 074.500%, best valid error 074.360%, avg grad norm   0.208, avg grad norm (post clip)   0.217, rho_Whh  0.95, Omega  0.00, alpha  2.000, steps in the past 0.000, valid nll 1.386
  [diag] log10|dL/dh_t| hist bins=60 range=(-12.50,-11.50) mean=-12.00 p50=-12.00 p05=-12.00 p95=-12.00
  [diag] sat-dist hist bins=60 sat<0.05=0.0% mean=0.981 p10=0.980 p90=0.983
Iter 0001180: train nll 1.386, valid error 074.960%, best valid error 074.360%, avg grad norm   0.181, avg grad norm (post clip)   0.192, rho_Whh  0.95, Omega  0.00, alpha  2.000, steps in the past 0.000, valid nll 1.386
  [diag] log10|dL/dh_t| hist bins=60 range=(-12.50,-11.50) mean=-12.00 p50=-12.00 p05=-12.00 p95=-12.00
  [diag] sat-dist hist bins=60 sat<0.05=0.0% mean=0.981 p10=0.980 p90=0.983
Iter 0001200: train nll 1.387, valid error 074.950%, best valid error 074.360%, avg grad norm   0.174, avg grad norm (post clip)   0.184, rho_Whh  0.95, Omega  0.00, alpha  2.000, steps in the past 0.000, valid nll 1.386
  [diag] log10|dL/dh_t| hist bins=60 range=(-12.50,-11.50) mean=-12.00 p50=-12.00 p05=-12.00 p95=-12.00
  [diag] sat-dist hist bins=60 sat<0.05=0.0% mean=0.981 p10=0.980 p90=0.983
Iter 0001220: train nll 1.387, valid error 074.930%, best valid error 074.360%, avg grad norm   0.178, avg grad norm (post clip)   0.187, rho_Whh  0.95, Omega  0.00, alpha  2.000, steps in the past 0.000, valid nll 1.386
  [diag] log10|dL/dh_t| hist bins=60 range=(-12.50,-11.50) mean=-12.00 p50=-12.00 p05=-12.00 p95=-12.00
  [diag] sat-dist hist bins=60 sat<0.05=0.0% mean=0.982 p10=0.980 p90=0.983
Iter 0001240: train nll 1.386, valid error 074.900%, best valid error 074.360%, avg grad norm   0.173, avg grad norm (post clip)   0.183, rho_Whh  0.95, Omega  0.00, alpha  2.000, steps in the past 0.000, valid nll 1.386
  [diag] log10|dL/dh_t| hist bins=60 range=(-12.50,-11.50) mean=-12.00 p50=-12.00 p05=-12.00 p95=-12.00
  [diag] sat-dist hist bins=60 sat<0.05=0.0% mean=0.981 p10=0.980 p90=0.983
Iter 0001260: train nll 1.386, valid error 074.890%, best valid error 074.360%, avg grad norm   0.230, avg grad norm (post clip)   0.239, rho_Whh  0.96, Omega  0.00, alpha  2.000, steps in the past 0.000, valid nll 1.386
  [diag] log10|dL/dh_t| hist bins=60 range=(-12.50,-11.50) mean=-12.00 p50=-12.00 p05=-12.00 p95=-12.00
  [diag] sat-dist hist bins=60 sat<0.05=0.0% mean=0.980 p10=0.979 p90=0.982
Iter 0001280: train nll 1.386, valid error 074.950%, best valid error 074.360%, avg grad norm   0.195, avg grad norm (post clip)   0.207, rho_Whh  0.96, Omega  0.00, alpha  2.000, steps in the past 0.000, valid nll 1.386
  [diag] log10|dL/dh_t| hist bins=60 range=(-12.50,-11.50) mean=-12.00 p50=-12.00 p05=-12.00 p95=-12.00
  [diag] sat-dist hist bins=60 sat<0.05=0.0% mean=0.980 p10=0.979 p90=0.982
Iter 0001300: train nll 1.386, valid error 074.950%, best valid error 074.360%, avg grad norm   0.200, avg grad norm (post clip)   0.211, rho_Whh  0.96, Omega  0.00, alpha  2.000, steps in the past 0.000, valid nll 1.386
  [diag] log10|dL/dh_t| hist bins=60 range=(-12.50,-11.50) mean=-12.00 p50=-12.00 p05=-12.00 p95=-12.00
  [diag] sat-dist hist bins=60 sat<0.05=0.0% mean=0.981 p10=0.980 p90=0.983
Iter 0001320: train nll 1.387, valid error 074.840%, best valid error 074.360%, avg grad norm   0.192, avg grad norm (post clip)   0.202, rho_Whh  0.96, Omega  0.00, alpha  2.000, steps in the past 0.000, valid nll 1.386
  [diag] log10|dL/dh_t| hist bins=60 range=(-12.50,-11.50) mean=-12.00 p50=-12.00 p05=-12.00 p95=-12.00
  [diag] sat-dist hist bins=60 sat<0.05=0.0% mean=0.982 p10=0.980 p90=0.983
Iter 0001340: train nll 1.387, valid error 074.920%, best valid error 074.360%, avg grad norm   0.228, avg grad norm (post clip)   0.238, rho_Whh  0.96, Omega  0.00, alpha  2.000, steps in the past 0.000, valid nll 1.386
  [diag] log10|dL/dh_t| hist bins=60 range=(-12.50,-11.50) mean=-12.00 p50=-12.00 p05=-12.00 p95=-12.00
  [diag] sat-dist hist bins=60 sat<0.05=0.0% mean=0.981 p10=0.979 p90=0.982
Iter 0001360: train nll 1.386, valid error 074.880%, best valid error 074.360%, avg grad norm   0.231, avg grad norm (post clip)   0.243, rho_Whh  0.96, Omega  0.00, alpha  2.000, steps in the past 0.000, valid nll 1.386
  [diag] log10|dL/dh_t| hist bins=60 range=(-12.50,-11.50) mean=-12.00 p50=-12.00 p05=-12.00 p95=-12.00
  [diag] sat-dist hist bins=60 sat<0.05=0.0% mean=0.981 p10=0.979 p90=0.982
Iter 0001380: train nll 1.386, valid error 074.710%, best valid error 074.360%, avg grad norm   0.203, avg grad norm (post clip)   0.215, rho_Whh  0.96, Omega  0.00, alpha  2.000, steps in the past 0.000, valid nll 1.386
  [diag] log10|dL/dh_t| hist bins=60 range=(-12.50,-11.50) mean=-12.00 p50=-12.00 p05=-12.00 p95=-12.00
  [diag] sat-dist hist bins=60 sat<0.05=0.0% mean=0.981 p10=0.979 p90=0.982
Iter 0001400: train nll 1.385, valid error 074.950%, best valid error 074.360%, avg grad norm   0.190, avg grad norm (post clip)   0.201, rho_Whh  0.96, Omega  0.00, alpha  2.000, steps in the past 0.000, valid nll 1.386
  [diag] log10|dL/dh_t| hist bins=60 range=(-12.50,-11.50) mean=-12.00 p50=-12.00 p05=-12.00 p95=-12.00
  [diag] sat-dist hist bins=60 sat<0.05=0.0% mean=0.980 p10=0.977 p90=0.982
Iter 0001420: train nll 1.387, valid error 074.050%, best valid error 074.360%, avg grad norm   0.208, avg grad norm (post clip)   0.218, rho_Whh  0.96, Omega  0.00, alpha  2.000, steps in the past 0.000, valid nll 1.386
  [diag] log10|dL/dh_t| hist bins=60 range=(-12.50,-11.50) mean=-12.00 p50=-12.00 p05=-12.00 p95=-12.00
  [diag] sat-dist hist bins=60 sat<0.05=0.0% mean=0.980 p10=0.978 p90=0.982
Iter 0001440: train nll 1.387, valid error 073.910%, best valid error 074.050%, avg grad norm   0.210, avg grad norm (post clip)   0.221, rho_Whh  0.96, Omega  0.00, alpha  2.000, steps in the past 0.000, valid nll 1.386
  [diag] log10|dL/dh_t| hist bins=60 range=(-12.50,-11.50) mean=-12.00 p50=-12.00 p05=-12.00 p95=-12.00
  [diag] sat-dist hist bins=60 sat<0.05=0.0% mean=0.981 p10=0.979 p90=0.982
Iter 0001460: train nll 1.386, valid error 074.270%, best valid error 073.910%, avg grad norm   0.202, avg grad norm (post clip)   0.213, rho_Whh  0.96, Omega  0.00, alpha  2.000, steps in the past 0.000, valid nll 1.386
  [diag] log10|dL/dh_t| hist bins=60 range=(-12.50,-11.50) mean=-12.00 p50=-12.00 p05=-12.00 p95=-12.00
  [diag] sat-dist hist bins=60 sat<0.05=0.0% mean=0.980 p10=0.979 p90=0.982
Iter 0001480: train nll 1.387, valid error 074.080%, best valid error 073.910%, avg grad norm   0.224, avg grad norm (post clip)   0.234, rho_Whh  0.96, Omega  0.00, alpha  2.000, steps in the past 0.000, valid nll 1.386
  [diag] log10|dL/dh_t| hist bins=60 range=(-12.50,-11.50) mean=-12.00 p50=-12.00 p05=-12.00 p95=-12.00
  [diag] sat-dist hist bins=60 sat<0.05=0.0% mean=0.981 p10=0.979 p90=0.982
Iter 0001500: train nll 1.387, valid error 074.400%, best valid error 073.910%, avg grad norm   0.217, avg grad norm (post clip)   0.229, rho_Whh  0.96, Omega  0.00, alpha  2.000, steps in the past 0.000, valid nll 1.386
  [diag] log10|dL/dh_t| hist bins=60 range=(-12.50,-11.50) mean=-12.00 p50=-12.00 p05=-12.00 p95=-12.00
  [diag] sat-dist hist bins=60 sat<0.05=0.0% mean=0.981 p10=0.980 p90=0.983
Iter 0001520: train nll 1.386, valid error 074.840%, best valid error 073.910%, avg grad norm   0.210, avg grad norm (post clip)   0.221, rho_Whh  0.96, Omega  0.00, alpha  2.000, steps in the past 0.000, valid nll 1.386
  [diag] log10|dL/dh_t| hist bins=60 range=(-12.50,-11.50) mean=-12.00 p50=-12.00 p05=-12.00 p95=-12.00
  [diag] sat-dist hist bins=60 sat<0.05=0.0% mean=0.981 p10=0.980 p90=0.983
Iter 0001540: train nll 1.386, valid error 074.920%, best valid error 073.910%, avg grad norm   0.188, avg grad norm (post clip)   0.199, rho_Whh  0.96, Omega  0.00, alpha  2.000, steps in the past 0.000, valid nll 1.386
  [diag] log10|dL/dh_t| hist bins=60 range=(-12.50,-11.50) mean=-12.00 p50=-12.00 p05=-12.00 p95=-12.00
  [diag] sat-dist hist bins=60 sat<0.05=0.0% mean=0.980 p10=0.979 p90=0.982
Iter 0001560: train nll 1.387, valid error 074.950%, best valid error 073.910%, avg grad norm   0.176, avg grad norm (post clip)   0.186, rho_Whh  0.96, Omega  0.00, alpha  2.000, steps in the past 0.000, valid nll 1.386
  [diag] log10|dL/dh_t| hist bins=60 range=(-12.50,-11.50) mean=-12.00 p50=-12.00 p05=-12.00 p95=-12.00
  [diag] sat-dist hist bins=60 sat<0.05=0.0% mean=0.979 p10=0.977 p90=0.981
Iter 0001580: train nll 1.386, valid error 074.950%, best valid error 073.910%, avg grad norm   0.177, avg grad norm (post clip)   0.187, rho_Whh  0.96, Omega  0.00, alpha  2.000, steps in the past 0.000, valid nll 1.386
  [diag] log10|dL/dh_t| hist bins=60 range=(-12.50,-11.50) mean=-12.00 p50=-12.00 p05=-12.00 p95=-12.00
  [diag] sat-dist hist bins=60 sat<0.05=0.0% mean=0.978 p10=0.975 p90=0.981
Iter 0001600: train nll 1.387, valid error 074.090%, best valid error 073.910%, avg grad norm   0.224, avg grad norm (post clip)   0.233, rho_Whh  0.96, Omega  0.00, alpha  2.000, steps in the past 0.000, valid nll 1.386
  [diag] log10|dL/dh_t| hist bins=60 range=(-12.50,-11.50) mean=-12.00 p50=-12.00 p05=-12.00 p95=-12.00
  [diag] sat-dist hist bins=60 sat<0.05=0.0% mean=0.975 p10=0.972 p90=0.979
Iter 0001620: train nll 1.386, valid error 074.040%, best valid error 073.910%, avg grad norm   0.222, avg grad norm (post clip)   0.234, rho_Whh  0.96, Omega  0.00, alpha  2.000, steps in the past 0.000, valid nll 1.387
  [diag] log10|dL/dh_t| hist bins=60 range=(-12.50,-11.50) mean=-12.00 p50=-12.00 p05=-12.00 p95=-12.00
  [diag] sat-dist hist bins=60 sat<0.05=0.0% mean=0.977 p10=0.974 p90=0.980
Iter 0001640: train nll 1.387, valid error 075.050%, best valid error 073.910%, avg grad norm   0.195, avg grad norm (post clip)   0.206, rho_Whh  0.96, Omega  0.00, alpha  2.000, steps in the past 0.000, valid nll 1.386
  [diag] log10|dL/dh_t| hist bins=60 range=(-12.50,-11.50) mean=-12.00 p50=-12.00 p05=-12.00 p95=-12.00
  [diag] sat-dist hist bins=60 sat<0.05=0.0% mean=0.977 p10=0.974 p90=0.980
Iter 0001660: train nll 1.386, valid error 075.700%, best valid error 073.910%, avg grad norm   0.215, avg grad norm (post clip)   0.225, rho_Whh  0.96, Omega  0.00, alpha  2.000, steps in the past 0.000, valid nll 1.387
  [diag] log10|dL/dh_t| hist bins=60 range=(-12.50,-11.50) mean=-12.00 p50=-12.00 p05=-12.00 p95=-12.00
  [diag] sat-dist hist bins=60 sat<0.05=0.0% mean=0.980 p10=0.978 p90=0.982
Iter 0001680: train nll 1.386, valid error 074.950%, best valid error 073.910%, avg grad norm   0.206, avg grad norm (post clip)   0.217, rho_Whh  0.96, Omega  0.00, alpha  2.000, steps in the past 0.000, valid nll 1.386
  [diag] log10|dL/dh_t| hist bins=60 range=(-12.50,-11.50) mean=-12.00 p50=-12.00 p05=-12.00 p95=-12.00
  [diag] sat-dist hist bins=60 sat<0.05=0.0% mean=0.981 p10=0.980 p90=0.983
Iter 0001700: train nll 1.386, valid error 074.930%, best valid error 073.910%, avg grad norm   0.186, avg grad norm (post clip)   0.197, rho_Whh  0.97, Omega  0.00, alpha  2.000, steps in the past 0.000, valid nll 1.386
  [diag] log10|dL/dh_t| hist bins=60 range=(-12.50,-11.50) mean=-12.00 p50=-12.00 p05=-12.00 p95=-12.00
  [diag] sat-dist hist bins=60 sat<0.05=0.0% mean=0.981 p10=0.979 p90=0.983
Iter 0001720: train nll 1.384, valid error 074.950%, best valid error 073.910%, avg grad norm   0.205, avg grad norm (post clip)   0.215, rho_Whh  0.97, Omega  0.00, alpha  2.000, steps in the past 0.000, valid nll 1.386
  [diag] log10|dL/dh_t| hist bins=60 range=(-12.50,-11.50) mean=-12.00 p50=-12.00 p05=-12.00 p95=-12.00
  [diag] sat-dist hist bins=60 sat<0.05=0.0% mean=0.981 p10=0.979 p90=0.982
Iter 0001740: train nll 1.386, valid error 074.950%, best valid error 073.910%, avg grad norm   0.215, avg grad norm (post clip)   0.226, rho_Whh  0.97, Omega  0.00, alpha  2.000, steps in the past 0.000, valid nll 1.386
  [diag] log10|dL/dh_t| hist bins=60 range=(-12.50,-11.50) mean=-12.00 p50=-12.00 p05=-12.00 p95=-12.00
  [diag] sat-dist hist bins=60 sat<0.05=0.0% mean=0.981 p10=0.980 p90=0.983
Iter 0001760: train nll 1.386, valid error 074.950%, best valid error 073.910%, avg grad norm   0.188, avg grad norm (post clip)   0.200, rho_Whh  0.97, Omega  0.00, alpha  2.000, steps in the past 0.000, valid nll 1.386
  [diag] log10|dL/dh_t| hist bins=60 range=(-12.50,-11.50) mean=-12.00 p50=-12.00 p05=-12.00 p95=-12.00
  [diag] sat-dist hist bins=60 sat<0.05=0.0% mean=0.981 p10=0.980 p90=0.983
Iter 0001780: train nll 1.385, valid error 074.950%, best valid error 073.910%, avg grad norm   0.206, avg grad norm (post clip)   0.216, rho_Whh  0.97, Omega  0.00, alpha  2.000, steps in the past 0.000, valid nll 1.386
  [diag] log10|dL/dh_t| hist bins=60 range=(-12.50,-11.50) mean=-12.00 p50=-12.00 p05=-12.00 p95=-12.00
  [diag] sat-dist hist bins=60 sat<0.05=0.0% mean=0.981 p10=0.979 p90=0.982
Iter 0001800: train nll 1.386, valid error 074.950%, best valid error 073.910%, avg grad norm   0.199, avg grad norm (post clip)   0.210, rho_Whh  0.97, Omega  0.00, alpha  2.000, steps in the past 0.000, valid nll 1.386
  [diag] log10|dL/dh_t| hist bins=60 range=(-12.50,-11.50) mean=-12.00 p50=-12.00 p05=-12.00 p95=-12.00
  [diag] sat-dist hist bins=60 sat<0.05=0.0% mean=0.981 p10=0.979 p90=0.983
Iter 0001820: train nll 1.387, valid error 074.950%, best valid error 073.910%, avg grad norm   0.208, avg grad norm (post clip)   0.218, rho_Whh  0.97, Omega  0.00, alpha  2.000, steps in the past 0.000, valid nll 1.386
  [diag] log10|dL/dh_t| hist bins=60 range=(-12.50,-11.50) mean=-12.00 p50=-12.00 p05=-12.00 p95=-12.00
  [diag] sat-dist hist bins=60 sat<0.05=0.0% mean=0.981 p10=0.979 p90=0.983
Iter 0001840: train nll 1.387, valid error 074.950%, best valid error 073.910%, avg grad norm   0.185, avg grad norm (post clip)   0.196, rho_Whh  0.97, Omega  0.00, alpha  2.000, steps in the past 0.000, valid nll 1.386
  [diag] log10|dL/dh_t| hist bins=60 range=(-12.50,-11.50) mean=-12.00 p50=-12.00 p05=-12.00 p95=-12.00
  [diag] sat-dist hist bins=60 sat<0.05=0.0% mean=0.981 p10=0.979 p90=0.983
Iter 0001860: train nll 1.387, valid error 074.950%, best valid error 073.910%, avg grad norm   0.186, avg grad norm (post clip)   0.196, rho_Whh  0.97, Omega  0.00, alpha  2.000, steps in the past 0.000, valid nll 1.386
  [diag] log10|dL/dh_t| hist bins=60 range=(-12.50,-11.50) mean=-12.00 p50=-12.00 p05=-12.00 p95=-12.00
  [diag] sat-dist hist bins=60 sat<0.05=0.0% mean=0.981 p10=0.979 p90=0.983
Iter 0001880: train nll 1.386, valid error 074.900%, best valid error 073.910%, avg grad norm   0.197, avg grad norm (post clip)   0.207, rho_Whh  0.97, Omega  0.00, alpha  2.000, steps in the past 0.000, valid nll 1.386
  [diag] log10|dL/dh_t| hist bins=60 range=(-12.50,-11.50) mean=-12.00 p50=-12.00 p05=-12.00 p95=-12.00
  [diag] sat-dist hist bins=60 sat<0.05=0.0% mean=0.980 p10=0.978 p90=0.982
Iter 0001900: train nll 1.387, valid error 074.120%, best valid error 073.910%, avg grad norm   0.213, avg grad norm (post clip)   0.223, rho_Whh  0.98, Omega  0.00, alpha  2.000, steps in the past 0.000, valid nll 1.386
  [diag] log10|dL/dh_t| hist bins=60 range=(-12.50,-11.50) mean=-12.00 p50=-12.00 p05=-12.00 p95=-12.00
  [diag] sat-dist hist bins=60 sat<0.05=0.0% mean=0.980 p10=0.978 p90=0.982
Iter 0001920: train nll 1.385, valid error 073.260%, best valid error 073.910%, avg grad norm   0.187, avg grad norm (post clip)   0.199, rho_Whh  0.98, Omega  0.00, alpha  2.000, steps in the past 0.000, valid nll 1.386
  [diag] log10|dL/dh_t| hist bins=60 range=(-12.50,-11.50) mean=-12.00 p50=-12.00 p05=-12.00 p95=-12.00
  [diag] sat-dist hist bins=60 sat<0.05=0.0% mean=0.979 p10=0.977 p90=0.982
Iter 0001940: train nll 1.387, valid error 074.120%, best valid error 073.260%, avg grad norm   0.204, avg grad norm (post clip)   0.214, rho_Whh  0.98, Omega  0.00, alpha  2.000, steps in the past 0.000, valid nll 1.386
  [diag] log10|dL/dh_t| hist bins=60 range=(-12.50,-11.50) mean=-12.00 p50=-12.00 p05=-12.00 p95=-12.00
  [diag] sat-dist hist bins=60 sat<0.05=0.0% mean=0.980 p10=0.978 p90=0.983
Iter 0001960: train nll 1.387, valid error 073.270%, best valid error 073.260%, avg grad norm   0.200, avg grad norm (post clip)   0.211, rho_Whh  0.99, Omega  0.00, alpha  2.000, steps in the past 0.000, valid nll 1.386
  [diag] log10|dL/dh_t| hist bins=60 range=(-12.50,-11.50) mean=-12.00 p50=-12.00 p05=-12.00 p95=-12.00
  [diag] sat-dist hist bins=60 sat<0.05=0.0% mean=0.978 p10=0.976 p90=0.982
Iter 0001980: train nll 1.387, valid error 071.910%, best valid error 073.260%, avg grad norm   0.245, avg grad norm (post clip)   0.255, rho_Whh  1.00, Omega  0.00, alpha  2.000, steps in the past 0.000, valid nll 1.386
  [diag] log10|dL/dh_t| hist bins=60 range=(-12.50,-11.50) mean=-12.00 p50=-12.00 p05=-12.00 p95=-12.00
  [diag] sat-dist hist bins=60 sat<0.05=0.0% mean=0.971 p10=0.958 p90=0.982
Iter 0002000: train nll 1.385, valid error 069.680%, best valid error 071.910%, avg grad norm   0.274, avg grad norm (post clip)   0.287, rho_Whh  1.02, Omega  0.00, alpha  2.000, steps in the past 0.000, valid nll 1.383
  [diag] log10|dL/dh_t| hist bins=60 range=(-12.50,-11.50) mean=-12.00 p50=-12.00 p05=-12.00 p95=-12.00
  [diag] sat-dist hist bins=60 sat<0.05=0.0% mean=0.926 p10=0.862 p90=0.974
Iter 0002020: train nll 1.381, valid error 073.460%, best valid error 069.680%, avg grad norm   1.003, avg grad norm (post clip)   0.848, rho_Whh  1.04, Omega  0.00, alpha  2.000, steps in the past 0.000, valid nll 1.378
  [diag] log10|dL/dh_t| hist bins=60 range=(-12.50,-11.50) mean=-12.00 p50=-12.00 p05=-12.00 p95=-12.00
  [diag] sat-dist hist bins=60 sat<0.05=0.0% mean=0.954 p10=0.912 p90=0.983
Iter 0002040: train nll 1.369, valid error 045.980%, best valid error 069.680%, avg grad norm   3.719, avg grad norm (post clip)   1.029, rho_Whh  1.03, Omega  0.00, alpha  2.000, steps in the past 0.000, valid nll 1.358
  [diag] log10|dL/dh_t| hist bins=60 range=(-12.50,-11.50) mean=-12.00 p50=-12.00 p05=-12.00 p95=-12.00
  [diag] sat-dist hist bins=60 sat<0.05=0.0% mean=0.937 p10=0.888 p90=0.982
Iter 0002060: train nll 1.361, valid error 061.580%, best valid error 045.980%, avg grad norm   6.400, avg grad norm (post clip)   1.051, rho_Whh  1.04, Omega  0.00, alpha  2.000, steps in the past 0.000, valid nll 1.362
  [diag] log10|dL/dh_t| hist bins=60 range=(-12.50,-11.50) mean=-12.00 p50=-12.00 p05=-12.00 p95=-12.00
  [diag] sat-dist hist bins=60 sat<0.05=0.0% mean=0.932 p10=0.879 p90=0.981
Iter 0002080: train nll 1.349, valid error 064.440%, best valid error 045.980%, avg grad norm   8.851, avg grad norm (post clip)   1.053, rho_Whh  1.04, Omega  0.00, alpha  2.000, steps in the past 0.000, valid nll 1.360
  [diag] log10|dL/dh_t| hist bins=60 range=(-12.50,-11.50) mean=-12.00 p50=-12.00 p05=-12.00 p95=-12.00
  [diag] sat-dist hist bins=60 sat<0.05=0.0% mean=0.934 p10=0.881 p90=0.982
Iter 0002100: train nll 1.339, valid error 048.250%, best valid error 045.980%, avg grad norm  11.020, avg grad norm (post clip)   1.053, rho_Whh  1.04, Omega  0.00, alpha  2.000, steps in the past 0.000, valid nll 1.331
  [diag] log10|dL/dh_t| hist bins=60 range=(-12.50,-11.50) mean=-12.00 p50=-12.00 p05=-12.00 p95=-12.00
  [diag] sat-dist hist bins=60 sat<0.05=0.0% mean=0.934 p10=0.877 p90=0.982
Iter 0002120: train nll 1.327, valid error 041.430%, best valid error 045.980%, avg grad norm  15.499, avg grad norm (post clip)   1.053, rho_Whh  1.04, Omega  0.00, alpha  2.000, steps in the past 0.000, valid nll 1.310
  [diag] log10|dL/dh_t| hist bins=60 range=(-12.50,-11.50) mean=-12.00 p50=-12.00 p05=-12.00 p95=-12.00
  [diag] sat-dist hist bins=60 sat<0.05=0.0% mean=0.921 p10=0.860 p90=0.982
Iter 0002140: train nll 1.302, valid error 046.410%, best valid error 041.430%, avg grad norm  16.698, avg grad norm (post clip)   1.053, rho_Whh  1.05, Omega  0.00, alpha  2.000, steps in the past 0.000, valid nll 1.292
  [diag] log10|dL/dh_t| hist bins=60 range=(-12.50,-11.50) mean=-12.00 p50=-12.00 p05=-12.00 p95=-12.00
  [diag] sat-dist hist bins=60 sat<0.05=0.0% mean=0.903 p10=0.818 p90=0.983
Iter 0002160: train nll 1.284, valid error 039.490%, best valid error 041.430%, avg grad norm  16.740, avg grad norm (post clip)   1.053, rho_Whh  1.06, Omega  0.00, alpha  2.000, steps in the past 0.000, valid nll 1.252
  [diag] log10|dL/dh_t| hist bins=60 range=(-12.50,-11.50) mean=-12.00 p50=-12.00 p05=-12.00 p95=-12.00
  [diag] sat-dist hist bins=60 sat<0.05=0.0% mean=0.890 p10=0.804 p90=0.981
Iter 0002180: train nll 1.277, valid error 046.430%, best valid error 039.490%, avg grad norm  20.154, avg grad norm (post clip)   1.053, rho_Whh  1.06, Omega  0.00, alpha  2.000, steps in the past 0.000, valid nll 1.248
  [diag] log10|dL/dh_t| hist bins=60 range=(-12.50,-11.50) mean=-12.00 p50=-12.00 p05=-12.00 p95=-12.00
  [diag] sat-dist hist bins=60 sat<0.05=0.0% mean=0.888 p10=0.801 p90=0.981
Iter 0002200: train nll 1.258, valid error 054.390%, best valid error 039.490%, avg grad norm  16.141, avg grad norm (post clip)   1.053, rho_Whh  1.07, Omega  0.00, alpha  2.000, steps in the past 0.000, valid nll 1.251
  [diag] log10|dL/dh_t| hist bins=60 range=(-12.50,-11.50) mean=-12.00 p50=-12.00 p05=-12.00 p95=-12.00
  [diag] sat-dist hist bins=60 sat<0.05=0.0% mean=0.874 p10=0.774 p90=0.983
Iter 0002220: train nll 1.233, valid error 040.910%, best valid error 039.490%, avg grad norm  16.985, avg grad norm (post clip)   1.053, rho_Whh  1.07, Omega  0.00, alpha  2.000, steps in the past 0.000, valid nll 1.195
  [diag] log10|dL/dh_t| hist bins=60 range=(-12.50,-11.50) mean=-12.00 p50=-12.00 p05=-12.00 p95=-12.00
  [diag] sat-dist hist bins=60 sat<0.05=0.0% mean=0.859 p10=0.767 p90=0.979
Iter 0002240: train nll 1.228, valid error 050.040%, best valid error 039.490%, avg grad norm  19.545, avg grad norm (post clip)   1.053, rho_Whh  1.08, Omega  0.00, alpha  2.000, steps in the past 0.000, valid nll 1.212
  [diag] log10|dL/dh_t| hist bins=60 range=(-12.50,-11.50) mean=-12.00 p50=-12.00 p05=-12.00 p95=-12.00
  [diag] sat-dist hist bins=60 sat<0.05=0.0% mean=0.861 p10=0.756 p90=0.982
Iter 0002260: train nll 1.224, valid error 047.260%, best valid error 039.490%, avg grad norm  24.679, avg grad norm (post clip)   1.053, rho_Whh  1.08, Omega  0.00, alpha  2.000, steps in the past 0.000, valid nll 1.191
  [diag] log10|dL/dh_t| hist bins=60 range=(-12.50,-11.50) mean=-12.00 p50=-12.00 p05=-12.00 p95=-12.00
  [diag] sat-dist hist bins=60 sat<0.05=0.0% mean=0.858 p10=0.759 p90=0.983
Iter 0002280: train nll 1.192, valid error 049.660%, best valid error 039.490%, avg grad norm  19.358, avg grad norm (post clip)   1.053, rho_Whh  1.08, Omega  0.00, alpha  2.000, steps in the past 0.000, valid nll 1.182
  [diag] log10|dL/dh_t| hist bins=60 range=(-12.50,-11.50) mean=-12.00 p50=-12.00 p05=-12.00 p95=-12.00
  [diag] sat-dist hist bins=60 sat<0.05=0.0% mean=0.848 p10=0.767 p90=0.975
Iter 0002300: train nll 1.184, valid error 057.690%, best valid error 039.490%, avg grad norm  21.393, avg grad norm (post clip)   1.053, rho_Whh  1.08, Omega  0.00, alpha  2.000, steps in the past 0.000, valid nll 1.221
  [diag] log10|dL/dh_t| hist bins=60 range=(-12.50,-11.50) mean=-12.00 p50=-12.00 p05=-12.00 p95=-12.00
  [diag] sat-dist hist bins=60 sat<0.05=0.0% mean=0.848 p10=0.736 p90=0.982
Iter 0002320: train nll 1.179, valid error 046.430%, best valid error 039.490%, avg grad norm  23.641, avg grad norm (post clip)   1.053, rho_Whh  1.09, Omega  0.00, alpha  2.000, steps in the past 0.000, valid nll 1.111
  [diag] log10|dL/dh_t| hist bins=60 range=(-12.50,-11.50) mean=-12.00 p50=-12.00 p05=-12.00 p95=-12.00
  [diag] sat-dist hist bins=60 sat<0.05=0.0% mean=0.832 p10=0.744 p90=0.978
Iter 0002340: train nll 1.145, valid error 055.640%, best valid error 039.490%, avg grad norm  22.199, avg grad norm (post clip)   1.053, rho_Whh  1.09, Omega  0.00, alpha  2.000, steps in the past 0.000, valid nll 1.182
  [diag] log10|dL/dh_t| hist bins=60 range=(-12.50,-11.50) mean=-12.00 p50=-12.00 p05=-12.00 p95=-12.00
  [diag] sat-dist hist bins=60 sat<0.05=0.0% mean=0.841 p10=0.718 p90=0.983
Iter 0002360: train nll 1.149, valid error 044.170%, best valid error 039.490%, avg grad norm  24.057, avg grad norm (post clip)   1.053, rho_Whh  1.09, Omega  0.00, alpha  2.000, steps in the past 0.000, valid nll 1.070
  [diag] log10|dL/dh_t| hist bins=60 range=(-12.50,-11.50) mean=-12.00 p50=-12.00 p05=-12.00 p95=-12.00
  [diag] sat-dist hist bins=60 sat<0.05=0.0% mean=0.835 p10=0.720 p90=0.982
Iter 0002380: train nll 1.134, valid error 047.710%, best valid error 039.490%, avg grad norm  25.374, avg grad norm (post clip)   1.053, rho_Whh  1.09, Omega  0.00, alpha  2.000, steps in the past 0.000, valid nll 1.105
  [diag] log10|dL/dh_t| hist bins=60 range=(-12.50,-11.50) mean=-12.00 p50=-12.00 p05=-12.00 p95=-12.00
  [diag] sat-dist hist bins=60 sat<0.05=0.0% mean=0.832 p10=0.722 p90=0.982
Iter 0002400: train nll 1.126, valid error 047.410%, best valid error 039.490%, avg grad norm  23.697, avg grad norm (post clip)   1.053, rho_Whh  1.09, Omega  0.00, alpha  2.000, steps in the past 0.000, valid nll 1.116
  [diag] log10|dL/dh_t| hist bins=60 range=(-12.50,-11.50) mean=-12.00 p50=-12.00 p05=-12.00 p95=-12.00
  [diag] sat-dist hist bins=60 sat<0.05=0.0% mean=0.813 p10=0.721 p90=0.973
Iter 0002420: train nll 1.138, valid error 066.890%, best valid error 039.490%, avg grad norm  29.555, avg grad norm (post clip)   1.053, rho_Whh  1.10, Omega  0.00, alpha  2.000, steps in the past 0.000, valid nll 1.239
  [diag] log10|dL/dh_t| hist bins=60 range=(-12.50,-11.50) mean=-12.00 p50=-12.00 p05=-12.00 p95=-12.00
  [diag] sat-dist hist bins=60 sat<0.05=0.0% mean=0.826 p10=0.720 p90=0.983
Iter 0002440: train nll 1.127, valid error 047.230%, best valid error 039.490%, avg grad norm  30.811, avg grad norm (post clip)   1.053, rho_Whh  1.10, Omega  0.00, alpha  2.000, steps in the past 0.000, valid nll 1.099
  [diag] log10|dL/dh_t| hist bins=60 range=(-12.50,-11.50) mean=-12.00 p50=-12.00 p05=-12.00 p95=-12.00
  [diag] sat-dist hist bins=60 sat<0.05=0.0% mean=0.812 p10=0.725 p90=0.970
Iter 0002460: train nll 1.106, valid error 063.030%, best valid error 039.490%, avg grad norm  28.845, avg grad norm (post clip)   1.053, rho_Whh  1.10, Omega  0.00, alpha  2.000, steps in the past 0.000, valid nll 1.196
  [diag] log10|dL/dh_t| hist bins=60 range=(-12.50,-11.50) mean=-12.00 p50=-12.00 p05=-12.00 p95=-12.00
  [diag] sat-dist hist bins=60 sat<0.05=0.0% mean=0.813 p10=0.730 p90=0.973
Iter 0002480: train nll 1.094, valid error 058.120%, best valid error 039.490%, avg grad norm  26.703, avg grad norm (post clip)   1.053, rho_Whh  1.10, Omega  0.00, alpha  2.000, steps in the past 0.000, valid nll 1.152
  [diag] log10|dL/dh_t| hist bins=60 range=(-12.50,-11.50) mean=-12.00 p50=-12.00 p05=-12.00 p95=-12.00
  [diag] sat-dist hist bins=60 sat<0.05=0.0% mean=0.815 p10=0.705 p90=0.983
Iter 0002500: train nll 1.083, valid error 046.770%, best valid error 039.490%, avg grad norm  26.826, avg grad norm (post clip)   1.053, rho_Whh  1.10, Omega  0.00, alpha  2.000, steps in the past 0.000, valid nll 1.029
  [diag] log10|dL/dh_t| hist bins=60 range=(-12.50,-11.50) mean=-12.00 p50=-12.00 p05=-12.00 p95=-12.00
  [diag] sat-dist hist bins=60 sat<0.05=0.0% mean=0.815 p10=0.690 p90=0.983
Iter 0002520: train nll 1.066, valid error 042.440%, best valid error 039.490%, avg grad norm  24.067, avg grad norm (post clip)   1.053, rho_Whh  1.10, Omega  0.00, alpha  2.000, steps in the past 0.000, valid nll 0.986
  [diag] log10|dL/dh_t| hist bins=60 range=(-12.50,-11.50) mean=-12.00 p50=-12.00 p05=-12.00 p95=-12.00
  [diag] sat-dist hist bins=60 sat<0.05=0.0% mean=0.809 p10=0.698 p90=0.980
Iter 0002540: train nll 1.058, valid error 047.620%, best valid error 039.490%, avg grad norm  28.091, avg grad norm (post clip)   1.053, rho_Whh  1.11, Omega  0.00, alpha  2.000, steps in the past 0.000, valid nll 1.025
  [diag] log10|dL/dh_t| hist bins=60 range=(-12.50,-11.50) mean=-12.00 p50=-12.00 p05=-12.00 p95=-12.00
  [diag] sat-dist hist bins=60 sat<0.05=0.0% mean=0.800 p10=0.713 p90=0.976
Iter 0002560: train nll 1.045, valid error 051.150%, best valid error 039.490%, avg grad norm  28.036, avg grad norm (post clip)   1.053, rho_Whh  1.11, Omega  0.00, alpha  2.000, steps in the past 0.000, valid nll 1.068
  [diag] log10|dL/dh_t| hist bins=60 range=(-12.50,-11.50) mean=-12.00 p50=-12.00 p05=-12.00 p95=-12.00
  [diag] sat-dist hist bins=60 sat<0.05=0.0% mean=0.802 p10=0.695 p90=0.979
Iter 0002580: train nll 1.046, valid error 047.760%, best valid error 039.490%, avg grad norm  28.829, avg grad norm (post clip)   1.053, rho_Whh  1.11, Omega  0.00, alpha  2.000, steps in the past 0.000, valid nll 1.025
  [diag] log10|dL/dh_t| hist bins=60 range=(-12.50,-11.50) mean=-12.00 p50=-12.00 p05=-12.00 p95=-12.00
  [diag] sat-dist hist bins=60 sat<0.05=0.0% mean=0.793 p10=0.704 p90=0.975
Iter 0002600: train nll 1.058, valid error 052.320%, best valid error 039.490%, avg grad norm  36.144, avg grad norm (post clip)   1.053, rho_Whh  1.11, Omega  0.00, alpha  2.000, steps in the past 0.000, valid nll 1.066
  [diag] log10|dL/dh_t| hist bins=60 range=(-12.50,-11.50) mean=-12.00 p50=-12.00 p05=-12.00 p95=-12.00
  [diag] sat-dist hist bins=60 sat<0.05=0.0% mean=0.800 p10=0.679 p90=0.983
Iter 0002620: train nll 1.048, valid error 041.800%, best valid error 039.490%, avg grad norm  33.682, avg grad norm (post clip)   1.053, rho_Whh  1.11, Omega  0.00, alpha  2.000, steps in the past 0.000, valid nll 0.945
  [diag] log10|dL/dh_t| hist bins=60 range=(-12.50,-11.50) mean=-12.00 p50=-12.00 p05=-12.00 p95=-12.00
  [diag] sat-dist hist bins=60 sat<0.05=0.0% mean=0.794 p10=0.688 p90=0.982
Iter 0002640: train nll 1.044, valid error 049.340%, best valid error 039.490%, avg grad norm  30.465, avg grad norm (post clip)   1.053, rho_Whh  1.12, Omega  0.00, alpha  2.000, steps in the past 0.000, valid nll 1.041
  [diag] log10|dL/dh_t| hist bins=60 range=(-12.50,-11.50) mean=-12.00 p50=-12.00 p05=-12.00 p95=-12.00
  [diag] sat-dist hist bins=60 sat<0.05=0.0% mean=0.789 p10=0.704 p90=0.978
Iter 0002660: train nll 1.028, valid error 048.730%, best valid error 039.490%, avg grad norm  36.396, avg grad norm (post clip)   1.053, rho_Whh  1.12, Omega  0.00, alpha  2.000, steps in the past 0.000, valid nll 1.019
  [diag] log10|dL/dh_t| hist bins=60 range=(-12.50,-11.50) mean=-12.00 p50=-12.00 p05=-12.00 p95=-12.00
  [diag] sat-dist hist bins=60 sat<0.05=0.0% mean=0.794 p10=0.685 p90=0.982
Iter 0002680: train nll 0.994, valid error 047.860%, best valid error 039.490%, avg grad norm  23.510, avg grad norm (post clip)   1.053, rho_Whh  1.12, Omega  0.00, alpha  2.000, steps in the past 0.000, valid nll 0.962
  [diag] log10|dL/dh_t| hist bins=60 range=(-12.50,-11.50) mean=-12.00 p50=-12.00 p05=-12.00 p95=-12.00
  [diag] sat-dist hist bins=60 sat<0.05=0.0% mean=0.791 p10=0.665 p90=0.983
Iter 0002700: train nll 1.032, valid error 047.170%, best valid error 039.490%, avg grad norm  37.492, avg grad norm (post clip)   1.053, rho_Whh  1.12, Omega  0.00, alpha  2.000, steps in the past 0.000, valid nll 0.988
  [diag] log10|dL/dh_t| hist bins=60 range=(-12.50,-11.50) mean=-12.00 p50=-12.00 p05=-12.00 p95=-12.00
  [diag] sat-dist hist bins=60 sat<0.05=0.0% mean=0.792 p10=0.667 p90=0.982
Iter 0002720: train nll 1.030, valid error 048.060%, best valid error 039.490%, avg grad norm  40.919, avg grad norm (post clip)   1.053, rho_Whh  1.12, Omega  0.00, alpha  2.000, steps in the past 0.000, valid nll 0.936
  [diag] log10|dL/dh_t| hist bins=60 range=(-12.50,-11.50) mean=-12.00 p50=-12.00 p05=-12.00 p95=-12.00
  [diag] sat-dist hist bins=60 sat<0.05=0.0% mean=0.781 p10=0.694 p90=0.975
Iter 0002740: train nll 0.980, valid error 046.860%, best valid error 039.490%, avg grad norm  26.325, avg grad norm (post clip)   1.053, rho_Whh  1.12, Omega  0.00, alpha  2.000, steps in the past 0.000, valid nll 0.988
  [diag] log10|dL/dh_t| hist bins=60 range=(-12.50,-11.50) mean=-12.00 p50=-12.00 p05=-12.00 p95=-12.00
  [diag] sat-dist hist bins=60 sat<0.05=0.0% mean=0.791 p10=0.672 p90=0.982
Iter 0002760: train nll 0.989, valid error 050.550%, best valid error 039.490%, avg grad norm  31.484, avg grad norm (post clip)   1.053, rho_Whh  1.12, Omega  0.00, alpha  2.000, steps in the past 0.000, valid nll 1.028
  [diag] log10|dL/dh_t| hist bins=60 range=(-12.50,-11.50) mean=-12.00 p50=-12.00 p05=-12.00 p95=-12.00
  [diag] sat-dist hist bins=60 sat<0.05=0.0% mean=0.788 p10=0.675 p90=0.982
Iter 0002780: train nll 1.026, valid error 049.300%, best valid error 039.490%, avg grad norm  40.229, avg grad norm (post clip)   1.053, rho_Whh  1.12, Omega  0.00, alpha  2.000, steps in the past 0.000, valid nll 0.974
  [diag] log10|dL/dh_t| hist bins=60 range=(-12.50,-11.50) mean=-12.00 p50=-12.00 p05=-12.00 p95=-12.00
  [diag] sat-dist hist bins=60 sat<0.05=0.0% mean=0.788 p10=0.685 p90=0.981
Iter 0002800: train nll 0.983, valid error 054.140%, best valid error 039.490%, avg grad norm  32.256, avg grad norm (post clip)   1.053, rho_Whh  1.12, Omega  0.00, alpha  2.000, steps in the past 0.000, valid nll 1.043
  [diag] log10|dL/dh_t| hist bins=60 range=(-12.50,-11.50) mean=-12.00 p50=-12.00 p05=-12.00 p95=-12.00
  [diag] sat-dist hist bins=60 sat<0.05=0.0% mean=0.789 p10=0.656 p90=0.982
Iter 0002820: train nll 0.986, valid error 049.290%, best valid error 039.490%, avg grad norm  32.233, avg grad norm (post clip)   1.053, rho_Whh  1.12, Omega  0.00, alpha  2.000, steps in the past 0.000, valid nll 0.955
  [diag] log10|dL/dh_t| hist bins=60 range=(-12.50,-11.50) mean=-12.00 p50=-12.00 p05=-12.00 p95=-12.00
  [diag] sat-dist hist bins=60 sat<0.05=0.0% mean=0.786 p10=0.658 p90=0.983
Iter 0002840: train nll 0.972, valid error 040.710%, best valid error 039.490%, avg grad norm  35.188, avg grad norm (post clip)   1.053, rho_Whh  1.12, Omega  0.00, alpha  2.000, steps in the past 0.000, valid nll 0.891
  [diag] log10|dL/dh_t| hist bins=60 range=(-12.50,-11.50) mean=-12.00 p50=-12.00 p05=-12.00 p95=-12.00
  [diag] sat-dist hist bins=60 sat<0.05=0.0% mean=0.785 p10=0.648 p90=0.983
Iter 0002860: train nll 0.987, valid error 041.800%, best valid error 039.490%, avg grad norm  35.524, avg grad norm (post clip)   1.053, rho_Whh  1.12, Omega  0.00, alpha  2.000, steps in the past 0.000, valid nll 0.879
  [diag] log10|dL/dh_t| hist bins=60 range=(-12.50,-11.50) mean=-12.00 p50=-12.00 p05=-12.00 p95=-12.00
  [diag] sat-dist hist bins=60 sat<0.05=0.0% mean=0.783 p10=0.651 p90=0.983
Iter 0002880: train nll 0.961, valid error 047.870%, best valid error 039.490%, avg grad norm  33.028, avg grad norm (post clip)   1.053, rho_Whh  1.12, Omega  0.00, alpha  2.000, steps in the past 0.000, valid nll 0.925
  [diag] log10|dL/dh_t| hist bins=60 range=(-12.50,-11.50) mean=-12.00 p50=-12.00 p05=-12.00 p95=-12.00
  [diag] sat-dist hist bins=60 sat<0.05=0.0% mean=0.782 p10=0.655 p90=0.981
Iter 0002900: train nll 0.979, valid error 045.960%, best valid error 039.490%, avg grad norm  42.317, avg grad norm (post clip)   1.053, rho_Whh  1.12, Omega  0.00, alpha  2.000, steps in the past 0.000, valid nll 0.953
  [diag] log10|dL/dh_t| hist bins=60 range=(-12.50,-11.50) mean=-12.00 p50=-12.00 p05=-12.00 p95=-12.00
  [diag] sat-dist hist bins=60 sat<0.05=0.0% mean=0.776 p10=0.685 p90=0.977
Iter 0002920: train nll 0.955, valid error 046.120%, best valid error 039.490%, avg grad norm  32.784, avg grad norm (post clip)   1.053, rho_Whh  1.12, Omega  0.00, alpha  2.000, steps in the past 0.000, valid nll 0.914
  [diag] log10|dL/dh_t| hist bins=60 range=(-12.50,-11.50) mean=-12.00 p50=-12.00 p05=-12.00 p95=-12.00
  [diag] sat-dist hist bins=60 sat<0.05=0.0% mean=0.781 p10=0.653 p90=0.980
Iter 0002940: train nll 0.960, valid error 048.840%, best valid error 039.490%, avg grad norm  35.439, avg grad norm (post clip)   1.053, rho_Whh  1.12, Omega  0.00, alpha  2.000, steps in the past 0.000, valid nll 1.035
  [diag] log10|dL/dh_t| hist bins=60 range=(-12.50,-11.50) mean=-12.00 p50=-12.00 p05=-12.00 p95=-12.00
  [diag] sat-dist hist bins=60 sat<0.05=0.0% mean=0.770 p10=0.686 p90=0.976
Iter 0002960: train nll 0.930, valid error 046.410%, best valid error 039.490%, avg grad norm  29.039, avg grad norm (post clip)   1.053, rho_Whh  1.12, Omega  0.00, alpha  2.000, steps in the past 0.000, valid nll 0.933
  [diag] log10|dL/dh_t| hist bins=60 range=(-12.50,-11.50) mean=-12.00 p50=-12.00 p05=-12.00 p95=-12.00
  [diag] sat-dist hist bins=60 sat<0.05=0.0% mean=0.778 p10=0.638 p90=0.982
Iter 0002980: train nll 0.938, valid error 042.020%, best valid error 039.490%, avg grad norm  31.398, avg grad norm (post clip)   1.053, rho_Whh  1.12, Omega  0.00, alpha  2.000, steps in the past 0.000, valid nll 0.849
  [diag] log10|dL/dh_t| hist bins=60 range=(-12.50,-11.50) mean=-12.00 p50=-12.00 p05=-12.00 p95=-12.00
  [diag] sat-dist hist bins=60 sat<0.05=0.0% mean=0.772 p10=0.672 p90=0.980
Iter 0003000: train nll 0.942, valid error 054.730%, best valid error 039.490%, avg grad norm  35.381, avg grad norm (post clip)   1.053, rho_Whh  1.12, Omega  0.00, alpha  2.000, steps in the past 0.000, valid nll 1.016
  [diag] log10|dL/dh_t| hist bins=60 range=(-12.50,-11.50) mean=-12.00 p50=-12.00 p05=-12.00 p95=-12.00
  [diag] sat-dist hist bins=60 sat<0.05=0.0% mean=0.775 p10=0.642 p90=0.981
Iter 0003020: train nll 0.945, valid error 045.920%, best valid error 039.490%, avg grad norm  35.759, avg grad norm (post clip)   1.053, rho_Whh  1.12, Omega  0.00, alpha  2.000, steps in the past 0.000, valid nll 0.854
  [diag] log10|dL/dh_t| hist bins=60 range=(-12.50,-11.50) mean=-12.00 p50=-12.00 p05=-12.00 p95=-12.00
  [diag] sat-dist hist bins=60 sat<0.05=0.0% mean=0.774 p10=0.635 p90=0.982
Iter 0003040: train nll 0.957, valid error 042.020%, best valid error 039.490%, avg grad norm  45.653, avg grad norm (post clip)   1.053, rho_Whh  1.12, Omega  0.00, alpha  2.000, steps in the past 0.000, valid nll 0.856
  [diag] log10|dL/dh_t| hist bins=60 range=(-12.50,-11.50) mean=-12.00 p50=-12.00 p05=-12.00 p95=-12.00
  [diag] sat-dist hist bins=60 sat<0.05=0.0% mean=0.770 p10=0.647 p90=0.982
Iter 0003060: train nll 0.938, valid error 046.880%, best valid error 039.490%, avg grad norm  37.539, avg grad norm (post clip)   1.053, rho_Whh  1.12, Omega  0.00, alpha  2.000, steps in the past 0.000, valid nll 0.850
  [diag] log10|dL/dh_t| hist bins=60 range=(-12.50,-11.50) mean=-12.00 p50=-12.00 p05=-12.00 p95=-12.00
  [diag] sat-dist hist bins=60 sat<0.05=0.0% mean=0.774 p10=0.640 p90=0.983
Iter 0003080: train nll 0.906, valid error 049.300%, best valid error 039.490%, avg grad norm  27.113, avg grad norm (post clip)   1.053, rho_Whh  1.12, Omega  0.00, alpha  2.000, steps in the past 0.000, valid nll 0.947
  [diag] log10|dL/dh_t| hist bins=60 range=(-12.50,-11.50) mean=-12.00 p50=-12.00 p05=-12.00 p95=-12.00
  [diag] sat-dist hist bins=60 sat<0.05=0.0% mean=0.764 p10=0.667 p90=0.973
Iter 0003100: train nll 0.934, valid error 053.490%, best valid error 039.490%, avg grad norm  35.593, avg grad norm (post clip)   1.053, rho_Whh  1.13, Omega  0.00, alpha  2.000, steps in the past 0.000, valid nll 0.957
  [diag] log10|dL/dh_t| hist bins=60 range=(-12.50,-11.50) mean=-12.00 p50=-12.00 p05=-12.00 p95=-12.00
  [diag] sat-dist hist bins=60 sat<0.05=0.0% mean=0.761 p10=0.673 p90=0.974
Iter 0003120: train nll 0.921, valid error 061.850%, best valid error 039.490%, avg grad norm  39.597, avg grad norm (post clip)   1.053, rho_Whh  1.13, Omega  0.00, alpha  2.000, steps in the past 0.000, valid nll 1.104
  [diag] log10|dL/dh_t| hist bins=60 range=(-12.50,-11.50) mean=-12.00 p50=-12.00 p05=-12.00 p95=-12.00
  [diag] sat-dist hist bins=60 sat<0.05=0.0% mean=0.769 p10=0.633 p90=0.981
Iter 0003140: train nll 0.921, valid error 045.940%, best valid error 039.490%, avg grad norm  35.396, avg grad norm (post clip)   1.053, rho_Whh  1.12, Omega  0.00, alpha  2.000, steps in the past 0.000, valid nll 0.849
  [diag] log10|dL/dh_t| hist bins=60 range=(-12.50,-11.50) mean=-12.00 p50=-12.00 p05=-12.00 p95=-12.00
  [diag] sat-dist hist bins=60 sat<0.05=0.0% mean=0.767 p10=0.647 p90=0.978
Iter 0003160: train nll 0.906, valid error 049.970%, best valid error 039.490%, avg grad norm  37.713, avg grad norm (post clip)   1.053, rho_Whh  1.13, Omega  0.00, alpha  2.000, steps in the past 0.000, valid nll 1.039
  [diag] log10|dL/dh_t| hist bins=60 range=(-12.50,-11.50) mean=-12.00 p50=-12.00 p05=-12.00 p95=-12.00
  [diag] sat-dist hist bins=60 sat<0.05=0.0% mean=0.768 p10=0.632 p90=0.983
Iter 0003180: train nll 0.934, valid error 040.620%, best valid error 039.490%, avg grad norm  46.176, avg grad norm (post clip)   1.053, rho_Whh  1.12, Omega  0.00, alpha  2.000, steps in the past 0.000, valid nll 0.816
  [diag] log10|dL/dh_t| hist bins=60 range=(-12.50,-11.50) mean=-12.00 p50=-12.00 p05=-12.00 p95=-12.00
  [diag] sat-dist hist bins=60 sat<0.05=0.0% mean=0.766 p10=0.638 p90=0.979
Iter 0003200: train nll 0.929, valid error 046.380%, best valid error 039.490%, avg grad norm  42.735, avg grad norm (post clip)   1.053, rho_Whh  1.13, Omega  0.00, alpha  2.000, steps in the past 0.000, valid nll 0.901
  [diag] log10|dL/dh_t| hist bins=60 range=(-12.50,-11.50) mean=-12.00 p50=-12.00 p05=-12.00 p95=-12.00
  [diag] sat-dist hist bins=60 sat<0.05=0.0% mean=0.768 p10=0.648 p90=0.982
Iter 0003220: train nll 0.903, valid error 048.740%, best valid error 039.490%, avg grad norm  31.516, avg grad norm (post clip)   1.053, rho_Whh  1.12, Omega  0.00, alpha  2.000, steps in the past 0.000, valid nll 0.904
  [diag] log10|dL/dh_t| hist bins=60 range=(-12.50,-11.50) mean=-12.00 p50=-12.00 p05=-12.00 p95=-12.00
  [diag] sat-dist hist bins=60 sat<0.05=0.0% mean=0.762 p10=0.637 p90=0.979
Iter 0003240: train nll 0.909, valid error 047.110%, best valid error 039.490%, avg grad norm  37.004, avg grad norm (post clip)   1.053, rho_Whh  1.13, Omega  0.00, alpha  2.000, steps in the past 0.000, valid nll 0.861
  [diag] log10|dL/dh_t| hist bins=60 range=(-12.50,-11.50) mean=-12.00 p50=-12.00 p05=-12.00 p95=-12.00
  [diag] sat-dist hist bins=60 sat<0.05=0.0% mean=0.761 p10=0.652 p90=0.979
Iter 0003260: train nll 0.876, valid error 046.790%, best valid error 039.490%, avg grad norm  31.370, avg grad norm (post clip)   1.053, rho_Whh  1.13, Omega  0.00, alpha  2.000, steps in the past 0.000, valid nll 0.849
  [diag] log10|dL/dh_t| hist bins=60 range=(-12.50,-11.50) mean=-12.00 p50=-12.00 p05=-12.00 p95=-12.00
  [diag] sat-dist hist bins=60 sat<0.05=0.0% mean=0.756 p10=0.670 p90=0.974
Iter 0003280: train nll 0.898, valid error 049.040%, best valid error 039.490%, avg grad norm  35.450, avg grad norm (post clip)   1.053, rho_Whh  1.13, Omega  0.00, alpha  2.000, steps in the past 0.000, valid nll 0.895
  [diag] log10|dL/dh_t| hist bins=60 range=(-12.50,-11.50) mean=-12.00 p50=-12.00 p05=-12.00 p95=-12.00
  [diag] sat-dist hist bins=60 sat<0.05=0.0% mean=0.759 p10=0.650 p90=0.980
Iter 0003300: train nll 0.890, valid error 047.070%, best valid error 039.490%, avg grad norm  32.373, avg grad norm (post clip)   1.053, rho_Whh  1.13, Omega  0.00, alpha  2.000, steps in the past 0.000, valid nll 0.841
  [diag] log10|dL/dh_t| hist bins=60 range=(-12.50,-11.50) mean=-12.00 p50=-12.00 p05=-12.00 p95=-12.00
  [diag] sat-dist hist bins=60 sat<0.05=0.0% mean=0.754 p10=0.664 p90=0.972
Iter 0003320: train nll 0.885, valid error 054.200%, best valid error 039.490%, avg grad norm  38.071, avg grad norm (post clip)   1.053, rho_Whh  1.13, Omega  0.00, alpha  2.000, steps in the past 0.000, valid nll 0.947
  [diag] log10|dL/dh_t| hist bins=60 range=(-12.50,-11.50) mean=-12.00 p50=-12.00 p05=-12.00 p95=-12.00
  [diag] sat-dist hist bins=60 sat<0.05=0.0% mean=0.761 p10=0.622 p90=0.980
Iter 0003340: train nll 0.867, valid error 046.240%, best valid error 039.490%, avg grad norm  34.466, avg grad norm (post clip)   1.053, rho_Whh  1.13, Omega  0.00, alpha  2.000, steps in the past 0.000, valid nll 0.818
  [diag] log10|dL/dh_t| hist bins=60 range=(-12.50,-11.50) mean=-12.00 p50=-12.00 p05=-12.00 p95=-12.00
  [diag] sat-dist hist bins=60 sat<0.05=0.0% mean=0.763 p10=0.619 p90=0.982
Iter 0003360: train nll 0.889, valid error 042.430%, best valid error 039.490%, avg grad norm  33.635, avg grad norm (post clip)   1.053, rho_Whh  1.13, Omega  0.00, alpha  2.000, steps in the past 0.000, valid nll 0.831
  [diag] log10|dL/dh_t| hist bins=60 range=(-12.50,-11.50) mean=-12.00 p50=-12.00 p05=-12.00 p95=-12.00
  [diag] sat-dist hist bins=60 sat<0.05=0.0% mean=0.761 p10=0.635 p90=0.982
Iter 0003380: train nll 0.888, valid error 049.310%, best valid error 039.490%, avg grad norm  40.951, avg grad norm (post clip)   1.053, rho_Whh  1.13, Omega  0.00, alpha  2.000, steps in the past 0.000, valid nll 0.919
  [diag] log10|dL/dh_t| hist bins=60 range=(-12.50,-11.50) mean=-12.00 p50=-12.00 p05=-12.00 p95=-12.00
  [diag] sat-dist hist bins=60 sat<0.05=0.0% mean=0.761 p10=0.623 p90=0.982
Iter 0003400: train nll 0.905, valid error 039.150%, best valid error 039.490%, avg grad norm  45.021, avg grad norm (post clip)   1.053, rho_Whh  1.13, Omega  0.00, alpha  2.000, steps in the past 0.000, valid nll 0.802
  [diag] log10|dL/dh_t| hist bins=60 range=(-12.50,-11.50) mean=-12.00 p50=-12.00 p05=-12.00 p95=-12.00
  [diag] sat-dist hist bins=60 sat<0.05=0.0% mean=0.752 p10=0.666 p90=0.973
Iter 0003420: train nll 0.873, valid error 055.410%, best valid error 039.150%, avg grad norm  39.723, avg grad norm (post clip)   1.053, rho_Whh  1.13, Omega  0.00, alpha  2.000, steps in the past 0.000, valid nll 0.954
  [diag] log10|dL/dh_t| hist bins=60 range=(-12.50,-11.50) mean=-12.00 p50=-12.00 p05=-12.00 p95=-12.00
  [diag] sat-dist hist bins=60 sat<0.05=0.0% mean=0.756 p10=0.656 p90=0.977
Iter 0003440: train nll 0.864, valid error 047.090%, best valid error 039.150%, avg grad norm  30.774, avg grad norm (post clip)   1.053, rho_Whh  1.12, Omega  0.00, alpha  2.000, steps in the past 0.000, valid nll 0.841
  [diag] log10|dL/dh_t| hist bins=60 range=(-12.50,-11.50) mean=-12.00 p50=-12.00 p05=-12.00 p95=-12.00
  [diag] sat-dist hist bins=60 sat<0.05=0.0% mean=0.761 p10=0.617 p90=0.981
Iter 0003460: train nll 0.877, valid error 045.510%, best valid error 039.150%, avg grad norm  38.273, avg grad norm (post clip)   1.053, rho_Whh  1.12, Omega  0.00, alpha  2.000, steps in the past 0.000, valid nll 0.795
  [diag] log10|dL/dh_t| hist bins=60 range=(-12.50,-11.50) mean=-12.00 p50=-12.00 p05=-12.00 p95=-12.00
  [diag] sat-dist hist bins=60 sat<0.05=0.0% mean=0.754 p10=0.643 p90=0.978
Iter 0003480: train nll 0.880, valid error 046.050%, best valid error 039.150%, avg grad norm  38.339, avg grad norm (post clip)   1.053, rho_Whh  1.13, Omega  0.00, alpha  2.000, steps in the past 0.000, valid nll 0.812
  [diag] log10|dL/dh_t| hist bins=60 range=(-12.50,-11.50) mean=-12.00 p50=-12.00 p05=-12.00 p95=-12.00
  [diag] sat-dist hist bins=60 sat<0.05=0.0% mean=0.756 p10=0.612 p90=0.981
Iter 0003500: train nll 0.933, valid error 044.870%, best valid error 039.150%, avg grad norm  46.347, avg grad norm (post clip)   1.053, rho_Whh  1.13, Omega  0.00, alpha  2.000, steps in the past 0.000, valid nll 0.794
  [diag] log10|dL/dh_t| hist bins=60 range=(-12.50,-11.50) mean=-12.00 p50=-12.00 p05=-12.00 p95=-12.00
  [diag] sat-dist hist bins=60 sat<0.05=0.0% mean=0.756 p10=0.612 p90=0.983
Iter 0003520: train nll 0.888, valid error 039.250%, best valid error 039.150%, avg grad norm  44.798, avg grad norm (post clip)   1.053, rho_Whh  1.13, Omega  0.00, alpha  2.000, steps in the past 0.000, valid nll 0.778
  [diag] log10|dL/dh_t| hist bins=60 range=(-12.50,-11.50) mean=-12.00 p50=-12.00 p05=-12.00 p95=-12.00
  [diag] sat-dist hist bins=60 sat<0.05=0.0% mean=0.748 p10=0.659 p90=0.973
Iter 0003540: train nll 0.874, valid error 047.990%, best valid error 039.150%, avg grad norm  37.444, avg grad norm (post clip)   1.053, rho_Whh  1.13, Omega  0.00, alpha  2.000, steps in the past 0.000, valid nll 0.854
  [diag] log10|dL/dh_t| hist bins=60 range=(-12.50,-11.50) mean=-12.00 p50=-12.00 p05=-12.00 p95=-12.00
  [diag] sat-dist hist bins=60 sat<0.05=0.0% mean=0.755 p10=0.626 p90=0.977
Iter 0003560: train nll 0.845, valid error 046.590%, best valid error 039.150%, avg grad norm  31.578, avg grad norm (post clip)   1.053, rho_Whh  1.12, Omega  0.00, alpha  2.000, steps in the past 0.000, valid nll 0.809
  [diag] log10|dL/dh_t| hist bins=60 range=(-12.50,-11.50) mean=-12.00 p50=-12.00 p05=-12.00 p95=-12.00
  [diag] sat-dist hist bins=60 sat<0.05=0.0% mean=0.755 p10=0.614 p90=0.983
Iter 0003580: train nll 0.890, valid error 039.450%, best valid error 039.150%, avg grad norm  38.812, avg grad norm (post clip)   1.053, rho_Whh  1.13, Omega  0.00, alpha  2.000, steps in the past 0.000, valid nll 0.772
  [diag] log10|dL/dh_t| hist bins=60 range=(-12.50,-11.50) mean=-12.00 p50=-12.00 p05=-12.00 p95=-12.00
  [diag] sat-dist hist bins=60 sat<0.05=0.0% mean=0.748 p10=0.649 p90=0.975
Iter 0003600: train nll 0.876, valid error 050.080%, best valid error 039.150%, avg grad norm  43.300, avg grad norm (post clip)   1.053, rho_Whh  1.13, Omega  0.00, alpha  2.000, steps in the past 0.000, valid nll 0.859
  [diag] log10|dL/dh_t| hist bins=60 range=(-12.50,-11.50) mean=-12.00 p50=-12.00 p05=-12.00 p95=-12.00
  [diag] sat-dist hist bins=60 sat<0.05=0.0% mean=0.753 p10=0.614 p90=0.979
Iter 0003620: train nll 0.836, valid error 049.700%, best valid error 039.150%, avg grad norm  28.059, avg grad norm (post clip)   1.053, rho_Whh  1.13, Omega  0.00, alpha  2.000, steps in the past 0.000, valid nll 1.031
  [diag] log10|dL/dh_t| hist bins=60 range=(-12.50,-11.50) mean=-12.00 p50=-12.00 p05=-12.00 p95=-12.00
  [diag] sat-dist hist bins=60 sat<0.05=0.0% mean=0.753 p10=0.609 p90=0.983
Iter 0003640: train nll 0.858, valid error 041.030%, best valid error 039.150%, avg grad norm  38.392, avg grad norm (post clip)   1.053, rho_Whh  1.13, Omega  0.00, alpha  2.000, steps in the past 0.000, valid nll 0.774
  [diag] log10|dL/dh_t| hist bins=60 range=(-12.50,-11.50) mean=-12.00 p50=-12.00 p05=-12.00 p95=-12.00
  [diag] sat-dist hist bins=60 sat<0.05=0.0% mean=0.754 p10=0.604 p90=0.982
Iter 0003660: train nll 0.878, valid error 051.290%, best valid error 039.150%, avg grad norm  47.208, avg grad norm (post clip)   1.053, rho_Whh  1.13, Omega  0.00, alpha  2.000, steps in the past 0.000, valid nll 0.909
  [diag] log10|dL/dh_t| hist bins=60 range=(-12.50,-11.50) mean=-12.00 p50=-12.00 p05=-12.00 p95=-12.00
  [diag] sat-dist hist bins=60 sat<0.05=0.0% mean=0.751 p10=0.608 p90=0.982
Iter 0003680: train nll 0.841, valid error 046.050%, best valid error 039.150%, avg grad norm  35.239, avg grad norm (post clip)   1.053, rho_Whh  1.13, Omega  0.00, alpha  2.000, steps in the past 0.000, valid nll 0.809
  [diag] log10|dL/dh_t| hist bins=60 range=(-12.50,-11.50) mean=-12.00 p50=-12.00 p05=-12.00 p95=-12.00
  [diag] sat-dist hist bins=60 sat<0.05=0.0% mean=0.750 p10=0.611 p90=0.983
Iter 0003700: train nll 0.820, valid error 049.110%, best valid error 039.150%, avg grad norm  27.898, avg grad norm (post clip)   1.053, rho_Whh  1.13, Omega  0.00, alpha  2.000, steps in the past 0.000, valid nll 0.806
  [diag] log10|dL/dh_t| hist bins=60 range=(-12.50,-11.50) mean=-12.00 p50=-12.00 p05=-12.00 p95=-12.00
  [diag] sat-dist hist bins=60 sat<0.05=0.0% mean=0.748 p10=0.619 p90=0.981
Iter 0003720: train nll 0.830, valid error 045.880%, best valid error 039.150%, avg grad norm  34.147, avg grad norm (post clip)   1.053, rho_Whh  1.13, Omega  0.00, alpha  2.000, steps in the past 0.000, valid nll 0.776
  [diag] log10|dL/dh_t| hist bins=60 range=(-12.50,-11.50) mean=-12.00 p50=-12.00 p05=-12.00 p95=-12.00
  [diag] sat-dist hist bins=60 sat<0.05=0.0% mean=0.745 p10=0.631 p90=0.973
Iter 0003740: train nll 0.834, valid error 046.800%, best valid error 039.150%, avg grad norm  31.762, avg grad norm (post clip)   1.053, rho_Whh  1.13, Omega  0.00, alpha  2.000, steps in the past 0.000, valid nll 0.810
  [diag] log10|dL/dh_t| hist bins=60 range=(-12.50,-11.50) mean=-12.00 p50=-12.00 p05=-12.00 p95=-12.00
  [diag] sat-dist hist bins=60 sat<0.05=0.0% mean=0.747 p10=0.624 p90=0.981
Iter 0003760: train nll 0.860, valid error 045.650%, best valid error 039.150%, avg grad norm  33.679, avg grad norm (post clip)   1.053, rho_Whh  1.13, Omega  0.00, alpha  2.000, steps in the past 0.000, valid nll 0.841
  [diag] log10|dL/dh_t| hist bins=60 range=(-12.50,-11.50) mean=-12.00 p50=-12.00 p05=-12.00 p95=-12.00
  [diag] sat-dist hist bins=60 sat<0.05=0.0% mean=0.746 p10=0.625 p90=0.975
Iter 0003780: train nll 0.858, valid error 045.410%, best valid error 039.150%, avg grad norm  37.038, avg grad norm (post clip)   1.053, rho_Whh  1.13, Omega  0.00, alpha  2.000, steps in the past 0.000, valid nll 0.839
  [diag] log10|dL/dh_t| hist bins=60 range=(-12.50,-11.50) mean=-12.00 p50=-12.00 p05=-12.00 p95=-12.00
  [diag] sat-dist hist bins=60 sat<0.05=0.0% mean=0.747 p10=0.610 p90=0.982
Iter 0003800: train nll 0.873, valid error 048.530%, best valid error 039.150%, avg grad norm  41.155, avg grad norm (post clip)   1.053, rho_Whh  1.13, Omega  0.00, alpha  2.000, steps in the past 0.000, valid nll 0.800
  [diag] log10|dL/dh_t| hist bins=60 range=(-12.50,-11.50) mean=-12.00 p50=-12.00 p05=-12.00 p95=-12.00
  [diag] sat-dist hist bins=60 sat<0.05=0.0% mean=0.745 p10=0.613 p90=0.981
Iter 0003820: train nll 0.837, valid error 046.010%, best valid error 039.150%, avg grad norm  37.678, avg grad norm (post clip)   1.053, rho_Whh  1.13, Omega  0.00, alpha  2.000, steps in the past 0.000, valid nll 0.805
  [diag] log10|dL/dh_t| hist bins=60 range=(-12.50,-11.50) mean=-12.00 p50=-12.00 p05=-12.00 p95=-12.00
  [diag] sat-dist hist bins=60 sat<0.05=0.0% mean=0.747 p10=0.607 p90=0.980
Iter 0003840: train nll 0.803, valid error 046.000%, best valid error 039.150%, avg grad norm  25.057, avg grad norm (post clip)   1.053, rho_Whh  1.13, Omega  0.00, alpha  2.000, steps in the past 0.000, valid nll 0.798
  [diag] log10|dL/dh_t| hist bins=60 range=(-12.50,-11.50) mean=-12.00 p50=-12.00 p05=-12.00 p95=-12.00
  [diag] sat-dist hist bins=60 sat<0.05=0.0% mean=0.748 p10=0.600 p90=0.979
Iter 0003860: train nll 0.823, valid error 042.800%, best valid error 039.150%, avg grad norm  29.735, avg grad norm (post clip)   1.053, rho_Whh  1.13, Omega  0.00, alpha  2.000, steps in the past 0.000, valid nll 0.756
  [diag] log10|dL/dh_t| hist bins=60 range=(-12.50,-11.50) mean=-12.00 p50=-12.00 p05=-12.00 p95=-12.00
  [diag] sat-dist hist bins=60 sat<0.05=0.0% mean=0.746 p10=0.625 p90=0.974
Iter 0003880: train nll 0.803, valid error 048.560%, best valid error 039.150%, avg grad norm  26.708, avg grad norm (post clip)   1.053, rho_Whh  1.13, Omega  0.00, alpha  2.000, steps in the past 0.000, valid nll 0.830
  [diag] log10|dL/dh_t| hist bins=60 range=(-12.50,-11.50) mean=-12.00 p50=-12.00 p05=-12.00 p95=-12.00
  [diag] sat-dist hist bins=60 sat<0.05=0.0% mean=0.735 p10=0.640 p90=0.965
Iter 0003900: train nll 0.806, valid error 052.620%, best valid error 039.150%, avg grad norm  28.262, avg grad norm (post clip)   1.053, rho_Whh  1.13, Omega  0.00, alpha  2.000, steps in the past 0.000, valid nll 0.882
  [diag] log10|dL/dh_t| hist bins=60 range=(-12.50,-11.50) mean=-12.00 p50=-12.00 p05=-12.00 p95=-12.00
  [diag] sat-dist hist bins=60 sat<0.05=0.0% mean=0.748 p10=0.611 p90=0.980
Iter 0003920: train nll 0.823, valid error 044.240%, best valid error 039.150%, avg grad norm  32.225, avg grad norm (post clip)   1.053, rho_Whh  1.13, Omega  0.00, alpha  2.000, steps in the past 0.000, valid nll 0.919
  [diag] log10|dL/dh_t| hist bins=60 range=(-12.50,-11.50) mean=-12.00 p50=-12.00 p05=-12.00 p95=-12.00
  [diag] sat-dist hist bins=60 sat<0.05=0.0% mean=0.745 p10=0.596 p90=0.983
Iter 0003940: train nll 0.837, valid error 040.180%, best valid error 039.150%, avg grad norm  44.725, avg grad norm (post clip)   1.053, rho_Whh  1.13, Omega  0.00, alpha  2.000, steps in the past 0.000, valid nll 0.744
  [diag] log10|dL/dh_t| hist bins=60 range=(-12.50,-11.50) mean=-12.00 p50=-12.00 p05=-12.00 p95=-12.00
  [diag] sat-dist hist bins=60 sat<0.05=0.0% mean=0.736 p10=0.648 p90=0.970
Iter 0003960: train nll 0.836, valid error 047.670%, best valid error 039.150%, avg grad norm  37.206, avg grad norm (post clip)   1.053, rho_Whh  1.13, Omega  0.00, alpha  2.000, steps in the past 0.000, valid nll 0.814
  [diag] log10|dL/dh_t| hist bins=60 range=(-12.50,-11.50) mean=-12.00 p50=-12.00 p05=-12.00 p95=-12.00
  [diag] sat-dist hist bins=60 sat<0.05=0.0% mean=0.744 p10=0.616 p90=0.981
Iter 0003980: train nll 0.848, valid error 045.710%, best valid error 039.150%, avg grad norm  43.692, avg grad norm (post clip)   1.053, rho_Whh  1.13, Omega  0.00, alpha  2.000, steps in the past 0.000, valid nll 0.808
  [diag] log10|dL/dh_t| hist bins=60 range=(-12.50,-11.50) mean=-12.00 p50=-12.00 p05=-12.00 p95=-12.00
  [diag] sat-dist hist bins=60 sat<0.05=0.0% mean=0.745 p10=0.619 p90=0.980
Iter 0004000: train nll 0.810, valid error 050.980%, best valid error 039.150%, avg grad norm  31.009, avg grad norm (post clip)   1.053, rho_Whh  1.12, Omega  0.00, alpha  2.000, steps in the past 0.000, valid nll 0.922
  [diag] log10|dL/dh_t| hist bins=60 range=(-12.50,-11.50) mean=-12.00 p50=-12.00 p05=-12.00 p95=-12.00
  [diag] sat-dist hist bins=60 sat<0.05=0.0% mean=0.745 p10=0.599 p90=0.979
Iter 0004020: train nll 0.876, valid error 046.210%, best valid error 039.150%, avg grad norm  45.722, avg grad norm (post clip)   1.053, rho_Whh  1.13, Omega  0.00, alpha  2.000, steps in the past 0.000, valid nll 0.967
  [diag] log10|dL/dh_t| hist bins=60 range=(-12.50,-11.50) mean=-12.00 p50=-12.00 p05=-12.00 p95=-12.00
  [diag] sat-dist hist bins=60 sat<0.05=0.0% mean=0.746 p10=0.603 p90=0.980
Iter 0004040: train nll 0.804, valid error 049.160%, best valid error 039.150%, avg grad norm  30.714, avg grad norm (post clip)   1.053, rho_Whh  1.12, Omega  0.00, alpha  2.000, steps in the past 0.000, valid nll 0.852
  [diag] log10|dL/dh_t| hist bins=60 range=(-12.50,-11.50) mean=-12.00 p50=-12.00 p05=-12.00 p95=-12.00
  [diag] sat-dist hist bins=60 sat<0.05=0.0% mean=0.742 p10=0.602 p90=0.979
Iter 0004060: train nll 0.816, valid error 046.350%, best valid error 039.150%, avg grad norm  34.166, avg grad norm (post clip)   1.053, rho_Whh  1.12, Omega  0.00, alpha  2.000, steps in the past 0.000, valid nll 0.767
  [diag] log10|dL/dh_t| hist bins=60 range=(-12.50,-11.50) mean=-12.00 p50=-12.00 p05=-12.00 p95=-12.00
  [diag] sat-dist hist bins=60 sat<0.05=0.0% mean=0.742 p10=0.610 p90=0.980
Iter 0004080: train nll 0.833, valid error 042.340%, best valid error 039.150%, avg grad norm  32.063, avg grad norm (post clip)   1.053, rho_Whh  1.13, Omega  0.00, alpha  2.000, steps in the past 0.000, valid nll 0.923
  [diag] log10|dL/dh_t| hist bins=60 range=(-12.50,-11.50) mean=-12.00 p50=-12.00 p05=-12.00 p95=-12.00
  [diag] sat-dist hist bins=60 sat<0.05=0.0% mean=0.735 p10=0.644 p90=0.969
Iter 0004100: train nll 0.801, valid error 046.490%, best valid error 039.150%, avg grad norm  37.413, avg grad norm (post clip)   1.053, rho_Whh  1.12, Omega  0.00, alpha  2.000, steps in the past 0.000, valid nll 0.788
  [diag] log10|dL/dh_t| hist bins=60 range=(-12.50,-11.50) mean=-12.00 p50=-12.00 p05=-12.00 p95=-12.00
  [diag] sat-dist hist bins=60 sat<0.05=0.0% mean=0.744 p10=0.592 p90=0.980
Iter 0004120: train nll 0.820, valid error 040.370%, best valid error 039.150%, avg grad norm  32.592, avg grad norm (post clip)   1.053, rho_Whh  1.13, Omega  0.00, alpha  2.000, steps in the past 0.000, valid nll 0.761
  [diag] log10|dL/dh_t| hist bins=60 range=(-12.50,-11.50) mean=-12.00 p50=-12.00 p05=-12.00 p95=-12.00
  [diag] sat-dist hist bins=60 sat<0.05=0.0% mean=0.736 p10=0.633 p90=0.967
Iter 0004140: train nll 0.820, valid error 049.290%, best valid error 039.150%, avg grad norm  35.528, avg grad norm (post clip)   1.053, rho_Whh  1.12, Omega  0.00, alpha  2.000, steps in the past 0.000, valid nll 0.832
  [diag] log10|dL/dh_t| hist bins=60 range=(-12.50,-11.50) mean=-12.00 p50=-12.00 p05=-12.00 p95=-12.00
  [diag] sat-dist hist bins=60 sat<0.05=0.0% mean=0.735 p10=0.635 p90=0.973
Iter 0004160: train nll 0.839, valid error 046.000%, best valid error 039.150%, avg grad norm  37.449, avg grad norm (post clip)   1.053, rho_Whh  1.12, Omega  0.00, alpha  2.000, steps in the past 0.000, valid nll 0.776
  [diag] log10|dL/dh_t| hist bins=60 range=(-12.50,-11.50) mean=-12.00 p50=-12.00 p05=-12.00 p95=-12.00
  [diag] sat-dist hist bins=60 sat<0.05=0.0% mean=0.740 p10=0.609 p90=0.980
Iter 0004180: train nll 0.844, valid error 045.020%, best valid error 039.150%, avg grad norm  45.864, avg grad norm (post clip)   1.053, rho_Whh  1.12, Omega  0.00, alpha  2.000, steps in the past 0.000, valid nll 0.745
  [diag] log10|dL/dh_t| hist bins=60 range=(-12.50,-11.50) mean=-12.00 p50=-12.00 p05=-12.00 p95=-12.00
  [diag] sat-dist hist bins=60 sat<0.05=0.0% mean=0.737 p10=0.618 p90=0.971
Iter 0004200: train nll 0.844, valid error 051.090%, best valid error 039.150%, avg grad norm  52.005, avg grad norm (post clip)   1.053, rho_Whh  1.12, Omega  0.00, alpha  2.000, steps in the past 0.000, valid nll 0.838
  [diag] log10|dL/dh_t| hist bins=60 range=(-12.50,-11.50) mean=-12.00 p50=-12.00 p05=-12.00 p95=-12.00
  [diag] sat-dist hist bins=60 sat<0.05=0.0% mean=0.741 p10=0.602 p90=0.982
Iter 0004220: train nll 0.830, valid error 045.600%, best valid error 039.150%, avg grad norm  49.088, avg grad norm (post clip)   1.053, rho_Whh  1.12, Omega  0.00, alpha  2.000, steps in the past 0.000, valid nll 0.767
  [diag] log10|dL/dh_t| hist bins=60 range=(-12.50,-11.50) mean=-12.00 p50=-12.00 p05=-12.00 p95=-12.00
  [diag] sat-dist hist bins=60 sat<0.05=0.0% mean=0.732 p10=0.638 p90=0.962
Iter 0004240: train nll 0.838, valid error 050.490%, best valid error 039.150%, avg grad norm  38.048, avg grad norm (post clip)   1.053, rho_Whh  1.12, Omega  0.00, alpha  2.000, steps in the past 0.000, valid nll 0.845
  [diag] log10|dL/dh_t| hist bins=60 range=(-12.50,-11.50) mean=-12.00 p50=-12.00 p05=-12.00 p95=-12.00
  [diag] sat-dist hist bins=60 sat<0.05=0.0% mean=0.741 p10=0.605 p90=0.976
Iter 0004260: train nll 0.813, valid error 046.080%, best valid error 039.150%, avg grad norm  37.064, avg grad norm (post clip)   1.053, rho_Whh  1.12, Omega  0.00, alpha  2.000, steps in the past 0.000, valid nll 1.018
  [diag] log10|dL/dh_t| hist bins=60 range=(-12.50,-11.50) mean=-12.00 p50=-12.00 p05=-12.00 p95=-12.00
  [diag] sat-dist hist bins=60 sat<0.05=0.0% mean=0.742 p10=0.589 p90=0.983
Iter 0004280: train nll 0.807, valid error 038.390%, best valid error 039.150%, avg grad norm  37.950, avg grad norm (post clip)   1.053, rho_Whh  1.12, Omega  0.00, alpha  2.000, steps in the past 0.000, valid nll 0.727
  [diag] log10|dL/dh_t| hist bins=60 range=(-12.50,-11.50) mean=-12.00 p50=-12.00 p05=-12.00 p95=-12.00
  [diag] sat-dist hist bins=60 sat<0.05=0.0% mean=0.740 p10=0.607 p90=0.981
Iter 0004300: train nll 0.803, valid error 044.890%, best valid error 038.390%, avg grad norm  34.004, avg grad norm (post clip)   1.053, rho_Whh  1.12, Omega  0.00, alpha  2.000, steps in the past 0.000, valid nll 0.755
  [diag] log10|dL/dh_t| hist bins=60 range=(-12.50,-11.50) mean=-12.00 p50=-12.00 p05=-12.00 p95=-12.00
  [diag] sat-dist hist bins=60 sat<0.05=0.0% mean=0.740 p10=0.604 p90=0.976
Iter 0004320: train nll 0.799, valid error 045.150%, best valid error 038.390%, avg grad norm  27.234, avg grad norm (post clip)   1.053, rho_Whh  1.12, Omega  0.00, alpha  2.000, steps in the past 0.000, valid nll 0.749
  [diag] log10|dL/dh_t| hist bins=60 range=(-12.50,-11.50) mean=-12.00 p50=-12.00 p05=-12.00 p95=-12.00
  [diag] sat-dist hist bins=60 sat<0.05=0.0% mean=0.744 p10=0.583 p90=0.981
Iter 0004340: train nll 0.803, valid error 045.540%, best valid error 038.390%, avg grad norm  32.721, avg grad norm (post clip)   1.053, rho_Whh  1.12, Omega  0.00, alpha  2.000, steps in the past 0.000, valid nll 0.838
  [diag] log10|dL/dh_t| hist bins=60 range=(-12.50,-11.50) mean=-12.00 p50=-12.00 p05=-12.00 p95=-12.00
  [diag] sat-dist hist bins=60 sat<0.05=0.0% mean=0.738 p10=0.584 p90=0.980
Iter 0004360: train nll 0.785, valid error 053.390%, best valid error 038.390%, avg grad norm  30.025, avg grad norm (post clip)   1.053, rho_Whh  1.12, Omega  0.00, alpha  2.000, steps in the past 0.000, valid nll 1.066
  [diag] log10|dL/dh_t| hist bins=60 range=(-12.50,-11.50) mean=-12.00 p50=-12.00 p05=-12.00 p95=-12.00
  [diag] sat-dist hist bins=60 sat<0.05=0.0% mean=0.738 p10=0.594 p90=0.979
Iter 0004380: train nll 0.808, valid error 049.620%, best valid error 038.390%, avg grad norm  38.568, avg grad norm (post clip)   1.053, rho_Whh  1.12, Omega  0.00, alpha  2.000, steps in the past 0.000, valid nll 0.878
  [diag] log10|dL/dh_t| hist bins=60 range=(-12.50,-11.50) mean=-12.00 p50=-12.00 p05=-12.00 p95=-12.00
  [diag] sat-dist hist bins=60 sat<0.05=0.0% mean=0.728 p10=0.638 p90=0.968
Iter 0004400: train nll 0.808, valid error 049.290%, best valid error 038.390%, avg grad norm  37.811, avg grad norm (post clip)   1.053, rho_Whh  1.12, Omega  0.00, alpha  2.000, steps in the past 0.000, valid nll 0.816
  [diag] log10|dL/dh_t| hist bins=60 range=(-12.50,-11.50) mean=-12.00 p50=-12.00 p05=-12.00 p95=-12.00
  [diag] sat-dist hist bins=60 sat<0.05=0.0% mean=0.739 p10=0.583 p90=0.983
Iter 0004420: train nll 0.838, valid error 038.910%, best valid error 038.390%, avg grad norm  41.996, avg grad norm (post clip)   1.053, rho_Whh  1.12, Omega  0.00, alpha  2.000, steps in the past 0.000, valid nll 0.725
  [diag] log10|dL/dh_t| hist bins=60 range=(-12.50,-11.50) mean=-12.00 p50=-12.00 p05=-12.00 p95=-12.00
  [diag] sat-dist hist bins=60 sat<0.05=0.0% mean=0.738 p10=0.595 p90=0.981
Iter 0004440: train nll 0.761, valid error 045.540%, best valid error 038.390%, avg grad norm  20.805, avg grad norm (post clip)   1.053, rho_Whh  1.12, Omega  0.00, alpha  2.000, steps in the past 0.000, valid nll 0.770
  [diag] log10|dL/dh_t| hist bins=60 range=(-12.50,-11.50) mean=-12.00 p50=-12.00 p05=-12.00 p95=-12.00
  [diag] sat-dist hist bins=60 sat<0.05=0.0% mean=0.734 p10=0.615 p90=0.976
Iter 0004460: train nll 0.830, valid error 046.810%, best valid error 038.390%, avg grad norm  29.490, avg grad norm (post clip)   1.053, rho_Whh  1.12, Omega  0.00, alpha  2.000, steps in the past 0.000, valid nll 0.754
  [diag] log10|dL/dh_t| hist bins=60 range=(-12.50,-11.50) mean=-12.00 p50=-12.00 p05=-12.00 p95=-12.00
  [diag] sat-dist hist bins=60 sat<0.05=0.0% mean=0.730 p10=0.639 p90=0.967
Iter 0004480: train nll 0.764, valid error 054.580%, best valid error 038.390%, avg grad norm  24.982, avg grad norm (post clip)   1.053, rho_Whh  1.12, Omega  0.00, alpha  2.000, steps in the past 0.000, valid nll 0.903
  [diag] log10|dL/dh_t| hist bins=60 range=(-12.50,-11.50) mean=-12.00 p50=-12.00 p05=-12.00 p95=-12.00
  [diag] sat-dist hist bins=60 sat<0.05=0.0% mean=0.739 p10=0.576 p90=0.982
Iter 0004500: train nll 0.817, valid error 061.440%, best valid error 038.390%, avg grad norm  35.608, avg grad norm (post clip)   1.053, rho_Whh  1.12, Omega  0.00, alpha  2.000, steps in the past 0.000, valid nll 0.995
  [diag] log10|dL/dh_t| hist bins=60 range=(-12.50,-11.50) mean=-12.00 p50=-12.00 p05=-12.00 p95=-12.00
  [diag] sat-dist hist bins=60 sat<0.05=0.0% mean=0.737 p10=0.589 p90=0.982
Iter 0004520: train nll 0.798, valid error 038.300%, best valid error 038.390%, avg grad norm  32.299, avg grad norm (post clip)   1.053, rho_Whh  1.12, Omega  0.00, alpha  2.000, steps in the past 0.000, valid nll 0.732
  [diag] log10|dL/dh_t| hist bins=60 range=(-12.50,-11.50) mean=-12.00 p50=-12.00 p05=-12.00 p95=-12.00
  [diag] sat-dist hist bins=60 sat<0.05=0.0% mean=0.738 p10=0.591 p90=0.978
Iter 0004540: train nll 0.820, valid error 046.630%, best valid error 038.300%, avg grad norm  41.933, avg grad norm (post clip)   1.053, rho_Whh  1.12, Omega  0.00, alpha  2.000, steps in the past 0.000, valid nll 0.765
  [diag] log10|dL/dh_t| hist bins=60 range=(-12.50,-11.50) mean=-12.00 p50=-12.00 p05=-12.00 p95=-12.00
  [diag] sat-dist hist bins=60 sat<0.05=0.0% mean=0.737 p10=0.588 p90=0.977
Iter 0004560: train nll 0.769, valid error 043.190%, best valid error 038.300%, avg grad norm  25.945, avg grad norm (post clip)   1.053, rho_Whh  1.12, Omega  0.00, alpha  2.000, steps in the past 0.000, valid nll 0.964
  [diag] log10|dL/dh_t| hist bins=60 range=(-12.50,-11.50) mean=-12.00 p50=-12.00 p05=-12.00 p95=-12.00
  [diag] sat-dist hist bins=60 sat<0.05=0.0% mean=0.735 p10=0.584 p90=0.982
Iter 0004580: train nll 0.804, valid error 041.750%, best valid error 038.300%, avg grad norm  35.490, avg grad norm (post clip)   1.053, rho_Whh  1.12, Omega  0.00, alpha  2.000, steps in the past 0.000, valid nll 0.723
  [diag] log10|dL/dh_t| hist bins=60 range=(-12.50,-11.50) mean=-12.00 p50=-12.00 p05=-12.00 p95=-12.00
  [diag] sat-dist hist bins=60 sat<0.05=0.0% mean=0.732 p10=0.591 p90=0.976
Iter 0004600: train nll 0.762, valid error 046.780%, best valid error 038.300%, avg grad norm  24.777, avg grad norm (post clip)   1.053, rho_Whh  1.12, Omega  0.00, alpha  2.000, steps in the past 0.000, valid nll 1.008
  [diag] log10|dL/dh_t| hist bins=60 range=(-12.50,-11.50) mean=-12.00 p50=-12.00 p05=-12.00 p95=-12.00
  [diag] sat-dist hist bins=60 sat<0.05=0.0% mean=0.728 p10=0.614 p90=0.973
Iter 0004620: train nll 0.790, valid error 046.670%, best valid error 038.300%, avg grad norm  37.194, avg grad norm (post clip)   1.053, rho_Whh  1.12, Omega  0.00, alpha  2.000, steps in the past 0.000, valid nll 0.753
  [diag] log10|dL/dh_t| hist bins=60 range=(-12.50,-11.50) mean=-12.00 p50=-12.00 p05=-12.00 p95=-12.00
  [diag] sat-dist hist bins=60 sat<0.05=0.0% mean=0.734 p10=0.579 p90=0.982
Iter 0004640: train nll 0.790, valid error 040.490%, best valid error 038.300%, avg grad norm  31.660, avg grad norm (post clip)   1.053, rho_Whh  1.12, Omega  0.00, alpha  2.000, steps in the past 0.000, valid nll 0.723
  [diag] log10|dL/dh_t| hist bins=60 range=(-12.50,-11.50) mean=-12.00 p50=-12.00 p05=-12.00 p95=-12.00
  [diag] sat-dist hist bins=60 sat<0.05=0.0% mean=0.730 p10=0.600 p90=0.973
Iter 0004660: train nll 0.815, valid error 046.440%, best valid error 038.300%, avg grad norm  39.076, avg grad norm (post clip)   1.053, rho_Whh  1.12, Omega  0.00, alpha  2.000, steps in the past 0.000, valid nll 0.746
  [diag] log10|dL/dh_t| hist bins=60 range=(-12.50,-11.50) mean=-12.00 p50=-12.00 p05=-12.00 p95=-12.00
  [diag] sat-dist hist bins=60 sat<0.05=0.0% mean=0.733 p10=0.585 p90=0.981
Iter 0004680: train nll 0.806, valid error 045.400%, best valid error 038.300%, avg grad norm  35.678, avg grad norm (post clip)   1.053, rho_Whh  1.12, Omega  0.00, alpha  2.000, steps in the past 0.000, valid nll 0.729
  [diag] log10|dL/dh_t| hist bins=60 range=(-12.50,-11.50) mean=-12.00 p50=-12.00 p05=-12.00 p95=-12.00
  [diag] sat-dist hist bins=60 sat<0.05=0.0% mean=0.731 p10=0.601 p90=0.978
Iter 0004700: train nll 0.768, valid error 045.920%, best valid error 038.300%, avg grad norm  28.222, avg grad norm (post clip)   1.053, rho_Whh  1.12, Omega  0.00, alpha  2.000, steps in the past 0.000, valid nll 0.727
  [diag] log10|dL/dh_t| hist bins=60 range=(-12.50,-11.50) mean=-12.00 p50=-12.00 p05=-12.00 p95=-12.00
  [diag] sat-dist hist bins=60 sat<0.05=0.0% mean=0.733 p10=0.617 p90=0.975
Iter 0004720: train nll 0.805, valid error 048.060%, best valid error 038.300%, avg grad norm  40.292, avg grad norm (post clip)   1.053, rho_Whh  1.12, Omega  0.00, alpha  2.000, steps in the past 0.000, valid nll 0.897
  [diag] log10|dL/dh_t| hist bins=60 range=(-12.50,-11.50) mean=-12.00 p50=-12.00 p05=-12.00 p95=-12.00
  [diag] sat-dist hist bins=60 sat<0.05=0.0% mean=0.738 p10=0.580 p90=0.982
Iter 0004740: train nll 0.777, valid error 043.520%, best valid error 038.300%, avg grad norm  35.373, avg grad norm (post clip)   1.053, rho_Whh  1.11, Omega  0.00, alpha  2.000, steps in the past 0.000, valid nll 0.776
  [diag] log10|dL/dh_t| hist bins=60 range=(-12.50,-11.50) mean=-12.00 p50=-12.00 p05=-12.00 p95=-12.00
  [diag] sat-dist hist bins=60 sat<0.05=0.0% mean=0.740 p10=0.584 p90=0.982
Iter 0004760: train nll 0.793, valid error 051.120%, best valid error 038.300%, avg grad norm  28.978, avg grad norm (post clip)   1.053, rho_Whh  1.11, Omega  0.00, alpha  2.000, steps in the past 0.000, valid nll 0.832
  [diag] log10|dL/dh_t| hist bins=60 range=(-12.50,-11.50) mean=-12.00 p50=-12.00 p05=-12.00 p95=-12.00
  [diag] sat-dist hist bins=60 sat<0.05=0.0% mean=0.735 p10=0.594 p90=0.982
Iter 0004780: train nll 0.781, valid error 045.420%, best valid error 038.300%, avg grad norm  32.095, avg grad norm (post clip)   1.053, rho_Whh  1.11, Omega  0.00, alpha  2.000, steps in the past 0.000, valid nll 0.743
  [diag] log10|dL/dh_t| hist bins=60 range=(-12.50,-11.50) mean=-12.00 p50=-12.00 p05=-12.00 p95=-12.00
  [diag] sat-dist hist bins=60 sat<0.05=0.0% mean=0.732 p10=0.606 p90=0.973
Iter 0004800: train nll 0.768, valid error 056.970%, best valid error 038.300%, avg grad norm  27.924, avg grad norm (post clip)   1.053, rho_Whh  1.12, Omega  0.00, alpha  2.000, steps in the past 0.000, valid nll 0.998
  [diag] log10|dL/dh_t| hist bins=60 range=(-12.50,-11.50) mean=-12.00 p50=-12.00 p05=-12.00 p95=-12.00
  [diag] sat-dist hist bins=60 sat<0.05=0.0% mean=0.732 p10=0.588 p90=0.982
Iter 0004820: train nll 0.845, valid error 045.600%, best valid error 038.300%, avg grad norm  30.898, avg grad norm (post clip)   1.053, rho_Whh  1.12, Omega  0.00, alpha  2.000, steps in the past 0.000, valid nll 0.744
  [diag] log10|dL/dh_t| hist bins=60 range=(-12.50,-11.50) mean=-12.00 p50=-12.00 p05=-12.00 p95=-12.00
  [diag] sat-dist hist bins=60 sat<0.05=0.0% mean=0.732 p10=0.586 p90=0.981
Iter 0004840: train nll 0.762, valid error 045.270%, best valid error 038.300%, avg grad norm  26.215, avg grad norm (post clip)   1.053, rho_Whh  1.12, Omega  0.00, alpha  2.000, steps in the past 0.000, valid nll 0.736
  [diag] log10|dL/dh_t| hist bins=60 range=(-12.50,-11.50) mean=-12.00 p50=-12.00 p05=-12.00 p95=-12.00
  [diag] sat-dist hist bins=60 sat<0.05=0.0% mean=0.730 p10=0.599 p90=0.978
Iter 0004860: train nll 0.753, valid error 045.460%, best valid error 038.300%, avg grad norm  24.093, avg grad norm (post clip)   1.053, rho_Whh  1.11, Omega  0.00, alpha  2.000, steps in the past 0.000, valid nll 0.734
  [diag] log10|dL/dh_t| hist bins=60 range=(-12.50,-11.50) mean=-12.00 p50=-12.00 p05=-12.00 p95=-12.00
  [diag] sat-dist hist bins=60 sat<0.05=0.0% mean=0.728 p10=0.608 p90=0.973
Iter 0004880: train nll 0.764, valid error 045.900%, best valid error 038.300%, avg grad norm  26.200, avg grad norm (post clip)   1.053, rho_Whh  1.11, Omega  0.00, alpha  2.000, steps in the past 0.000, valid nll 0.730
  [diag] log10|dL/dh_t| hist bins=60 range=(-12.50,-11.50) mean=-12.00 p50=-12.00 p05=-12.00 p95=-12.00
  [diag] sat-dist hist bins=60 sat<0.05=0.0% mean=0.724 p10=0.623 p90=0.967
Iter 0004900: train nll 0.794, valid error 046.400%, best valid error 038.300%, avg grad norm  34.188, avg grad norm (post clip)   1.053, rho_Whh  1.11, Omega  0.00, alpha  2.000, steps in the past 0.000, valid nll 0.743
  [diag] log10|dL/dh_t| hist bins=60 range=(-12.50,-11.50) mean=-12.00 p50=-12.00 p05=-12.00 p95=-12.00
  [diag] sat-dist hist bins=60 sat<0.05=0.0% mean=0.723 p10=0.627 p90=0.965
Iter 0004920: train nll 0.764, valid error 047.850%, best valid error 038.300%, avg grad norm  25.278, avg grad norm (post clip)   1.053, rho_Whh  1.11, Omega  0.00, alpha  2.000, steps in the past 0.000, valid nll 0.774
  [diag] log10|dL/dh_t| hist bins=60 range=(-12.50,-11.50) mean=-12.00 p50=-12.00 p05=-12.00 p95=-12.00
  [diag] sat-dist hist bins=60 sat<0.05=0.0% mean=0.729 p10=0.587 p90=0.980
Iter 0004940: train nll 0.830, valid error 040.640%, best valid error 038.300%, avg grad norm  45.285, avg grad norm (post clip)   1.053, rho_Whh  1.11, Omega  0.00, alpha  2.000, steps in the past 0.000, valid nll 0.711
  [diag] log10|dL/dh_t| hist bins=60 range=(-12.50,-11.50) mean=-12.00 p50=-12.00 p05=-12.00 p95=-12.00
  [diag] sat-dist hist bins=60 sat<0.05=0.0% mean=0.733 p10=0.574 p90=0.981
Iter 0004960: train nll 0.822, valid error 063.120%, best valid error 038.300%, avg grad norm  46.011, avg grad norm (post clip)   1.053, rho_Whh  1.11, Omega  0.00, alpha  2.000, steps in the past 0.000, valid nll 1.009
  [diag] log10|dL/dh_t| hist bins=60 range=(-12.50,-11.50) mean=-12.00 p50=-12.00 p05=-12.00 p95=-12.00
  [diag] sat-dist hist bins=60 sat<0.05=0.0% mean=0.732 p10=0.578 p90=0.982
Iter 0004980: train nll 0.773, valid error 041.040%, best valid error 038.300%, avg grad norm  29.703, avg grad norm (post clip)   1.053, rho_Whh  1.11, Omega  0.00, alpha  2.000, steps in the past 0.000, valid nll 0.706
  [diag] log10|dL/dh_t| hist bins=60 range=(-12.50,-11.50) mean=-12.00 p50=-12.00 p05=-12.00 p95=-12.00
  [diag] sat-dist hist bins=60 sat<0.05=0.0% mean=0.732 p10=0.585 p90=0.980
Iter 0005000: train nll 0.781, valid error 046.100%, best valid error 038.300%, avg grad norm  30.956, avg grad norm (post clip)   1.053, rho_Whh  1.11, Omega  0.00, alpha  2.000, steps in the past 0.000, valid nll 0.719
  [diag] log10|dL/dh_t| hist bins=60 range=(-12.50,-11.50) mean=-12.00 p50=-12.00 p05=-12.00 p95=-12.00
  [diag] sat-dist hist bins=60 sat<0.05=0.0% mean=0.731 p10=0.584 p90=0.976
Iter 0005020: train nll 0.746, valid error 053.360%, best valid error 038.300%, avg grad norm  17.634, avg grad norm (post clip)   1.053, rho_Whh  1.11, Omega  0.00, alpha  2.000, steps in the past 0.000, valid nll 1.053
  [diag] log10|dL/dh_t| hist bins=60 range=(-12.50,-11.50) mean=-12.00 p50=-12.00 p05=-12.00 p95=-12.00
  [diag] sat-dist hist bins=60 sat<0.05=0.0% mean=0.723 p10=0.620 p90=0.964
Iter 0005040: train nll 0.748, valid error 054.900%, best valid error 038.300%, avg grad norm  23.714, avg grad norm (post clip)   1.053, rho_Whh  1.11, Omega  0.00, alpha  2.000, steps in the past 0.000, valid nll 0.889
  [diag] log10|dL/dh_t| hist bins=60 range=(-12.50,-11.50) mean=-12.00 p50=-12.00 p05=-12.00 p95=-12.00
  [diag] sat-dist hist bins=60 sat<0.05=0.0% mean=0.729 p10=0.584 p90=0.980
Iter 0005060: train nll 0.745, valid error 041.090%, best valid error 038.300%, avg grad norm  24.040, avg grad norm (post clip)   1.053, rho_Whh  1.11, Omega  0.00, alpha  2.000, steps in the past 0.000, valid nll 0.710
  [diag] log10|dL/dh_t| hist bins=60 range=(-12.50,-11.50) mean=-12.00 p50=-12.00 p05=-12.00 p95=-12.00
  [diag] sat-dist hist bins=60 sat<0.05=0.0% mean=0.725 p10=0.607 p90=0.972
Iter 0005080: train nll 0.773, valid error 046.260%, best valid error 038.300%, avg grad norm  38.716, avg grad norm (post clip)   1.053, rho_Whh  1.11, Omega  0.00, alpha  2.000, steps in the past 0.000, valid nll 0.724
  [diag] log10|dL/dh_t| hist bins=60 range=(-12.50,-11.50) mean=-12.00 p50=-12.00 p05=-12.00 p95=-12.00
  [diag] sat-dist hist bins=60 sat<0.05=0.0% mean=0.733 p10=0.590 p90=0.981
Iter 0005100: train nll 0.744, valid error 048.700%, best valid error 038.300%, avg grad norm  22.309, avg grad norm (post clip)   1.053, rho_Whh  1.11, Omega  0.00, alpha  2.000, steps in the past 0.000, valid nll 0.770
  [diag] log10|dL/dh_t| hist bins=60 range=(-12.50,-11.50) mean=-12.00 p50=-12.00 p05=-12.00 p95=-12.00
  [diag] sat-dist hist bins=60 sat<0.05=0.0% mean=0.733 p10=0.605 p90=0.971
Iter 0005120: train nll 0.807, valid error 044.110%, best valid error 038.300%, avg grad norm  39.266, avg grad norm (post clip)   1.053, rho_Whh  1.11, Omega  0.00, alpha  2.000, steps in the past 0.000, valid nll 0.869
  [diag] log10|dL/dh_t| hist bins=60 range=(-12.50,-11.50) mean=-12.00 p50=-12.00 p05=-12.00 p95=-12.00
  [diag] sat-dist hist bins=60 sat<0.05=0.0% mean=0.736 p10=0.585 p90=0.982
Iter 0005140: train nll 0.784, valid error 039.480%, best valid error 038.300%, avg grad norm  33.410, avg grad norm (post clip)   1.053, rho_Whh  1.10, Omega  0.00, alpha  2.000, steps in the past 0.000, valid nll 0.702
  [diag] log10|dL/dh_t| hist bins=60 range=(-12.50,-11.50) mean=-12.00 p50=-12.00 p05=-12.00 p95=-12.00
  [diag] sat-dist hist bins=60 sat<0.05=0.0% mean=0.732 p10=0.591 p90=0.978
Iter 0005160: train nll 0.757, valid error 037.970%, best valid error 038.300%, avg grad norm  25.216, avg grad norm (post clip)   1.053, rho_Whh  1.10, Omega  0.00, alpha  2.000, steps in the past 0.000, valid nll 0.707
  [diag] log10|dL/dh_t| hist bins=60 range=(-12.50,-11.50) mean=-12.00 p50=-12.00 p05=-12.00 p95=-12.00
  [diag] sat-dist hist bins=60 sat<0.05=0.0% mean=0.731 p10=0.586 p90=0.980
Iter 0005180: train nll 0.795, valid error 039.390%, best valid error 037.970%, avg grad norm  36.264, avg grad norm (post clip)   1.053, rho_Whh  1.10, Omega  0.00, alpha  2.000, steps in the past 0.000, valid nll 0.704
  [diag] log10|dL/dh_t| hist bins=60 range=(-12.50,-11.50) mean=-12.00 p50=-12.00 p05=-12.00 p95=-12.00
  [diag] sat-dist hist bins=60 sat<0.05=0.0% mean=0.725 p10=0.613 p90=0.965
Iter 0005200: train nll 0.792, valid error 047.550%, best valid error 037.970%, avg grad norm  36.548, avg grad norm (post clip)   1.053, rho_Whh  1.11, Omega  0.00, alpha  2.000, steps in the past 0.000, valid nll 1.056
  [diag] log10|dL/dh_t| hist bins=60 range=(-12.50,-11.50) mean=-12.00 p50=-12.00 p05=-12.00 p95=-12.00
  [diag] sat-dist hist bins=60 sat<0.05=0.0% mean=0.728 p10=0.591 p90=0.974
Iter 0005220: train nll 0.797, valid error 051.380%, best valid error 037.970%, avg grad norm  35.689, avg grad norm (post clip)   1.053, rho_Whh  1.11, Omega  0.00, alpha  2.000, steps in the past 0.000, valid nll 0.834
  [diag] log10|dL/dh_t| hist bins=60 range=(-12.50,-11.50) mean=-12.00 p50=-12.00 p05=-12.00 p95=-12.00
  [diag] sat-dist hist bins=60 sat<0.05=0.0% mean=0.731 p10=0.582 p90=0.980
Iter 0005240: train nll 0.753, valid error 039.060%, best valid error 037.970%, avg grad norm  25.214, avg grad norm (post clip)   1.053, rho_Whh  1.10, Omega  0.00, alpha  2.000, steps in the past 0.000, valid nll 0.708
  [diag] log10|dL/dh_t| hist bins=60 range=(-12.50,-11.50) mean=-12.00 p50=-12.00 p05=-12.00 p95=-12.00
  [diag] sat-dist hist bins=60 sat<0.05=0.0% mean=0.730 p10=0.584 p90=0.977
Iter 0005260: train nll 0.782, valid error 039.560%, best valid error 037.970%, avg grad norm  30.850, avg grad norm (post clip)   1.053, rho_Whh  1.10, Omega  0.00, alpha  2.000, steps in the past 0.000, valid nll 0.716
  [diag] log10|dL/dh_t| hist bins=60 range=(-12.50,-11.50) mean=-12.00 p50=-12.00 p05=-12.00 p95=-12.00
  [diag] sat-dist hist bins=60 sat<0.05=0.0% mean=0.728 p10=0.595 p90=0.973
Iter 0005280: train nll 0.742, valid error 054.350%, best valid error 037.970%, avg grad norm  18.590, avg grad norm (post clip)   1.053, rho_Whh  1.10, Omega  0.00, alpha  2.000, steps in the past 0.000, valid nll 0.974
  [diag] log10|dL/dh_t| hist bins=60 range=(-12.50,-11.50) mean=-12.00 p50=-12.00 p05=-12.00 p95=-12.00
  [diag] sat-dist hist bins=60 sat<0.05=0.0% mean=0.731 p10=0.586 p90=0.976
Iter 0005300: train nll 0.780, valid error 042.900%, best valid error 037.970%, avg grad norm  36.251, avg grad norm (post clip)   1.053, rho_Whh  1.10, Omega  0.00, alpha  2.000, steps in the past 0.000, valid nll 0.705
  [diag] log10|dL/dh_t| hist bins=60 range=(-12.50,-11.50) mean=-12.00 p50=-12.00 p05=-12.00 p95=-12.00
  [diag] sat-dist hist bins=60 sat<0.05=0.0% mean=0.736 p10=0.591 p90=0.980
Iter 0005320: train nll 0.768, valid error 045.160%, best valid error 037.970%, avg grad norm  23.972, avg grad norm (post clip)   1.053, rho_Whh  1.10, Omega  0.00, alpha  2.000, steps in the past 0.000, valid nll 0.733
  [diag] log10|dL/dh_t| hist bins=60 range=(-12.50,-11.50) mean=-12.00 p50=-12.00 p05=-12.00 p95=-12.00
  [diag] sat-dist hist bins=60 sat<0.05=0.0% mean=0.734 p10=0.593 p90=0.977
Iter 0005340: train nll 0.774, valid error 041.460%, best valid error 037.970%, avg grad norm  34.998, avg grad norm (post clip)   1.053, rho_Whh  1.10, Omega  0.00, alpha  2.000, steps in the past 0.000, valid nll 0.750
  [diag] log10|dL/dh_t| hist bins=60 range=(-12.50,-11.50) mean=-12.00 p50=-12.00 p05=-12.00 p95=-12.00
  [diag] sat-dist hist bins=60 sat<0.05=0.0% mean=0.735 p10=0.594 p90=0.979
Iter 0005360: train nll 0.752, valid error 043.430%, best valid error 037.970%, avg grad norm  25.918, avg grad norm (post clip)   1.053, rho_Whh  1.10, Omega  0.00, alpha  2.000, steps in the past 0.000, valid nll 0.719
  [diag] log10|dL/dh_t| hist bins=60 range=(-12.50,-11.50) mean=-12.00 p50=-12.00 p05=-12.00 p95=-12.00
  [diag] sat-dist hist bins=60 sat<0.05=0.0% mean=0.734 p10=0.587 p90=0.979
Iter 0005380: train nll 0.734, valid error 044.450%, best valid error 037.970%, avg grad norm  22.107, avg grad norm (post clip)   1.053, rho_Whh  1.10, Omega  0.00, alpha  2.000, steps in the past 0.000, valid nll 0.715
  [diag] log10|dL/dh_t| hist bins=60 range=(-12.50,-11.50) mean=-12.00 p50=-12.00 p05=-12.00 p95=-12.00
  [diag] sat-dist hist bins=60 sat<0.05=0.0% mean=0.732 p10=0.587 p90=0.980
Iter 0005400: train nll 0.749, valid error 045.660%, best valid error 037.970%, avg grad norm  25.417, avg grad norm (post clip)   1.053, rho_Whh  1.10, Omega  0.00, alpha  2.000, steps in the past 0.000, valid nll 0.709
  [diag] log10|dL/dh_t| hist bins=60 range=(-12.50,-11.50) mean=-12.00 p50=-12.00 p05=-12.00 p95=-12.00
  [diag] sat-dist hist bins=60 sat<0.05=0.0% mean=0.728 p10=0.587 p90=0.977
Iter 0005420: train nll 0.737, valid error 045.170%, best valid error 037.970%, avg grad norm  21.705, avg grad norm (post clip)   1.053, rho_Whh  1.10, Omega  0.00, alpha  2.000, steps in the past 0.000, valid nll 0.721
  [diag] log10|dL/dh_t| hist bins=60 range=(-12.50,-11.50) mean=-12.00 p50=-12.00 p05=-12.00 p95=-12.00
  [diag] sat-dist hist bins=60 sat<0.05=0.0% mean=0.732 p10=0.583 p90=0.981
Iter 0005440: train nll 0.747, valid error 043.580%, best valid error 037.970%, avg grad norm  27.951, avg grad norm (post clip)   1.053, rho_Whh  1.10, Omega  0.00, alpha  2.000, steps in the past 0.000, valid nll 0.705
  [diag] log10|dL/dh_t| hist bins=60 range=(-12.50,-11.50) mean=-12.00 p50=-12.00 p05=-12.00 p95=-12.00
  [diag] sat-dist hist bins=60 sat<0.05=0.0% mean=0.729 p10=0.584 p90=0.978
Iter 0005460: train nll 0.755, valid error 049.110%, best valid error 037.970%, avg grad norm  32.157, avg grad norm (post clip)   1.053, rho_Whh  1.10, Omega  0.00, alpha  2.000, steps in the past 0.000, valid nll 0.970
  [diag] log10|dL/dh_t| hist bins=60 range=(-12.50,-11.50) mean=-12.00 p50=-12.00 p05=-12.00 p95=-12.00
  [diag] sat-dist hist bins=60 sat<0.05=0.0% mean=0.737 p10=0.589 p90=0.979
Iter 0005480: train nll 0.778, valid error 039.150%, best valid error 037.970%, avg grad norm  39.635, avg grad norm (post clip)   1.053, rho_Whh  1.09, Omega  0.00, alpha  2.000, steps in the past 0.000, valid nll 0.700
  [diag] log10|dL/dh_t| hist bins=60 range=(-12.50,-11.50) mean=-12.00 p50=-12.00 p05=-12.00 p95=-12.00
  [diag] sat-dist hist bins=60 sat<0.05=0.0% mean=0.734 p10=0.592 p90=0.977
Iter 0005500: train nll 0.753, valid error 045.570%, best valid error 037.970%, avg grad norm  29.159, avg grad norm (post clip)   1.053, rho_Whh  1.09, Omega  0.00, alpha  2.000, steps in the past 0.000, valid nll 0.709
  [diag] log10|dL/dh_t| hist bins=60 range=(-12.50,-11.50) mean=-12.00 p50=-12.00 p05=-12.00 p95=-12.00
  [diag] sat-dist hist bins=60 sat<0.05=0.0% mean=0.733 p10=0.582 p90=0.978
Iter 0005520: train nll 0.768, valid error 045.100%, best valid error 037.970%, avg grad norm  28.184, avg grad norm (post clip)   1.053, rho_Whh  1.09, Omega  0.00, alpha  2.000, steps in the past 0.000, valid nll 0.784
  [diag] log10|dL/dh_t| hist bins=60 range=(-12.50,-11.50) mean=-12.00 p50=-12.00 p05=-12.00 p95=-12.00
  [diag] sat-dist hist bins=60 sat<0.05=0.0% mean=0.728 p10=0.597 p90=0.973
Iter 0005540: train nll 0.794, valid error 045.590%, best valid error 037.970%, avg grad norm  38.581, avg grad norm (post clip)   1.053, rho_Whh  1.09, Omega  0.00, alpha  2.000, steps in the past 0.000, valid nll 0.739
  [diag] log10|dL/dh_t| hist bins=60 range=(-12.50,-11.50) mean=-12.00 p50=-12.00 p05=-12.00 p95=-12.00
  [diag] sat-dist hist bins=60 sat<0.05=0.0% mean=0.730 p10=0.587 p90=0.980
Iter 0005560: train nll 0.710, valid error 049.230%, best valid error 037.970%, avg grad norm  13.063, avg grad norm (post clip)   1.053, rho_Whh  1.09, Omega  0.00, alpha  2.000, steps in the past 0.000, valid nll 0.733
  [diag] log10|dL/dh_t| hist bins=60 range=(-12.50,-11.50) mean=-12.00 p50=-12.00 p05=-12.00 p95=-12.00
  [diag] sat-dist hist bins=60 sat<0.05=0.0% mean=0.719 p10=0.625 p90=0.952
Iter 0005580: train nll 0.724, valid error 058.030%, best valid error 037.970%, avg grad norm  18.542, avg grad norm (post clip)   1.053, rho_Whh  1.09, Omega  0.00, alpha  2.000, steps in the past 0.000, valid nll 1.132
  [diag] log10|dL/dh_t| hist bins=60 range=(-12.50,-11.50) mean=-12.00 p50=-12.00 p05=-12.00 p95=-12.00
  [diag] sat-dist hist bins=60 sat<0.05=0.0% mean=0.730 p10=0.582 p90=0.979
Iter 0005600: train nll 0.736, valid error 044.250%, best valid error 037.970%, avg grad norm  21.870, avg grad norm (post clip)   1.053, rho_Whh  1.09, Omega  0.00, alpha  2.000, steps in the past 0.000, valid nll 0.704
  [diag] log10|dL/dh_t| hist bins=60 range=(-12.50,-11.50) mean=-12.00 p50=-12.00 p05=-12.00 p95=-12.00
  [diag] sat-dist hist bins=60 sat<0.05=0.0% mean=0.733 p10=0.586 p90=0.980
Iter 0005620: train nll 0.767, valid error 037.320%, best valid error 037.970%, avg grad norm  37.278, avg grad norm (post clip)   1.053, rho_Whh  1.09, Omega  0.00, alpha  2.000, steps in the past 0.000, valid nll 0.697
  [diag] log10|dL/dh_t| hist bins=60 range=(-12.50,-11.50) mean=-12.00 p50=-12.00 p05=-12.00 p95=-12.00
  [diag] sat-dist hist bins=60 sat<0.05=0.0% mean=0.727 p10=0.597 p90=0.970
Iter 0005640: train nll 0.787, valid error 058.540%, best valid error 037.320%, avg grad norm  36.325, avg grad norm (post clip)   1.053, rho_Whh  1.09, Omega  0.00, alpha  2.000, steps in the past 0.000, valid nll 1.027
  [diag] log10|dL/dh_t| hist bins=60 range=(-12.50,-11.50) mean=-12.00 p50=-12.00 p05=-12.00 p95=-12.00
  [diag] sat-dist hist bins=60 sat<0.05=0.0% mean=0.729 p10=0.591 p90=0.976
Iter 0005660: train nll 0.756, valid error 036.850%, best valid error 037.320%, avg grad norm  33.562, avg grad norm (post clip)   1.053, rho_Whh  1.09, Omega  0.00, alpha  2.000, steps in the past 0.000, valid nll 0.693
  [diag] log10|dL/dh_t| hist bins=60 range=(-12.50,-11.50) mean=-12.00 p50=-12.00 p05=-12.00 p95=-12.00
  [diag] sat-dist hist bins=60 sat<0.05=0.0% mean=0.740 p10=0.595 p90=0.981
Iter 0005680: train nll 0.731, valid error 046.640%, best valid error 036.850%, avg grad norm  20.948, avg grad norm (post clip)   1.053, rho_Whh  1.08, Omega  0.00, alpha  2.000, steps in the past 0.000, valid nll 0.760
  [diag] log10|dL/dh_t| hist bins=60 range=(-12.50,-11.50) mean=-12.00 p50=-12.00 p05=-12.00 p95=-12.00
  [diag] sat-dist hist bins=60 sat<0.05=0.0% mean=0.736 p10=0.602 p90=0.974
Iter 0005700: train nll 0.747, valid error 052.060%, best valid error 036.850%, avg grad norm  28.853, avg grad norm (post clip)   1.053, rho_Whh  1.08, Omega  0.00, alpha  2.000, steps in the past 0.000, valid nll 0.908
  [diag] log10|dL/dh_t| hist bins=60 range=(-12.50,-11.50) mean=-12.00 p50=-12.00 p05=-12.00 p95=-12.00
  [diag] sat-dist hist bins=60 sat<0.05=0.0% mean=0.737 p10=0.590 p90=0.980
Iter 0005720: train nll 0.743, valid error 051.810%, best valid error 036.850%, avg grad norm  23.566, avg grad norm (post clip)   1.053, rho_Whh  1.08, Omega  0.00, alpha  2.000, steps in the past 0.000, valid nll 0.821
  [diag] log10|dL/dh_t| hist bins=60 range=(-12.50,-11.50) mean=-12.00 p50=-12.00 p05=-12.00 p95=-12.00
  [diag] sat-dist hist bins=60 sat<0.05=0.0% mean=0.727 p10=0.595 p90=0.973
Iter 0005740: train nll 0.780, valid error 041.900%, best valid error 036.850%, avg grad norm  36.535, avg grad norm (post clip)   1.053, rho_Whh  1.09, Omega  0.00, alpha  2.000, steps in the past 0.000, valid nll 0.825
  [diag] log10|dL/dh_t| hist bins=60 range=(-12.50,-11.50) mean=-12.00 p50=-12.00 p05=-12.00 p95=-12.00
  [diag] sat-dist hist bins=60 sat<0.05=0.0% mean=0.731 p10=0.587 p90=0.979
Iter 0005760: train nll 0.741, valid error 046.370%, best valid error 036.850%, avg grad norm  24.720, avg grad norm (post clip)   1.053, rho_Whh  1.08, Omega  0.00, alpha  2.000, steps in the past 0.000, valid nll 0.729
  [diag] log10|dL/dh_t| hist bins=60 range=(-12.50,-11.50) mean=-12.00 p50=-12.00 p05=-12.00 p95=-12.00
  [diag] sat-dist hist bins=60 sat<0.05=0.0% mean=0.731 p10=0.586 p90=0.978
Iter 0005780: train nll 0.717, valid error 038.130%, best valid error 036.850%, avg grad norm  15.858, avg grad norm (post clip)   1.053, rho_Whh  1.08, Omega  0.00, alpha  2.000, steps in the past 0.000, valid nll 0.717
  [diag] log10|dL/dh_t| hist bins=60 range=(-12.50,-11.50) mean=-12.00 p50=-12.00 p05=-12.00 p95=-12.00
  [diag] sat-dist hist bins=60 sat<0.05=0.0% mean=0.733 p10=0.591 p90=0.977
Iter 0005800: train nll 0.731, valid error 040.360%, best valid error 036.850%, avg grad norm  24.200, avg grad norm (post clip)   1.053, rho_Whh  1.08, Omega  0.00, alpha  2.000, steps in the past 0.000, valid nll 0.694
  [diag] log10|dL/dh_t| hist bins=60 range=(-12.50,-11.50) mean=-12.00 p50=-12.00 p05=-12.00 p95=-12.00
  [diag] sat-dist hist bins=60 sat<0.05=0.0% mean=0.740 p10=0.599 p90=0.980
Iter 0005820: train nll 0.717, valid error 040.200%, best valid error 036.850%, avg grad norm  18.450, avg grad norm (post clip)   1.053, rho_Whh  1.07, Omega  0.00, alpha  2.000, steps in the past 0.000, valid nll 0.744
  [diag] log10|dL/dh_t| hist bins=60 range=(-12.50,-11.50) mean=-12.00 p50=-12.00 p05=-12.00 p95=-12.00
  [diag] sat-dist hist bins=60 sat<0.05=0.0% mean=0.739 p10=0.591 p90=0.981
Iter 0005840: train nll 0.734, valid error 037.890%, best valid error 036.850%, avg grad norm  23.032, avg grad norm (post clip)   1.053, rho_Whh  1.07, Omega  0.00, alpha  2.000, steps in the past 0.000, valid nll 0.693
  [diag] log10|dL/dh_t| hist bins=60 range=(-12.50,-11.50) mean=-12.00 p50=-12.00 p05=-12.00 p95=-12.00
  [diag] sat-dist hist bins=60 sat<0.05=0.0% mean=0.737 p10=0.594 p90=0.977
Iter 0005860: train nll 0.725, valid error 052.960%, best valid error 036.850%, avg grad norm  23.636, avg grad norm (post clip)   1.053, rho_Whh  1.07, Omega  0.00, alpha  2.000, steps in the past 0.000, valid nll 0.859
  [diag] log10|dL/dh_t| hist bins=60 range=(-12.50,-11.50) mean=-12.00 p50=-12.00 p05=-12.00 p95=-12.00
  [diag] sat-dist hist bins=60 sat<0.05=0.0% mean=0.726 p10=0.609 p90=0.967
Iter 0005880: train nll 0.749, valid error 040.630%, best valid error 036.850%, avg grad norm  25.439, avg grad norm (post clip)   1.053, rho_Whh  1.08, Omega  0.00, alpha  2.000, steps in the past 0.000, valid nll 0.798
  [diag] log10|dL/dh_t| hist bins=60 range=(-12.50,-11.50) mean=-12.00 p50=-12.00 p05=-12.00 p95=-12.00
  [diag] sat-dist hist bins=60 sat<0.05=0.0% mean=0.735 p10=0.593 p90=0.981
Iter 0005900: train nll 0.748, valid error 035.920%, best valid error 036.850%, avg grad norm  30.207, avg grad norm (post clip)   1.053, rho_Whh  1.07, Omega  0.00, alpha  2.000, steps in the past 0.000, valid nll 0.677
  [diag] log10|dL/dh_t| hist bins=60 range=(-12.50,-11.50) mean=-12.00 p50=-12.00 p05=-12.00 p95=-12.00
  [diag] sat-dist hist bins=60 sat<0.05=0.0% mean=0.728 p10=0.594 p90=0.974
Iter 0005920: train nll 0.785, valid error 044.850%, best valid error 035.920%, avg grad norm  35.697, avg grad norm (post clip)   1.053, rho_Whh  1.08, Omega  0.00, alpha  2.000, steps in the past 0.000, valid nll 0.706
  [diag] log10|dL/dh_t| hist bins=60 range=(-12.50,-11.50) mean=-12.00 p50=-12.00 p05=-12.00 p95=-12.00
  [diag] sat-dist hist bins=60 sat<0.05=0.0% mean=0.735 p10=0.601 p90=0.970
Iter 0005940: train nll 0.756, valid error 044.790%, best valid error 035.920%, avg grad norm  31.651, avg grad norm (post clip)   1.053, rho_Whh  1.07, Omega  0.00, alpha  2.000, steps in the past 0.000, valid nll 0.703
  [diag] log10|dL/dh_t| hist bins=60 range=(-12.50,-11.50) mean=-12.00 p50=-12.00 p05=-12.00 p95=-12.00
  [diag] sat-dist hist bins=60 sat<0.05=0.0% mean=0.737 p10=0.610 p90=0.968
Iter 0005960: train nll 0.748, valid error 039.110%, best valid error 035.920%, avg grad norm  33.561, avg grad norm (post clip)   1.053, rho_Whh  1.06, Omega  0.00, alpha  2.000, steps in the past 0.000, valid nll 0.774
  [diag] log10|dL/dh_t| hist bins=60 range=(-12.50,-11.50) mean=-12.00 p50=-12.00 p05=-12.00 p95=-12.00
  [diag] sat-dist hist bins=60 sat<0.05=0.0% mean=0.731 p10=0.602 p90=0.965
Iter 0005980: train nll 0.743, valid error 044.050%, best valid error 035.920%, avg grad norm  32.074, avg grad norm (post clip)   1.053, rho_Whh  1.07, Omega  0.00, alpha  2.000, steps in the past 0.000, valid nll 0.696
  [diag] log10|dL/dh_t| hist bins=60 range=(-12.50,-11.50) mean=-12.00 p50=-12.00 p05=-12.00 p95=-12.00
  [diag] sat-dist hist bins=60 sat<0.05=0.0% mean=0.734 p10=0.597 p90=0.969
Iter 0006000: train nll 0.727, valid error 047.770%, best valid error 035.920%, avg grad norm  27.647, avg grad norm (post clip)   1.053, rho_Whh  1.07, Omega  0.00, alpha  2.000, steps in the past 0.000, valid nll 0.769
  [diag] log10|dL/dh_t| hist bins=60 range=(-12.50,-11.50) mean=-12.00 p50=-12.00 p05=-12.00 p95=-12.00
  [diag] sat-dist hist bins=60 sat<0.05=0.0% mean=0.743 p10=0.606 p90=0.977
Iter 0006020: train nll 0.764, valid error 058.900%, best valid error 035.920%, avg grad norm  31.131, avg grad norm (post clip)   1.053, rho_Whh  1.05, Omega  0.00, alpha  2.000, steps in the past 0.000, valid nll 0.980
  [diag] log10|dL/dh_t| hist bins=60 range=(-12.50,-11.50) mean=-12.00 p50=-12.00 p05=-12.00 p95=-12.00
  [diag] sat-dist hist bins=60 sat<0.05=0.0% mean=0.747 p10=0.615 p90=0.980
Iter 0006040: train nll 0.816, valid error 055.610%, best valid error 035.920%, avg grad norm  47.647, avg grad norm (post clip)   1.053, rho_Whh  1.05, Omega  0.00, alpha  2.000, steps in the past 0.000, valid nll 0.890
  [diag] log10|dL/dh_t| hist bins=60 range=(-12.50,-11.50) mean=-12.00 p50=-12.00 p05=-12.00 p95=-12.00
  [diag] sat-dist hist bins=60 sat<0.05=0.0% mean=0.737 p10=0.598 p90=0.979
Iter 0006060: train nll 0.742, valid error 039.520%, best valid error 035.920%, avg grad norm  32.236, avg grad norm (post clip)   1.053, rho_Whh  1.06, Omega  0.00, alpha  2.000, steps in the past 0.000, valid nll 0.696
  [diag] log10|dL/dh_t| hist bins=60 range=(-12.50,-11.50) mean=-12.00 p50=-12.00 p05=-12.00 p95=-12.00
  [diag] sat-dist hist bins=60 sat<0.05=0.0% mean=0.731 p10=0.618 p90=0.957
Iter 0006080: train nll 0.709, valid error 055.600%, best valid error 035.920%, avg grad norm  25.695, avg grad norm (post clip)   1.053, rho_Whh  1.06, Omega  0.00, alpha  2.000, steps in the past 0.000, valid nll 1.090
  [diag] log10|dL/dh_t| hist bins=60 range=(-12.50,-11.50) mean=-12.00 p50=-12.00 p05=-12.00 p95=-12.00
  [diag] sat-dist hist bins=60 sat<0.05=0.0% mean=0.735 p10=0.598 p90=0.978
Iter 0006100: train nll 0.785, valid error 048.980%, best valid error 035.920%, avg grad norm  41.128, avg grad norm (post clip)   1.053, rho_Whh  1.06, Omega  0.00, alpha  2.000, steps in the past 0.000, valid nll 0.770
  [diag] log10|dL/dh_t| hist bins=60 range=(-12.50,-11.50) mean=-12.00 p50=-12.00 p05=-12.00 p95=-12.00
  [diag] sat-dist hist bins=60 sat<0.05=0.0% mean=0.737 p10=0.611 p90=0.972
Iter 0006120: train nll 0.727, valid error 034.040%, best valid error 035.920%, avg grad norm  25.067, avg grad norm (post clip)   1.053, rho_Whh  1.05, Omega  0.00, alpha  2.000, steps in the past 0.000, valid nll 0.670
  [diag] log10|dL/dh_t| hist bins=60 range=(-12.50,-11.50) mean=-12.00 p50=-12.00 p05=-12.00 p95=-12.00
  [diag] sat-dist hist bins=60 sat<0.05=0.0% mean=0.736 p10=0.605 p90=0.970
Iter 0006140: train nll 0.777, valid error 033.600%, best valid error 034.040%, avg grad norm  42.978, avg grad norm (post clip)   1.053, rho_Whh  1.05, Omega  0.00, alpha  2.000, steps in the past 0.000, valid nll 0.661
  [diag] log10|dL/dh_t| hist bins=60 range=(-12.50,-11.50) mean=-12.00 p50=-12.00 p05=-12.00 p95=-12.00
  [diag] sat-dist hist bins=60 sat<0.05=0.0% mean=0.732 p10=0.600 p90=0.971
Iter 0006160: train nll 0.752, valid error 048.710%, best valid error 033.600%, avg grad norm  34.578, avg grad norm (post clip)   1.053, rho_Whh  1.06, Omega  0.00, alpha  2.000, steps in the past 0.000, valid nll 0.810
  [diag] log10|dL/dh_t| hist bins=60 range=(-12.50,-11.50) mean=-12.00 p50=-12.00 p05=-12.00 p95=-12.00
  [diag] sat-dist hist bins=60 sat<0.05=0.0% mean=0.740 p10=0.619 p90=0.964
Iter 0006180: train nll 0.721, valid error 036.750%, best valid error 033.600%, avg grad norm  26.167, avg grad norm (post clip)   1.053, rho_Whh  1.04, Omega  0.00, alpha  2.000, steps in the past 0.000, valid nll 0.713
  [diag] log10|dL/dh_t| hist bins=60 range=(-12.50,-11.50) mean=-12.00 p50=-12.00 p05=-12.00 p95=-12.00
  [diag] sat-dist hist bins=60 sat<0.05=0.0% mean=0.732 p10=0.602 p90=0.965
Iter 0006200: train nll 0.711, valid error 051.030%, best valid error 033.600%, avg grad norm  22.080, avg grad norm (post clip)   1.053, rho_Whh  1.05, Omega  0.00, alpha  2.000, steps in the past 0.000, valid nll 0.841
  [diag] log10|dL/dh_t| hist bins=60 range=(-12.50,-11.50) mean=-12.00 p50=-12.00 p05=-12.00 p95=-12.00
  [diag] sat-dist hist bins=60 sat<0.05=0.0% mean=0.729 p10=0.608 p90=0.961
Iter 0006220: train nll 0.740, valid error 050.680%, best valid error 033.600%, avg grad norm  30.400, avg grad norm (post clip)   1.053, rho_Whh  1.06, Omega  0.00, alpha  2.000, steps in the past 0.000, valid nll 0.904
  [diag] log10|dL/dh_t| hist bins=60 range=(-12.50,-11.50) mean=-12.00 p50=-12.00 p05=-12.00 p95=-12.00
  [diag] sat-dist hist bins=60 sat<0.05=0.0% mean=0.735 p10=0.602 p90=0.972
Iter 0006240: train nll 0.791, valid error 038.240%, best valid error 033.600%, avg grad norm  43.872, avg grad norm (post clip)   1.053, rho_Whh  1.05, Omega  0.00, alpha  2.000, steps in the past 0.000, valid nll 0.686
  [diag] log10|dL/dh_t| hist bins=60 range=(-12.50,-11.50) mean=-12.00 p50=-12.00 p05=-12.00 p95=-12.00
  [diag] sat-dist hist bins=60 sat<0.05=0.0% mean=0.737 p10=0.614 p90=0.965
Iter 0006260: train nll 0.711, valid error 039.200%, best valid error 033.600%, avg grad norm  28.922, avg grad norm (post clip)   1.053, rho_Whh  1.04, Omega  0.00, alpha  2.000, steps in the past 0.000, valid nll 0.739
  [diag] log10|dL/dh_t| hist bins=60 range=(-12.50,-11.50) mean=-12.00 p50=-12.00 p05=-12.00 p95=-12.00
  [diag] sat-dist hist bins=60 sat<0.05=0.0% mean=0.732 p10=0.600 p90=0.966
Iter 0006280: train nll 0.702, valid error 048.690%, best valid error 033.600%, avg grad norm  29.259, avg grad norm (post clip)   1.053, rho_Whh  1.04, Omega  0.00, alpha  2.000, steps in the past 0.000, valid nll 0.830
  [diag] log10|dL/dh_t| hist bins=60 range=(-12.50,-11.50) mean=-12.00 p50=-12.00 p05=-12.00 p95=-12.00
  [diag] sat-dist hist bins=60 sat<0.05=0.0% mean=0.735 p10=0.604 p90=0.976
Iter 0006300: train nll 0.716, valid error 033.740%, best valid error 033.600%, avg grad norm  30.463, avg grad norm (post clip)   1.053, rho_Whh  1.05, Omega  0.00, alpha  2.000, steps in the past 0.000, valid nll 0.674
  [diag] log10|dL/dh_t| hist bins=60 range=(-12.50,-11.50) mean=-12.00 p50=-12.00 p05=-12.00 p95=-12.00
  [diag] sat-dist hist bins=60 sat<0.05=0.0% mean=0.733 p10=0.602 p90=0.977
Iter 0006320: train nll 0.753, valid error 033.920%, best valid error 033.600%, avg grad norm  38.996, avg grad norm (post clip)   1.053, rho_Whh  1.05, Omega  0.00, alpha  2.000, steps in the past 0.000, valid nll 0.664
  [diag] log10|dL/dh_t| hist bins=60 range=(-12.50,-11.50) mean=-12.00 p50=-12.00 p05=-12.00 p95=-12.00
  [diag] sat-dist hist bins=60 sat<0.05=0.0% mean=0.758 p10=0.650 p90=0.976
Iter 0006340: train nll 0.780, valid error 058.970%, best valid error 033.600%, avg grad norm  45.812, avg grad norm (post clip)   1.053, rho_Whh  1.08, Omega  0.00, alpha  2.000, steps in the past 0.000, valid nll 0.988
  [diag] log10|dL/dh_t| hist bins=60 range=(-12.50,-11.50) mean=-12.00 p50=-12.00 p05=-12.00 p95=-12.00
  [diag] sat-dist hist bins=60 sat<0.05=0.0% mean=0.788 p10=0.699 p90=0.973
Iter 0006360: train nll 0.838, valid error 017.910%, best valid error 033.600%, avg grad norm  60.649, avg grad norm (post clip)   1.053, rho_Whh  1.08, Omega  0.00, alpha  2.000, steps in the past 0.000, valid nll 0.652
  [diag] log10|dL/dh_t| hist bins=60 range=(-12.50,-11.50) mean=-12.00 p50=-12.00 p05=-12.00 p95=-12.00
  [diag] sat-dist hist bins=60 sat<0.05=0.0% mean=0.734 p10=0.605 p90=0.975
Iter 0006380: train nll 0.732, valid error 033.410%, best valid error 017.910%, avg grad norm  38.341, avg grad norm (post clip)   1.053, rho_Whh  1.04, Omega  0.00, alpha  2.000, steps in the past 0.000, valid nll 0.667
  [diag] log10|dL/dh_t| hist bins=60 range=(-12.50,-11.50) mean=-12.00 p50=-12.00 p05=-12.00 p95=-12.00
  [diag] sat-dist hist bins=60 sat<0.05=0.0% mean=0.740 p10=0.614 p90=0.979
Iter 0006400: train nll 0.750, valid error 030.230%, best valid error 017.910%, avg grad norm  38.252, avg grad norm (post clip)   1.053, rho_Whh  1.05, Omega  0.00, alpha  2.000, steps in the past 0.000, valid nll 0.656
  [diag] log10|dL/dh_t| hist bins=60 range=(-12.50,-11.50) mean=-12.00 p50=-12.00 p05=-12.00 p95=-12.00
  [diag] sat-dist hist bins=60 sat<0.05=0.0% mean=0.730 p10=0.599 p90=0.980
Iter 0006420: train nll 0.730, valid error 034.530%, best valid error 017.910%, avg grad norm  34.293, avg grad norm (post clip)   1.053, rho_Whh  1.04, Omega  0.00, alpha  2.000, steps in the past 0.000, valid nll 0.674
  [diag] log10|dL/dh_t| hist bins=60 range=(-12.50,-11.50) mean=-12.00 p50=-12.00 p05=-12.00 p95=-12.00
  [diag] sat-dist hist bins=60 sat<0.05=0.0% mean=0.752 p10=0.634 p90=0.980
Iter 0006440: train nll 0.706, valid error 061.380%, best valid error 017.910%, avg grad norm  30.098, avg grad norm (post clip)   1.053, rho_Whh  1.06, Omega  0.00, alpha  2.000, steps in the past 0.000, valid nll 1.102
  [diag] log10|dL/dh_t| hist bins=60 range=(-12.50,-11.50) mean=-12.00 p50=-12.00 p05=-12.00 p95=-12.00
  [diag] sat-dist hist bins=60 sat<0.05=0.0% mean=0.747 p10=0.634 p90=0.978
Iter 0006460: train nll 0.820, valid error 054.420%, best valid error 017.910%, avg grad norm  62.218, avg grad norm (post clip)   1.053, rho_Whh  1.08, Omega  0.00, alpha  2.000, steps in the past 0.000, valid nll 0.948
  [diag] log10|dL/dh_t| hist bins=60 range=(-12.50,-11.50) mean=-12.00 p50=-12.00 p05=-12.00 p95=-12.00
  [diag] sat-dist hist bins=60 sat<0.05=0.0% mean=0.733 p10=0.604 p90=0.977
Iter 0006480: train nll 0.718, valid error 032.680%, best valid error 017.910%, avg grad norm  38.848, avg grad norm (post clip)   1.053, rho_Whh  1.06, Omega  0.00, alpha  2.000, steps in the past 0.000, valid nll 0.667
  [diag] log10|dL/dh_t| hist bins=60 range=(-12.50,-11.50) mean=-12.00 p50=-12.00 p05=-12.00 p95=-12.00
  [diag] sat-dist hist bins=60 sat<0.05=0.0% mean=0.726 p10=0.597 p90=0.976
Iter 0006500: train nll 0.708, valid error 039.020%, best valid error 017.910%, avg grad norm  29.814, avg grad norm (post clip)   1.053, rho_Whh  1.05, Omega  0.00, alpha  2.000, steps in the past 0.000, valid nll 0.693
  [diag] log10|dL/dh_t| hist bins=60 range=(-12.50,-11.50) mean=-12.00 p50=-12.00 p05=-12.00 p95=-12.00
  [diag] sat-dist hist bins=60 sat<0.05=0.0% mean=0.738 p10=0.615 p90=0.980
Iter 0006520: train nll 0.776, valid error 029.890%, best valid error 017.910%, avg grad norm  51.732, avg grad norm (post clip)   1.053, rho_Whh  1.06, Omega  0.00, alpha  2.000, steps in the past 0.000, valid nll 0.633
  [diag] log10|dL/dh_t| hist bins=60 range=(-12.50,-11.50) mean=-12.00 p50=-12.00 p05=-12.00 p95=-12.00
  [diag] sat-dist hist bins=60 sat<0.05=0.0% mean=0.738 p10=0.609 p90=0.981
Iter 0006540: train nll 0.753, valid error 037.810%, best valid error 017.910%, avg grad norm  52.793, avg grad norm (post clip)   1.053, rho_Whh  1.06, Omega  0.00, alpha  2.000, steps in the past 0.000, valid nll 0.694
  [diag] log10|dL/dh_t| hist bins=60 range=(-12.50,-11.50) mean=-12.00 p50=-12.00 p05=-12.00 p95=-12.00
  [diag] sat-dist hist bins=60 sat<0.05=0.0% mean=0.745 p10=0.630 p90=0.981
Iter 0006560: train nll 0.732, valid error 042.470%, best valid error 017.910%, avg grad norm  40.511, avg grad norm (post clip)   1.053, rho_Whh  1.08, Omega  0.00, alpha  2.000, steps in the past 0.000, valid nll 0.739
  [diag] log10|dL/dh_t| hist bins=60 range=(-12.50,-11.50) mean=-12.00 p50=-12.00 p05=-12.00 p95=-12.00
  [diag] sat-dist hist bins=60 sat<0.05=0.0% mean=0.740 p10=0.620 p90=0.981
Iter 0006580: train nll 0.744, valid error 049.480%, best valid error 017.910%, avg grad norm  37.831, avg grad norm (post clip)   1.053, rho_Whh  1.08, Omega  0.00, alpha  2.000, steps in the past 0.000, valid nll 0.804
  [diag] log10|dL/dh_t| hist bins=60 range=(-12.50,-11.50) mean=-12.00 p50=-12.00 p05=-12.00 p95=-12.00
  [diag] sat-dist hist bins=60 sat<0.05=0.0% mean=0.734 p10=0.605 p90=0.981
Iter 0006600: train nll 0.697, valid error 041.570%, best valid error 017.910%, avg grad norm  33.339, avg grad norm (post clip)   1.053, rho_Whh  1.06, Omega  0.00, alpha  2.000, steps in the past 0.000, valid nll 0.717
  [diag] log10|dL/dh_t| hist bins=60 range=(-12.50,-11.50) mean=-12.00 p50=-12.00 p05=-12.00 p95=-12.00
  [diag] sat-dist hist bins=60 sat<0.05=0.0% mean=0.729 p10=0.605 p90=0.977
Iter 0006620: train nll 0.698, valid error 047.070%, best valid error 017.910%, avg grad norm  32.224, avg grad norm (post clip)   1.053, rho_Whh  1.06, Omega  0.00, alpha  2.000, steps in the past 0.000, valid nll 0.819
  [diag] log10|dL/dh_t| hist bins=60 range=(-12.50,-11.50) mean=-12.00 p50=-12.00 p05=-12.00 p95=-12.00
  [diag] sat-dist hist bins=60 sat<0.05=0.0% mean=0.729 p10=0.602 p90=0.981
Iter 0006640: train nll 0.735, valid error 043.120%, best valid error 017.910%, avg grad norm  38.443, avg grad norm (post clip)   1.053, rho_Whh  1.06, Omega  0.00, alpha  2.000, steps in the past 0.000, valid nll 0.755
  [diag] log10|dL/dh_t| hist bins=60 range=(-12.50,-11.50) mean=-12.00 p50=-12.00 p05=-12.00 p95=-12.00
  [diag] sat-dist hist bins=60 sat<0.05=0.0% mean=0.735 p10=0.604 p90=0.979
Iter 0006660: train nll 0.734, valid error 067.910%, best valid error 017.910%, avg grad norm  39.910, avg grad norm (post clip)   1.053, rho_Whh  1.08, Omega  0.00, alpha  2.000, steps in the past 0.000, valid nll 1.225
  [diag] log10|dL/dh_t| hist bins=60 range=(-12.50,-11.50) mean=-12.00 p50=-12.00 p05=-12.00 p95=-12.00
  [diag] sat-dist hist bins=60 sat<0.05=0.0% mean=0.730 p10=0.595 p90=0.978
Iter 0006680: train nll 0.728, valid error 031.720%, best valid error 017.910%, avg grad norm  36.813, avg grad norm (post clip)   1.053, rho_Whh  1.06, Omega  0.00, alpha  2.000, steps in the past 0.000, valid nll 0.653
  [diag] log10|dL/dh_t| hist bins=60 range=(-12.50,-11.50) mean=-12.00 p50=-12.00 p05=-12.00 p95=-12.00
  [diag] sat-dist hist bins=60 sat<0.05=0.0% mean=0.731 p10=0.599 p90=0.977
Iter 0006700: train nll 0.685, valid error 030.780%, best valid error 017.910%, avg grad norm  27.693, avg grad norm (post clip)   1.053, rho_Whh  1.07, Omega  0.00, alpha  2.000, steps in the past 0.000, valid nll 0.651
  [diag] log10|dL/dh_t| hist bins=60 range=(-12.50,-11.50) mean=-12.00 p50=-12.00 p05=-12.00 p95=-12.00
  [diag] sat-dist hist bins=60 sat<0.05=0.0% mean=0.734 p10=0.604 p90=0.972
Iter 0006720: train nll 0.708, valid error 038.630%, best valid error 017.910%, avg grad norm  29.462, avg grad norm (post clip)   1.053, rho_Whh  1.07, Omega  0.00, alpha  2.000, steps in the past 0.000, valid nll 0.694
  [diag] log10|dL/dh_t| hist bins=60 range=(-12.50,-11.50) mean=-12.00 p50=-12.00 p05=-12.00 p95=-12.00
  [diag] sat-dist hist bins=60 sat<0.05=0.0% mean=0.734 p10=0.603 p90=0.977
Iter 0006740: train nll 0.693, valid error 034.050%, best valid error 017.910%, avg grad norm  25.569, avg grad norm (post clip)   1.053, rho_Whh  1.07, Omega  0.00, alpha  2.000, steps in the past 0.000, valid nll 0.672
  [diag] log10|dL/dh_t| hist bins=60 range=(-12.50,-11.50) mean=-12.00 p50=-12.00 p05=-12.00 p95=-12.00
  [diag] sat-dist hist bins=60 sat<0.05=0.0% mean=0.734 p10=0.607 p90=0.972
Iter 0006760: train nll 0.708, valid error 035.530%, best valid error 017.910%, avg grad norm  35.008, avg grad norm (post clip)   1.053, rho_Whh  1.08, Omega  0.00, alpha  2.000, steps in the past 0.000, valid nll 0.685
  [diag] log10|dL/dh_t| hist bins=60 range=(-12.50,-11.50) mean=-12.00 p50=-12.00 p05=-12.00 p95=-12.00
  [diag] sat-dist hist bins=60 sat<0.05=0.0% mean=0.727 p10=0.598 p90=0.976
Iter 0006780: train nll 0.689, valid error 031.470%, best valid error 017.910%, avg grad norm  26.969, avg grad norm (post clip)   1.053, rho_Whh  1.07, Omega  0.00, alpha  2.000, steps in the past 0.000, valid nll 0.655
  [diag] log10|dL/dh_t| hist bins=60 range=(-12.50,-11.50) mean=-12.00 p50=-12.00 p05=-12.00 p95=-12.00
  [diag] sat-dist hist bins=60 sat<0.05=0.0% mean=0.735 p10=0.602 p90=0.979
Iter 0006800: train nll 0.703, valid error 032.430%, best valid error 017.910%, avg grad norm  29.298, avg grad norm (post clip)   1.053, rho_Whh  1.08, Omega  0.00, alpha  2.000, steps in the past 0.000, valid nll 0.660
  [diag] log10|dL/dh_t| hist bins=60 range=(-12.50,-11.50) mean=-12.00 p50=-12.00 p05=-12.00 p95=-12.00
  [diag] sat-dist hist bins=60 sat<0.05=0.0% mean=0.737 p10=0.605 p90=0.981
Iter 0006820: train nll 0.715, valid error 037.720%, best valid error 017.910%, avg grad norm  36.885, avg grad norm (post clip)   1.053, rho_Whh  1.07, Omega  0.00, alpha  2.000, steps in the past 0.000, valid nll 0.687
  [diag] log10|dL/dh_t| hist bins=60 range=(-12.50,-11.50) mean=-12.00 p50=-12.00 p05=-12.00 p95=-12.00
  [diag] sat-dist hist bins=60 sat<0.05=0.0% mean=0.729 p10=0.593 p90=0.981
Iter 0006840: train nll 0.674, valid error 037.000%, best valid error 017.910%, avg grad norm  27.303, avg grad norm (post clip)   1.053, rho_Whh  1.07, Omega  0.00, alpha  2.000, steps in the past 0.000, valid nll 0.681
  [diag] log10|dL/dh_t| hist bins=60 range=(-12.50,-11.50) mean=-12.00 p50=-12.00 p05=-12.00 p95=-12.00
  [diag] sat-dist hist bins=60 sat<0.05=0.0% mean=0.727 p10=0.588 p90=0.978
Iter 0006860: train nll 0.687, valid error 033.360%, best valid error 017.910%, avg grad norm  26.390, avg grad norm (post clip)   1.053, rho_Whh  1.07, Omega  0.00, alpha  2.000, steps in the past 0.000, valid nll 0.661
  [diag] log10|dL/dh_t| hist bins=60 range=(-12.50,-11.50) mean=-12.00 p50=-12.00 p05=-12.00 p95=-12.00
  [diag] sat-dist hist bins=60 sat<0.05=0.0% mean=0.729 p10=0.595 p90=0.971
Iter 0006880: train nll 0.713, valid error 032.990%, best valid error 017.910%, avg grad norm  35.129, avg grad norm (post clip)   1.053, rho_Whh  1.08, Omega  0.00, alpha  2.000, steps in the past 0.000, valid nll 0.662
  [diag] log10|dL/dh_t| hist bins=60 range=(-12.50,-11.50) mean=-12.00 p50=-12.00 p05=-12.00 p95=-12.00
  [diag] sat-dist hist bins=60 sat<0.05=0.0% mean=0.732 p10=0.606 p90=0.959
Iter 0006900: train nll 0.761, valid error 027.420%, best valid error 017.910%, avg grad norm  46.316, avg grad norm (post clip)   1.053, rho_Whh  1.09, Omega  0.00, alpha  2.000, steps in the past 0.000, valid nll 0.615
  [diag] log10|dL/dh_t| hist bins=60 range=(-12.50,-11.50) mean=-12.00 p50=-12.00 p05=-12.00 p95=-12.00
  [diag] sat-dist hist bins=60 sat<0.05=0.0% mean=0.724 p10=0.593 p90=0.962
Iter 0006920: train nll 0.723, valid error 038.420%, best valid error 017.910%, avg grad norm  38.342, avg grad norm (post clip)   1.053, rho_Whh  1.08, Omega  0.00, alpha  2.000, steps in the past 0.000, valid nll 0.681
  [diag] log10|dL/dh_t| hist bins=60 range=(-12.50,-11.50) mean=-12.00 p50=-12.00 p05=-12.00 p95=-12.00
  [diag] sat-dist hist bins=60 sat<0.05=0.0% mean=0.728 p10=0.598 p90=0.958
Iter 0006940: train nll 0.697, valid error 035.250%, best valid error 017.910%, avg grad norm  30.552, avg grad norm (post clip)   1.053, rho_Whh  1.09, Omega  0.00, alpha  2.000, steps in the past 0.000, valid nll 0.667
  [diag] log10|dL/dh_t| hist bins=60 range=(-12.50,-11.50) mean=-12.00 p50=-12.00 p05=-12.00 p95=-12.00
  [diag] sat-dist hist bins=60 sat<0.05=0.0% mean=0.722 p10=0.591 p90=0.953
Iter 0006960: train nll 0.688, valid error 027.200%, best valid error 017.910%, avg grad norm  30.799, avg grad norm (post clip)   1.053, rho_Whh  1.09, Omega  0.00, alpha  2.000, steps in the past 0.000, valid nll 0.627
  [diag] log10|dL/dh_t| hist bins=60 range=(-12.50,-11.50) mean=-12.00 p50=-12.00 p05=-12.00 p95=-12.00
  [diag] sat-dist hist bins=60 sat<0.05=0.0% mean=0.728 p10=0.606 p90=0.951
Iter 0006980: train nll 0.721, valid error 042.710%, best valid error 017.910%, avg grad norm  34.820, avg grad norm (post clip)   1.053, rho_Whh  1.10, Omega  0.00, alpha  2.000, steps in the past 0.000, valid nll 0.700
  [diag] log10|dL/dh_t| hist bins=60 range=(-12.50,-11.50) mean=-12.00 p50=-12.00 p05=-12.00 p95=-12.00
  [diag] sat-dist hist bins=60 sat<0.05=0.0% mean=0.724 p10=0.598 p90=0.943
Iter 0007000: train nll 0.691, valid error 034.100%, best valid error 017.910%, avg grad norm  33.699, avg grad norm (post clip)   1.053, rho_Whh  1.10, Omega  0.00, alpha  2.000, steps in the past 0.000, valid nll 0.655
  [diag] log10|dL/dh_t| hist bins=60 range=(-12.50,-11.50) mean=-12.00 p50=-12.00 p05=-12.00 p95=-12.00
  [diag] sat-dist hist bins=60 sat<0.05=0.0% mean=0.723 p10=0.600 p90=0.942
Iter 0007020: train nll 0.667, valid error 048.230%, best valid error 017.910%, avg grad norm  30.359, avg grad norm (post clip)   1.053, rho_Whh  1.10, Omega  0.00, alpha  2.000, steps in the past 0.000, valid nll 0.783
  [diag] log10|dL/dh_t| hist bins=60 range=(-12.50,-11.50) mean=-12.00 p50=-12.00 p05=-12.00 p95=-12.00
  [diag] sat-dist hist bins=60 sat<0.05=0.0% mean=0.730 p10=0.607 p90=0.942
Iter 0007040: train nll 0.737, valid error 049.300%, best valid error 017.910%, avg grad norm  44.884, avg grad norm (post clip)   1.053, rho_Whh  1.11, Omega  0.00, alpha  2.000, steps in the past 0.000, valid nll 0.771
  [diag] log10|dL/dh_t| hist bins=60 range=(-12.50,-11.50) mean=-12.00 p50=-12.00 p05=-12.00 p95=-12.00
  [diag] sat-dist hist bins=60 sat<0.05=0.0% mean=0.725 p10=0.601 p90=0.945
Iter 0007060: train nll 0.710, valid error 047.380%, best valid error 017.910%, avg grad norm  45.428, avg grad norm (post clip)   1.053, rho_Whh  1.11, Omega  0.00, alpha  2.000, steps in the past 0.000, valid nll 0.732
  [diag] log10|dL/dh_t| hist bins=60 range=(-12.50,-11.50) mean=-12.00 p50=-12.00 p05=-12.00 p95=-12.00
  [diag] sat-dist hist bins=60 sat<0.05=0.0% mean=0.729 p10=0.603 p90=0.957
Iter 0007080: train nll 0.708, valid error 040.920%, best valid error 017.910%, avg grad norm  38.045, avg grad norm (post clip)   1.053, rho_Whh  1.11, Omega  0.00, alpha  2.000, steps in the past 0.000, valid nll 0.689
  [diag] log10|dL/dh_t| hist bins=60 range=(-12.50,-11.50) mean=-12.00 p50=-12.00 p05=-12.00 p95=-12.00
  [diag] sat-dist hist bins=60 sat<0.05=0.0% mean=0.721 p10=0.603 p90=0.949
Iter 0007100: train nll 0.686, valid error 061.230%, best valid error 017.910%, avg grad norm  36.897, avg grad norm (post clip)   1.053, rho_Whh  1.10, Omega  0.00, alpha  2.000, steps in the past 0.000, valid nll 1.298
  [diag] log10|dL/dh_t| hist bins=60 range=(-12.50,-11.50) mean=-12.00 p50=-12.00 p05=-12.00 p95=-12.00
  [diag] sat-dist hist bins=60 sat<0.05=0.0% mean=0.718 p10=0.587 p90=0.953
Iter 0007120: train nll 0.730, valid error 030.010%, best valid error 017.910%, avg grad norm  43.541, avg grad norm (post clip)   1.053, rho_Whh  1.09, Omega  0.00, alpha  2.000, steps in the past 0.000, valid nll 0.628
  [diag] log10|dL/dh_t| hist bins=60 range=(-12.50,-11.50) mean=-12.00 p50=-12.00 p05=-12.00 p95=-12.00
  [diag] sat-dist hist bins=60 sat<0.05=0.0% mean=0.721 p10=0.592 p90=0.946
Iter 0007140: train nll 0.674, valid error 046.560%, best valid error 017.910%, avg grad norm  30.726, avg grad norm (post clip)   1.053, rho_Whh  1.10, Omega  0.00, alpha  2.000, steps in the past 0.000, valid nll 0.753
  [diag] log10|dL/dh_t| hist bins=60 range=(-12.50,-11.50) mean=-12.00 p50=-12.00 p05=-12.00 p95=-12.00
  [diag] sat-dist hist bins=60 sat<0.05=0.0% mean=0.725 p10=0.599 p90=0.951
Iter 0007160: train nll 0.696, valid error 045.070%, best valid error 017.910%, avg grad norm  35.903, avg grad norm (post clip)   1.053, rho_Whh  1.10, Omega  0.00, alpha  2.000, steps in the past 0.000, valid nll 0.717
  [diag] log10|dL/dh_t| hist bins=60 range=(-12.50,-11.50) mean=-12.00 p50=-12.00 p05=-12.00 p95=-12.00
  [diag] sat-dist hist bins=60 sat<0.05=0.0% mean=0.727 p10=0.600 p90=0.949
Iter 0007180: train nll 0.701, valid error 040.370%, best valid error 017.910%, avg grad norm  42.009, avg grad norm (post clip)   1.053, rho_Whh  1.09, Omega  0.00, alpha  2.000, steps in the past 0.000, valid nll 0.680
  [diag] log10|dL/dh_t| hist bins=60 range=(-12.50,-11.50) mean=-12.00 p50=-12.00 p05=-12.00 p95=-12.00
  [diag] sat-dist hist bins=60 sat<0.05=0.0% mean=0.722 p10=0.593 p90=0.947
Iter 0007200: train nll 0.702, valid error 037.560%, best valid error 017.910%, avg grad norm  33.163, avg grad norm (post clip)   1.053, rho_Whh  1.09, Omega  0.00, alpha  2.000, steps in the past 0.000, valid nll 0.670
  [diag] log10|dL/dh_t| hist bins=60 range=(-12.50,-11.50) mean=-12.00 p50=-12.00 p05=-12.00 p95=-12.00
  [diag] sat-dist hist bins=60 sat<0.05=0.0% mean=0.727 p10=0.599 p90=0.949
Iter 0007220: train nll 0.689, valid error 029.660%, best valid error 017.910%, avg grad norm  32.333, avg grad norm (post clip)   1.053, rho_Whh  1.10, Omega  0.00, alpha  2.000, steps in the past 0.000, valid nll 0.634
  [diag] log10|dL/dh_t| hist bins=60 range=(-12.50,-11.50) mean=-12.00 p50=-12.00 p05=-12.00 p95=-12.00
  [diag] sat-dist hist bins=60 sat<0.05=0.0% mean=0.725 p10=0.597 p90=0.948
Iter 0007240: train nll 0.695, valid error 035.290%, best valid error 017.910%, avg grad norm  35.175, avg grad norm (post clip)   1.053, rho_Whh  1.10, Omega  0.00, alpha  2.000, steps in the past 0.000, valid nll 0.676
  [diag] log10|dL/dh_t| hist bins=60 range=(-12.50,-11.50) mean=-12.00 p50=-12.00 p05=-12.00 p95=-12.00
  [diag] sat-dist hist bins=60 sat<0.05=0.0% mean=0.720 p10=0.591 p90=0.953
Iter 0007260: train nll 0.689, valid error 037.210%, best valid error 017.910%, avg grad norm  31.896, avg grad norm (post clip)   1.053, rho_Whh  1.09, Omega  0.00, alpha  2.000, steps in the past 0.000, valid nll 0.678
  [diag] log10|dL/dh_t| hist bins=60 range=(-12.50,-11.50) mean=-12.00 p50=-12.00 p05=-12.00 p95=-12.00
  [diag] sat-dist hist bins=60 sat<0.05=0.0% mean=0.723 p10=0.587 p90=0.958
Iter 0007280: train nll 0.705, valid error 034.990%, best valid error 017.910%, avg grad norm  30.358, avg grad norm (post clip)   1.053, rho_Whh  1.10, Omega  0.00, alpha  2.000, steps in the past 0.000, valid nll 0.658
  [diag] log10|dL/dh_t| hist bins=60 range=(-12.50,-11.50) mean=-12.00 p50=-12.00 p05=-12.00 p95=-12.00
  [diag] sat-dist hist bins=60 sat<0.05=0.0% mean=0.722 p10=0.589 p90=0.955
Iter 0007300: train nll 0.696, valid error 032.900%, best valid error 017.910%, avg grad norm  30.067, avg grad norm (post clip)   1.053, rho_Whh  1.10, Omega  0.00, alpha  2.000, steps in the past 0.000, valid nll 0.652
  [diag] log10|dL/dh_t| hist bins=60 range=(-12.50,-11.50) mean=-12.00 p50=-12.00 p05=-12.00 p95=-12.00
  [diag] sat-dist hist bins=60 sat<0.05=0.0% mean=0.729 p10=0.597 p90=0.960
Iter 0007320: train nll 0.675, valid error 037.690%, best valid error 017.910%, avg grad norm  30.164, avg grad norm (post clip)   1.053, rho_Whh  1.10, Omega  0.00, alpha  2.000, steps in the past 0.000, valid nll 0.682
  [diag] log10|dL/dh_t| hist bins=60 range=(-12.50,-11.50) mean=-12.00 p50=-12.00 p05=-12.00 p95=-12.00
  [diag] sat-dist hist bins=60 sat<0.05=0.0% mean=0.724 p10=0.590 p90=0.966
Iter 0007340: train nll 0.733, valid error 046.610%, best valid error 017.910%, avg grad norm  45.744, avg grad norm (post clip)   1.053, rho_Whh  1.10, Omega  0.00, alpha  2.000, steps in the past 0.000, valid nll 0.749
  [diag] log10|dL/dh_t| hist bins=60 range=(-12.50,-11.50) mean=-12.00 p50=-12.00 p05=-12.00 p95=-12.00
  [diag] sat-dist hist bins=60 sat<0.05=0.0% mean=0.740 p10=0.617 p90=0.965
Iter 0007360: train nll 0.701, valid error 051.290%, best valid error 017.910%, avg grad norm  44.174, avg grad norm (post clip)   1.053, rho_Whh  1.11, Omega  0.00, alpha  2.000, steps in the past 0.000, valid nll 0.854
  [diag] log10|dL/dh_t| hist bins=60 range=(-12.50,-11.50) mean=-12.00 p50=-12.00 p05=-12.00 p95=-12.00
  [diag] sat-dist hist bins=60 sat<0.05=0.0% mean=0.728 p10=0.605 p90=0.958
Iter 0007380: train nll 0.794, valid error 027.560%, best valid error 017.910%, avg grad norm  88.099, avg grad norm (post clip)   1.053, rho_Whh  1.10, Omega  0.00, alpha  2.000, steps in the past 0.000, valid nll 0.617
  [diag] log10|dL/dh_t| hist bins=60 range=(-12.50,-11.50) mean=-12.00 p50=-12.00 p05=-12.00 p95=-12.00
  [diag] sat-dist hist bins=60 sat<0.05=0.0% mean=0.723 p10=0.595 p90=0.953
Iter 0007400: train nll 0.704, valid error 032.100%, best valid error 017.910%, avg grad norm  38.903, avg grad norm (post clip)   1.053, rho_Whh  1.10, Omega  0.00, alpha  2.000, steps in the past 0.000, valid nll 0.644
  [diag] log10|dL/dh_t| hist bins=60 range=(-12.50,-11.50) mean=-12.00 p50=-12.00 p05=-12.00 p95=-12.00
  [diag] sat-dist hist bins=60 sat<0.05=0.0% mean=0.721 p10=0.595 p90=0.946
Iter 0007420: train nll 0.690, valid error 033.700%, best valid error 017.910%, avg grad norm  32.436, avg grad norm (post clip)   1.053, rho_Whh  1.10, Omega  0.00, alpha  2.000, steps in the past 0.000, valid nll 0.679
  [diag] log10|dL/dh_t| hist bins=60 range=(-12.50,-11.50) mean=-12.00 p50=-12.00 p05=-12.00 p95=-12.00
  [diag] sat-dist hist bins=60 sat<0.05=0.0% mean=0.720 p10=0.591 p90=0.943
Iter 0007440: train nll 0.689, valid error 042.120%, best valid error 017.910%, avg grad norm  34.910, avg grad norm (post clip)   1.053, rho_Whh  1.09, Omega  0.00, alpha  2.000, steps in the past 0.000, valid nll 0.679
  [diag] log10|dL/dh_t| hist bins=60 range=(-12.50,-11.50) mean=-12.00 p50=-12.00 p05=-12.00 p95=-12.00
  [diag] sat-dist hist bins=60 sat<0.05=0.0% mean=0.737 p10=0.616 p90=0.950
Iter 0007460: train nll 0.650, valid error 041.390%, best valid error 017.910%, avg grad norm  30.787, avg grad norm (post clip)   1.053, rho_Whh  1.10, Omega  0.00, alpha  2.000, steps in the past 0.000, valid nll 0.750
  [diag] log10|dL/dh_t| hist bins=60 range=(-12.50,-11.50) mean=-12.00 p50=-12.00 p05=-12.00 p95=-12.00
  [diag] sat-dist hist bins=60 sat<0.05=0.0% mean=0.730 p10=0.605 p90=0.948
Iter 0007480: train nll 0.668, valid error 044.910%, best valid error 017.910%, avg grad norm  39.048, avg grad norm (post clip)   1.053, rho_Whh  1.10, Omega  0.00, alpha  2.000, steps in the past 0.000, valid nll 0.733
  [diag] log10|dL/dh_t| hist bins=60 range=(-12.50,-11.50) mean=-12.00 p50=-12.00 p05=-12.00 p95=-12.00
  [diag] sat-dist hist bins=60 sat<0.05=0.0% mean=0.732 p10=0.610 p90=0.949
Iter 0007500: train nll 0.768, valid error 054.350%, best valid error 017.910%, avg grad norm  72.169, avg grad norm (post clip)   1.053, rho_Whh  1.11, Omega  0.00, alpha  2.000, steps in the past 0.000, valid nll 0.946
  [diag] log10|dL/dh_t| hist bins=60 range=(-12.50,-11.50) mean=-12.00 p50=-12.00 p05=-12.00 p95=-12.00
  [diag] sat-dist hist bins=60 sat<0.05=0.0% mean=0.734 p10=0.619 p90=0.945
Iter 0007520: train nll 0.782, valid error 053.590%, best valid error 017.910%, avg grad norm  63.692, avg grad norm (post clip)   1.053, rho_Whh  1.12, Omega  0.00, alpha  2.000, steps in the past 0.000, valid nll 0.915
  [diag] log10|dL/dh_t| hist bins=60 range=(-12.50,-11.50) mean=-12.00 p50=-12.00 p05=-12.00 p95=-12.00
  [diag] sat-dist hist bins=60 sat<0.05=0.0% mean=0.719 p10=0.594 p90=0.946
Iter 0007540: train nll 0.694, valid error 036.600%, best valid error 017.910%, avg grad norm  48.090, avg grad norm (post clip)   1.053, rho_Whh  1.11, Omega  0.00, alpha  2.000, steps in the past 0.000, valid nll 0.663
  [diag] log10|dL/dh_t| hist bins=60 range=(-12.50,-11.50) mean=-12.00 p50=-12.00 p05=-12.00 p95=-12.00
  [diag] sat-dist hist bins=60 sat<0.05=0.0% mean=0.721 p10=0.598 p90=0.938
Iter 0007560: train nll 0.674, valid error 043.540%, best valid error 017.910%, avg grad norm  31.845, avg grad norm (post clip)   1.053, rho_Whh  1.11, Omega  0.00, alpha  2.000, steps in the past 0.000, valid nll 0.702
  [diag] log10|dL/dh_t| hist bins=60 range=(-12.50,-11.50) mean=-12.00 p50=-12.00 p05=-12.00 p95=-12.00
  [diag] sat-dist hist bins=60 sat<0.05=0.0% mean=0.719 p10=0.594 p90=0.938
Iter 0007580: train nll 0.635, valid error 040.700%, best valid error 017.910%, avg grad norm  31.020, avg grad norm (post clip)   1.053, rho_Whh  1.11, Omega  0.00, alpha  2.000, steps in the past 0.000, valid nll 0.672
  [diag] log10|dL/dh_t| hist bins=60 range=(-12.50,-11.50) mean=-12.00 p50=-12.00 p05=-12.00 p95=-12.00
  [diag] sat-dist hist bins=60 sat<0.05=0.0% mean=0.712 p10=0.594 p90=0.940
Iter 0007600: train nll 0.689, valid error 030.320%, best valid error 017.910%, avg grad norm  35.904, avg grad norm (post clip)   1.053, rho_Whh  1.11, Omega  0.00, alpha  2.000, steps in the past 0.000, valid nll 0.663
  [diag] log10|dL/dh_t| hist bins=60 range=(-12.50,-11.50) mean=-12.00 p50=-12.00 p05=-12.00 p95=-12.00
  [diag] sat-dist hist bins=60 sat<0.05=0.0% mean=0.719 p10=0.601 p90=0.929
Iter 0007620: train nll 0.698, valid error 041.670%, best valid error 017.910%, avg grad norm  45.005, avg grad norm (post clip)   1.053, rho_Whh  1.12, Omega  0.00, alpha  2.000, steps in the past 0.000, valid nll 0.684
  [diag] log10|dL/dh_t| hist bins=60 range=(-12.50,-11.50) mean=-12.00 p50=-12.00 p05=-12.00 p95=-12.00
  [diag] sat-dist hist bins=60 sat<0.05=0.0% mean=0.713 p10=0.586 p90=0.924
Iter 0007640: train nll 0.660, valid error 042.740%, best valid error 017.910%, avg grad norm  33.691, avg grad norm (post clip)   1.053, rho_Whh  1.11, Omega  0.00, alpha  2.000, steps in the past 0.000, valid nll 0.693
  [diag] log10|dL/dh_t| hist bins=60 range=(-12.50,-11.50) mean=-12.00 p50=-12.00 p05=-12.00 p95=-12.00
  [diag] sat-dist hist bins=60 sat<0.05=0.0% mean=0.719 p10=0.602 p90=0.928
Iter 0007660: train nll 0.701, valid error 029.300%, best valid error 017.910%, avg grad norm  47.645, avg grad norm (post clip)   1.053, rho_Whh  1.11, Omega  0.00, alpha  2.000, steps in the past 0.000, valid nll 0.625
  [diag] log10|dL/dh_t| hist bins=60 range=(-12.50,-11.50) mean=-12.00 p50=-12.00 p05=-12.00 p95=-12.00
  [diag] sat-dist hist bins=60 sat<0.05=0.0% mean=0.742 p10=0.640 p90=0.939
Iter 0007680: train nll 0.728, valid error 028.630%, best valid error 017.910%, avg grad norm  58.201, avg grad norm (post clip)   1.053, rho_Whh  1.12, Omega  0.00, alpha  2.000, steps in the past 0.000, valid nll 0.664
  [diag] log10|dL/dh_t| hist bins=60 range=(-12.50,-11.50) mean=-12.00 p50=-12.00 p05=-12.00 p95=-12.00
  [diag] sat-dist hist bins=60 sat<0.05=0.0% mean=0.718 p10=0.610 p90=0.933
Iter 0007700: train nll 0.680, valid error 051.150%, best valid error 017.910%, avg grad norm  51.192, avg grad norm (post clip)   1.053, rho_Whh  1.12, Omega  0.00, alpha  2.000, steps in the past 0.000, valid nll 0.948
  [diag] log10|dL/dh_t| hist bins=60 range=(-12.50,-11.50) mean=-12.00 p50=-12.00 p05=-12.00 p95=-12.00
  [diag] sat-dist hist bins=60 sat<0.05=0.0% mean=0.719 p10=0.598 p90=0.934
Iter 0007720: train nll 0.691, valid error 034.860%, best valid error 017.910%, avg grad norm  47.740, avg grad norm (post clip)   1.053, rho_Whh  1.12, Omega  0.00, alpha  2.000, steps in the past 0.000, valid nll 0.642
  [diag] log10|dL/dh_t| hist bins=60 range=(-12.50,-11.50) mean=-12.00 p50=-12.00 p05=-12.00 p95=-12.00
  [diag] sat-dist hist bins=60 sat<0.05=0.0% mean=0.717 p10=0.597 p90=0.933
Iter 0007740: train nll 0.679, valid error 036.980%, best valid error 017.910%, avg grad norm  45.071, avg grad norm (post clip)   1.053, rho_Whh  1.11, Omega  0.00, alpha  2.000, steps in the past 0.000, valid nll 0.661
  [diag] log10|dL/dh_t| hist bins=60 range=(-12.50,-11.50) mean=-12.00 p50=-12.00 p05=-12.00 p95=-12.00
  [diag] sat-dist hist bins=60 sat<0.05=0.0% mean=0.718 p10=0.596 p90=0.936
Iter 0007760: train nll 0.684, valid error 049.870%, best valid error 017.910%, avg grad norm  48.059, avg grad norm (post clip)   1.053, rho_Whh  1.11, Omega  0.00, alpha  2.000, steps in the past 0.000, valid nll 0.832
  [diag] log10|dL/dh_t| hist bins=60 range=(-12.50,-11.50) mean=-12.00 p50=-12.00 p05=-12.00 p95=-12.00
  [diag] sat-dist hist bins=60 sat<0.05=0.0% mean=0.710 p10=0.586 p90=0.929
Iter 0007780: train nll 0.706, valid error 038.300%, best valid error 017.910%, avg grad norm  58.405, avg grad norm (post clip)   1.053, rho_Whh  1.10, Omega  0.00, alpha  2.000, steps in the past 0.000, valid nll 0.660
  [diag] log10|dL/dh_t| hist bins=60 range=(-12.50,-11.50) mean=-12.00 p50=-12.00 p05=-12.00 p95=-12.00
  [diag] sat-dist hist bins=60 sat<0.05=0.0% mean=0.713 p10=0.588 p90=0.933
Iter 0007800: train nll 0.669, valid error 034.270%, best valid error 017.910%, avg grad norm  40.075, avg grad norm (post clip)   1.053, rho_Whh  1.11, Omega  0.00, alpha  2.000, steps in the past 0.000, valid nll 0.640
  [diag] log10|dL/dh_t| hist bins=60 range=(-12.50,-11.50) mean=-12.00 p50=-12.00 p05=-12.00 p95=-12.00
  [diag] sat-dist hist bins=60 sat<0.05=0.0% mean=0.731 p10=0.614 p90=0.935
Iter 0007820: train nll 0.710, valid error 022.570%, best valid error 017.910%, avg grad norm  55.939, avg grad norm (post clip)   1.053, rho_Whh  1.12, Omega  0.00, alpha  2.000, steps in the past 0.000, valid nll 0.577
  [diag] log10|dL/dh_t| hist bins=60 range=(-12.50,-11.50) mean=-12.00 p50=-12.00 p05=-12.00 p95=-12.00
  [diag] sat-dist hist bins=60 sat<0.05=0.0% mean=0.718 p10=0.594 p90=0.942
Iter 0007840: train nll 0.686, valid error 032.270%, best valid error 017.910%, avg grad norm  54.181, avg grad norm (post clip)   1.053, rho_Whh  1.11, Omega  0.00, alpha  2.000, steps in the past 0.000, valid nll 0.628
  [diag] log10|dL/dh_t| hist bins=60 range=(-12.50,-11.50) mean=-12.00 p50=-12.00 p05=-12.00 p95=-12.00
  [diag] sat-dist hist bins=60 sat<0.05=0.0% mean=0.717 p10=0.592 p90=0.947
Iter 0007860: train nll 0.684, valid error 044.280%, best valid error 017.910%, avg grad norm  43.846, avg grad norm (post clip)   1.053, rho_Whh  1.11, Omega  0.00, alpha  2.000, steps in the past 0.000, valid nll 0.724
  [diag] log10|dL/dh_t| hist bins=60 range=(-12.50,-11.50) mean=-12.00 p50=-12.00 p05=-12.00 p95=-12.00
  [diag] sat-dist hist bins=60 sat<0.05=0.0% mean=0.712 p10=0.584 p90=0.944
Iter 0007880: train nll 0.682, valid error 039.710%, best valid error 017.910%, avg grad norm  39.982, avg grad norm (post clip)   1.053, rho_Whh  1.11, Omega  0.00, alpha  2.000, steps in the past 0.000, valid nll 0.684
  [diag] log10|dL/dh_t| hist bins=60 range=(-12.50,-11.50) mean=-12.00 p50=-12.00 p05=-12.00 p95=-12.00
  [diag] sat-dist hist bins=60 sat<0.05=0.0% mean=0.725 p10=0.602 p90=0.944
Iter 0007900: train nll 0.684, valid error 039.790%, best valid error 017.910%, avg grad norm  41.000, avg grad norm (post clip)   1.053, rho_Whh  1.12, Omega  0.00, alpha  2.000, steps in the past 0.000, valid nll 0.712
  [diag] log10|dL/dh_t| hist bins=60 range=(-12.50,-11.50) mean=-12.00 p50=-12.00 p05=-12.00 p95=-12.00
  [diag] sat-dist hist bins=60 sat<0.05=0.0% mean=0.717 p10=0.590 p90=0.951
Iter 0007920: train nll 0.663, valid error 047.070%, best valid error 017.910%, avg grad norm  49.045, avg grad norm (post clip)   1.053, rho_Whh  1.11, Omega  0.00, alpha  2.000, steps in the past 0.000, valid nll 0.751
  [diag] log10|dL/dh_t| hist bins=60 range=(-12.50,-11.50) mean=-12.00 p50=-12.00 p05=-12.00 p95=-12.00
  [diag] sat-dist hist bins=60 sat<0.05=0.0% mean=0.712 p10=0.583 p90=0.957
Iter 0007940: train nll 0.759, valid error 037.130%, best valid error 017.910%, avg grad norm  81.327, avg grad norm (post clip)   1.053, rho_Whh  1.11, Omega  0.00, alpha  2.000, steps in the past 0.000, valid nll 0.666
  [diag] log10|dL/dh_t| hist bins=60 range=(-12.50,-11.50) mean=-12.00 p50=-12.00 p05=-12.00 p95=-12.00
  [diag] sat-dist hist bins=60 sat<0.05=0.0% mean=0.718 p10=0.594 p90=0.949
Iter 0007960: train nll 0.660, valid error 037.250%, best valid error 017.910%, avg grad norm  37.694, avg grad norm (post clip)   1.053, rho_Whh  1.11, Omega  0.00, alpha  2.000, steps in the past 0.000, valid nll 0.634
  [diag] log10|dL/dh_t| hist bins=60 range=(-12.50,-11.50) mean=-12.00 p50=-12.00 p05=-12.00 p95=-12.00
  [diag] sat-dist hist bins=60 sat<0.05=0.0% mean=0.710 p10=0.580 p90=0.956
Iter 0007980: train nll 0.658, valid error 035.890%, best valid error 017.910%, avg grad norm  39.262, avg grad norm (post clip)   1.053, rho_Whh  1.11, Omega  0.00, alpha  2.000, steps in the past 0.000, valid nll 0.643
  [diag] log10|dL/dh_t| hist bins=60 range=(-12.50,-11.50) mean=-12.00 p50=-12.00 p05=-12.00 p95=-12.00
  [diag] sat-dist hist bins=60 sat<0.05=0.0% mean=0.710 p10=0.580 p90=0.953
Iter 0008000: train nll 0.656, valid error 032.960%, best valid error 017.910%, avg grad norm  35.521, avg grad norm (post clip)   1.053, rho_Whh  1.11, Omega  0.00, alpha  2.000, steps in the past 0.000, valid nll 0.638
  [diag] log10|dL/dh_t| hist bins=60 range=(-12.50,-11.50) mean=-12.00 p50=-12.00 p05=-12.00 p95=-12.00
  [diag] sat-dist hist bins=60 sat<0.05=0.0% mean=0.712 p10=0.588 p90=0.944
Iter 0008020: train nll 0.716, valid error 026.320%, best valid error 017.910%, avg grad norm  56.879, avg grad norm (post clip)   1.053, rho_Whh  1.12, Omega  0.00, alpha  2.000, steps in the past 0.000, valid nll 0.592
  [diag] log10|dL/dh_t| hist bins=60 range=(-12.50,-11.50) mean=-12.00 p50=-12.00 p05=-12.00 p95=-12.00
  [diag] sat-dist hist bins=60 sat<0.05=0.0% mean=0.711 p10=0.582 p90=0.944
Iter 0008040: train nll 0.684, valid error 036.510%, best valid error 017.910%, avg grad norm  44.310, avg grad norm (post clip)   1.053, rho_Whh  1.12, Omega  0.00, alpha  2.000, steps in the past 0.000, valid nll 0.654
  [diag] log10|dL/dh_t| hist bins=60 range=(-12.50,-11.50) mean=-12.00 p50=-12.00 p05=-12.00 p95=-12.00
  [diag] sat-dist hist bins=60 sat<0.05=0.0% mean=0.713 p10=0.589 p90=0.939
Iter 0008060: train nll 0.681, valid error 041.680%, best valid error 017.910%, avg grad norm  39.774, avg grad norm (post clip)   1.053, rho_Whh  1.12, Omega  0.00, alpha  2.000, steps in the past 0.000, valid nll 0.680
  [diag] log10|dL/dh_t| hist bins=60 range=(-12.50,-11.50) mean=-12.00 p50=-12.00 p05=-12.00 p95=-12.00
  [diag] sat-dist hist bins=60 sat<0.05=0.0% mean=0.714 p10=0.590 p90=0.943
Iter 0008080: train nll 0.667, valid error 037.990%, best valid error 017.910%, avg grad norm  39.432, avg grad norm (post clip)   1.053, rho_Whh  1.12, Omega  0.00, alpha  2.000, steps in the past 0.000, valid nll 0.649
  [diag] log10|dL/dh_t| hist bins=60 range=(-12.50,-11.50) mean=-12.00 p50=-12.00 p05=-12.00 p95=-12.00
  [diag] sat-dist hist bins=60 sat<0.05=0.0% mean=0.704 p10=0.579 p90=0.932
Iter 0008100: train nll 0.631, valid error 037.260%, best valid error 017.910%, avg grad norm  34.629, avg grad norm (post clip)   1.053, rho_Whh  1.11, Omega  0.00, alpha  2.000, steps in the past 0.000, valid nll 0.646
  [diag] log10|dL/dh_t| hist bins=60 range=(-12.50,-11.50) mean=-12.00 p50=-12.00 p05=-12.00 p95=-12.00
  [diag] sat-dist hist bins=60 sat<0.05=0.0% mean=0.713 p10=0.590 p90=0.941
Iter 0008120: train nll 0.710, valid error 035.930%, best valid error 017.910%, avg grad norm  61.367, avg grad norm (post clip)   1.053, rho_Whh  1.12, Omega  0.00, alpha  2.000, steps in the past 0.000, valid nll 0.649
  [diag] log10|dL/dh_t| hist bins=60 range=(-12.50,-11.50) mean=-12.00 p50=-12.00 p05=-12.00 p95=-12.00
  [diag] sat-dist hist bins=60 sat<0.05=0.0% mean=0.711 p10=0.585 p90=0.939
Iter 0008140: train nll 0.649, valid error 039.090%, best valid error 017.910%, avg grad norm  37.330, avg grad norm (post clip)   1.053, rho_Whh  1.12, Omega  0.00, alpha  2.000, steps in the past 0.000, valid nll 0.667
  [diag] log10|dL/dh_t| hist bins=60 range=(-12.50,-11.50) mean=-12.00 p50=-12.00 p05=-12.00 p95=-12.00
  [diag] sat-dist hist bins=60 sat<0.05=0.0% mean=0.712 p10=0.583 p90=0.942
Iter 0008160: train nll 0.682, valid error 042.270%, best valid error 017.910%, avg grad norm  47.929, avg grad norm (post clip)   1.053, rho_Whh  1.12, Omega  0.00, alpha  2.000, steps in the past 0.000, valid nll 0.696
  [diag] log10|dL/dh_t| hist bins=60 range=(-12.50,-11.50) mean=-12.00 p50=-12.00 p05=-12.00 p95=-12.00
  [diag] sat-dist hist bins=60 sat<0.05=0.0% mean=0.716 p10=0.595 p90=0.941
Iter 0008180: train nll 0.664, valid error 041.810%, best valid error 017.910%, avg grad norm  38.606, avg grad norm (post clip)   1.053, rho_Whh  1.13, Omega  0.00, alpha  2.000, steps in the past 0.000, valid nll 0.665
  [diag] log10|dL/dh_t| hist bins=60 range=(-12.50,-11.50) mean=-12.00 p50=-12.00 p05=-12.00 p95=-12.00
  [diag] sat-dist hist bins=60 sat<0.05=0.0% mean=0.704 p10=0.589 p90=0.924
Iter 0008200: train nll 0.726, valid error 029.240%, best valid error 017.910%, avg grad norm  60.967, avg grad norm (post clip)   1.053, rho_Whh  1.12, Omega  0.00, alpha  2.000, steps in the past 0.000, valid nll 0.637
  [diag] log10|dL/dh_t| hist bins=60 range=(-12.50,-11.50) mean=-12.00 p50=-12.00 p05=-12.00 p95=-12.00
  [diag] sat-dist hist bins=60 sat<0.05=0.0% mean=0.710 p10=0.589 p90=0.918
Iter 0008220: train nll 0.643, valid error 036.400%, best valid error 017.910%, avg grad norm  37.864, avg grad norm (post clip)   1.053, rho_Whh  1.12, Omega  0.00, alpha  2.000, steps in the past 0.000, valid nll 0.640
  [diag] log10|dL/dh_t| hist bins=60 range=(-12.50,-11.50) mean=-12.00 p50=-12.00 p05=-12.00 p95=-12.00
  [diag] sat-dist hist bins=60 sat<0.05=0.0% mean=0.710 p10=0.584 p90=0.925
Iter 0008240: train nll 0.672, valid error 037.930%, best valid error 017.910%, avg grad norm  42.790, avg grad norm (post clip)   1.053, rho_Whh  1.12, Omega  0.00, alpha  2.000, steps in the past 0.000, valid nll 0.642
  [diag] log10|dL/dh_t| hist bins=60 range=(-12.50,-11.50) mean=-12.00 p50=-12.00 p05=-12.00 p95=-12.00
  [diag] sat-dist hist bins=60 sat<0.05=0.0% mean=0.713 p10=0.591 p90=0.927
Iter 0008260: train nll 0.670, valid error 042.030%, best valid error 017.910%, avg grad norm  44.003, avg grad norm (post clip)   1.053, rho_Whh  1.12, Omega  0.00, alpha  2.000, steps in the past 0.000, valid nll 0.672
  [diag] log10|dL/dh_t| hist bins=60 range=(-12.50,-11.50) mean=-12.00 p50=-12.00 p05=-12.00 p95=-12.00
  [diag] sat-dist hist bins=60 sat<0.05=0.0% mean=0.715 p10=0.592 p90=0.923
Iter 0008280: train nll 0.639, valid error 041.480%, best valid error 017.910%, avg grad norm  38.699, avg grad norm (post clip)   1.053, rho_Whh  1.12, Omega  0.00, alpha  2.000, steps in the past 0.000, valid nll 0.662
  [diag] log10|dL/dh_t| hist bins=60 range=(-12.50,-11.50) mean=-12.00 p50=-12.00 p05=-12.00 p95=-12.00
  [diag] sat-dist hist bins=60 sat<0.05=0.0% mean=0.716 p10=0.593 p90=0.926
Iter 0008300: train nll 0.680, valid error 047.090%, best valid error 017.910%, avg grad norm  43.666, avg grad norm (post clip)   1.053, rho_Whh  1.13, Omega  0.00, alpha  2.000, steps in the past 0.000, valid nll 0.763
  [diag] log10|dL/dh_t| hist bins=60 range=(-12.50,-11.50) mean=-12.00 p50=-12.00 p05=-12.00 p95=-12.00
  [diag] sat-dist hist bins=60 sat<0.05=0.0% mean=0.721 p10=0.601 p90=0.931
Iter 0008320: train nll 0.703, valid error 049.440%, best valid error 017.910%, avg grad norm  54.218, avg grad norm (post clip)   1.053, rho_Whh  1.13, Omega  0.00, alpha  2.000, steps in the past 0.000, valid nll 0.824
  [diag] log10|dL/dh_t| hist bins=60 range=(-12.50,-11.50) mean=-12.00 p50=-12.00 p05=-12.00 p95=-12.00
  [diag] sat-dist hist bins=60 sat<0.05=0.0% mean=0.711 p10=0.589 p90=0.929
Iter 0008340: train nll 0.709, valid error 040.490%, best valid error 017.910%, avg grad norm  79.992, avg grad norm (post clip)   1.053, rho_Whh  1.11, Omega  0.00, alpha  2.000, steps in the past 0.000, valid nll 0.673
  [diag] log10|dL/dh_t| hist bins=60 range=(-12.50,-11.50) mean=-12.00 p50=-12.00 p05=-12.00 p95=-12.00
  [diag] sat-dist hist bins=60 sat<0.05=0.0% mean=0.713 p10=0.589 p90=0.931
Iter 0008360: train nll 0.661, valid error 040.850%, best valid error 017.910%, avg grad norm  37.038, avg grad norm (post clip)   1.053, rho_Whh  1.11, Omega  0.00, alpha  2.000, steps in the past 0.000, valid nll 0.669
  [diag] log10|dL/dh_t| hist bins=60 range=(-12.50,-11.50) mean=-12.00 p50=-12.00 p05=-12.00 p95=-12.00
  [diag] sat-dist hist bins=60 sat<0.05=0.0% mean=0.714 p10=0.590 p90=0.927
Iter 0008380: train nll 0.668, valid error 040.280%, best valid error 017.910%, avg grad norm  38.581, avg grad norm (post clip)   1.053, rho_Whh  1.11, Omega  0.00, alpha  2.000, steps in the past 0.000, valid nll 0.662
  [diag] log10|dL/dh_t| hist bins=60 range=(-12.50,-11.50) mean=-12.00 p50=-12.00 p05=-12.00 p95=-12.00
  [diag] sat-dist hist bins=60 sat<0.05=0.0% mean=0.717 p10=0.596 p90=0.924
Iter 0008400: train nll 0.682, valid error 036.650%, best valid error 017.910%, avg grad norm  42.152, avg grad norm (post clip)   1.053, rho_Whh  1.12, Omega  0.00, alpha  2.000, steps in the past 0.000, valid nll 0.654
  [diag] log10|dL/dh_t| hist bins=60 range=(-12.50,-11.50) mean=-12.00 p50=-12.00 p05=-12.00 p95=-12.00
  [diag] sat-dist hist bins=60 sat<0.05=0.0% mean=0.717 p10=0.598 p90=0.921
Iter 0008420: train nll 0.746, valid error 017.620%, best valid error 017.910%, avg grad norm  61.833, avg grad norm (post clip)   1.053, rho_Whh  1.12, Omega  0.00, alpha  2.000, steps in the past 0.000, valid nll 0.554
  [diag] log10|dL/dh_t| hist bins=60 range=(-12.50,-11.50) mean=-12.00 p50=-12.00 p05=-12.00 p95=-12.00
  [diag] sat-dist hist bins=60 sat<0.05=0.0% mean=0.716 p10=0.594 p90=0.932
Iter 0008440: train nll 0.727, valid error 032.300%, best valid error 017.620%, avg grad norm  82.706, avg grad norm (post clip)   1.053, rho_Whh  1.12, Omega  0.00, alpha  2.000, steps in the past 0.000, valid nll 0.619
  [diag] log10|dL/dh_t| hist bins=60 range=(-12.50,-11.50) mean=-12.00 p50=-12.00 p05=-12.00 p95=-12.00
  [diag] sat-dist hist bins=60 sat<0.05=0.0% mean=0.721 p10=0.604 p90=0.930
Iter 0008460: train nll 0.655, valid error 041.570%, best valid error 017.620%, avg grad norm  55.468, avg grad norm (post clip)   1.053, rho_Whh  1.12, Omega  0.00, alpha  2.000, steps in the past 0.000, valid nll 0.748
  [diag] log10|dL/dh_t| hist bins=60 range=(-12.50,-11.50) mean=-12.00 p50=-12.00 p05=-12.00 p95=-12.00
  [diag] sat-dist hist bins=60 sat<0.05=0.0% mean=0.711 p10=0.587 p90=0.929
Iter 0008480: train nll 0.657, valid error 034.990%, best valid error 017.620%, avg grad norm  40.932, avg grad norm (post clip)   1.053, rho_Whh  1.12, Omega  0.00, alpha  2.000, steps in the past 0.000, valid nll 0.634
  [diag] log10|dL/dh_t| hist bins=60 range=(-12.50,-11.50) mean=-12.00 p50=-12.00 p05=-12.00 p95=-12.00
  [diag] sat-dist hist bins=60 sat<0.05=0.0% mean=0.713 p10=0.590 p90=0.934
Iter 0008500: train nll 0.646, valid error 040.970%, best valid error 017.620%, avg grad norm  46.566, avg grad norm (post clip)   1.053, rho_Whh  1.11, Omega  0.00, alpha  2.000, steps in the past 0.000, valid nll 0.684
  [diag] log10|dL/dh_t| hist bins=60 range=(-12.50,-11.50) mean=-12.00 p50=-12.00 p05=-12.00 p95=-12.00
  [diag] sat-dist hist bins=60 sat<0.05=0.0% mean=0.712 p10=0.587 p90=0.933
Iter 0008520: train nll 0.672, valid error 040.220%, best valid error 017.620%, avg grad norm  39.855, avg grad norm (post clip)   1.053, rho_Whh  1.11, Omega  0.00, alpha  2.000, steps in the past 0.000, valid nll 0.679
  [diag] log10|dL/dh_t| hist bins=60 range=(-12.50,-11.50) mean=-12.00 p50=-12.00 p05=-12.00 p95=-12.00
  [diag] sat-dist hist bins=60 sat<0.05=0.0% mean=0.716 p10=0.592 p90=0.929
Iter 0008540: train nll 0.629, valid error 037.430%, best valid error 017.620%, avg grad norm  34.952, avg grad norm (post clip)   1.053, rho_Whh  1.12, Omega  0.00, alpha  2.000, steps in the past 0.000, valid nll 0.650
  [diag] log10|dL/dh_t| hist bins=60 range=(-12.50,-11.50) mean=-12.00 p50=-12.00 p05=-12.00 p95=-12.00
  [diag] sat-dist hist bins=60 sat<0.05=0.0% mean=0.708 p10=0.584 p90=0.926
Iter 0008560: train nll 0.680, valid error 041.520%, best valid error 017.620%, avg grad norm  42.564, avg grad norm (post clip)   1.053, rho_Whh  1.11, Omega  0.00, alpha  2.000, steps in the past 0.000, valid nll 0.692
  [diag] log10|dL/dh_t| hist bins=60 range=(-12.50,-11.50) mean=-12.00 p50=-12.00 p05=-12.00 p95=-12.00
  [diag] sat-dist hist bins=60 sat<0.05=0.0% mean=0.709 p10=0.584 p90=0.926
Iter 0008580: train nll 0.619, valid error 038.620%, best valid error 017.620%, avg grad norm  32.841, avg grad norm (post clip)   1.053, rho_Whh  1.12, Omega  0.00, alpha  2.000, steps in the past 0.000, valid nll 0.666
  [diag] log10|dL/dh_t| hist bins=60 range=(-12.50,-11.50) mean=-12.00 p50=-12.00 p05=-12.00 p95=-12.00
  [diag] sat-dist hist bins=60 sat<0.05=0.0% mean=0.712 p10=0.586 p90=0.923
Iter 0008600: train nll 0.655, valid error 025.280%, best valid error 017.620%, avg grad norm  46.007, avg grad norm (post clip)   1.053, rho_Whh  1.12, Omega  0.00, alpha  2.000, steps in the past 0.000, valid nll 0.581
  [diag] log10|dL/dh_t| hist bins=60 range=(-12.50,-11.50) mean=-12.00 p50=-12.00 p05=-12.00 p95=-12.00
  [diag] sat-dist hist bins=60 sat<0.05=0.0% mean=0.711 p10=0.585 p90=0.923
Iter 0008620: train nll 0.659, valid error 026.360%, best valid error 017.620%, avg grad norm  76.982, avg grad norm (post clip)   1.053, rho_Whh  1.12, Omega  0.00, alpha  2.000, steps in the past 0.000, valid nll 0.583
  [diag] log10|dL/dh_t| hist bins=60 range=(-12.50,-11.50) mean=-12.00 p50=-12.00 p05=-12.00 p95=-12.00
  [diag] sat-dist hist bins=60 sat<0.05=0.0% mean=0.712 p10=0.586 p90=0.925
Iter 0008640: train nll 0.644, valid error 038.600%, best valid error 017.620%, avg grad norm  37.334, avg grad norm (post clip)   1.053, rho_Whh  1.12, Omega  0.00, alpha  2.000, steps in the past 0.000, valid nll 0.641
  [diag] log10|dL/dh_t| hist bins=60 range=(-12.50,-11.50) mean=-12.00 p50=-12.00 p05=-12.00 p95=-12.00
  [diag] sat-dist hist bins=60 sat<0.05=0.0% mean=0.711 p10=0.584 p90=0.925
Iter 0008660: train nll 0.669, valid error 039.490%, best valid error 017.620%, avg grad norm  43.632, avg grad norm (post clip)   1.053, rho_Whh  1.13, Omega  0.00, alpha  2.000, steps in the past 0.000, valid nll 0.639
  [diag] log10|dL/dh_t| hist bins=60 range=(-12.50,-11.50) mean=-12.00 p50=-12.00 p05=-12.00 p95=-12.00
  [diag] sat-dist hist bins=60 sat<0.05=0.0% mean=0.712 p10=0.584 p90=0.925
Iter 0008680: train nll 0.653, valid error 037.230%, best valid error 017.620%, avg grad norm  41.763, avg grad norm (post clip)   1.053, rho_Whh  1.13, Omega  0.00, alpha  2.000, steps in the past 0.000, valid nll 0.637
  [diag] log10|dL/dh_t| hist bins=60 range=(-12.50,-11.50) mean=-12.00 p50=-12.00 p05=-12.00 p95=-12.00
  [diag] sat-dist hist bins=60 sat<0.05=0.0% mean=0.712 p10=0.585 p90=0.923
Iter 0008700: train nll 0.613, valid error 035.750%, best valid error 017.620%, avg grad norm  35.035, avg grad norm (post clip)   1.053, rho_Whh  1.13, Omega  0.00, alpha  2.000, steps in the past 0.000, valid nll 0.624
  [diag] log10|dL/dh_t| hist bins=60 range=(-12.50,-11.50) mean=-12.00 p50=-12.00 p05=-12.00 p95=-12.00
  [diag] sat-dist hist bins=60 sat<0.05=0.0% mean=0.718 p10=0.596 p90=0.922
Iter 0008720: train nll 0.649, valid error 044.260%, best valid error 017.620%, avg grad norm  41.136, avg grad norm (post clip)   1.053, rho_Whh  1.13, Omega  0.00, alpha  2.000, steps in the past 0.000, valid nll 0.705
  [diag] log10|dL/dh_t| hist bins=60 range=(-12.50,-11.50) mean=-12.00 p50=-12.00 p05=-12.00 p95=-12.00
  [diag] sat-dist hist bins=60 sat<0.05=0.0% mean=0.706 p10=0.583 p90=0.915
Iter 0008740: train nll 0.702, valid error 040.100%, best valid error 017.620%, avg grad norm  84.534, avg grad norm (post clip)   1.053, rho_Whh  1.12, Omega  0.00, alpha  2.000, steps in the past 0.000, valid nll 0.640
  [diag] log10|dL/dh_t| hist bins=60 range=(-12.50,-11.50) mean=-12.00 p50=-12.00 p05=-12.00 p95=-12.00
  [diag] sat-dist hist bins=60 sat<0.05=0.0% mean=0.706 p10=0.586 p90=0.913
Iter 0008760: train nll 0.626, valid error 038.530%, best valid error 017.620%, avg grad norm  36.856, avg grad norm (post clip)   1.053, rho_Whh  1.12, Omega  0.00, alpha  2.000, steps in the past 0.000, valid nll 0.662
  [diag] log10|dL/dh_t| hist bins=60 range=(-12.50,-11.50) mean=-12.00 p50=-12.00 p05=-12.00 p95=-12.00
  [diag] sat-dist hist bins=60 sat<0.05=0.0% mean=0.709 p10=0.593 p90=0.911
Iter 0008780: train nll 0.651, valid error 035.590%, best valid error 017.620%, avg grad norm  39.849, avg grad norm (post clip)   1.053, rho_Whh  1.12, Omega  0.00, alpha  2.000, steps in the past 0.000, valid nll 0.653
  [diag] log10|dL/dh_t| hist bins=60 range=(-12.50,-11.50) mean=-12.00 p50=-12.00 p05=-12.00 p95=-12.00
  [diag] sat-dist hist bins=60 sat<0.05=0.0% mean=0.709 p10=0.587 p90=0.910
Iter 0008800: train nll 0.657, valid error 042.680%, best valid error 017.620%, avg grad norm  38.018, avg grad norm (post clip)   1.053, rho_Whh  1.13, Omega  0.00, alpha  2.000, steps in the past 0.000, valid nll 0.656
  [diag] log10|dL/dh_t| hist bins=60 range=(-12.50,-11.50) mean=-12.00 p50=-12.00 p05=-12.00 p95=-12.00
  [diag] sat-dist hist bins=60 sat<0.05=0.0% mean=0.714 p10=0.594 p90=0.910
Iter 0008820: train nll 0.646, valid error 037.140%, best valid error 017.620%, avg grad norm  42.761, avg grad norm (post clip)   1.053, rho_Whh  1.13, Omega  0.00, alpha  2.000, steps in the past 0.000, valid nll 0.612
  [diag] log10|dL/dh_t| hist bins=60 range=(-12.50,-11.50) mean=-12.00 p50=-12.00 p05=-12.00 p95=-12.00
  [diag] sat-dist hist bins=60 sat<0.05=0.0% mean=0.706 p10=0.581 p90=0.904
Iter 0008840: train nll 0.650, valid error 041.050%, best valid error 017.620%, avg grad norm  47.910, avg grad norm (post clip)   1.053, rho_Whh  1.13, Omega  0.00, alpha  2.000, steps in the past 0.000, valid nll 0.647
  [diag] log10|dL/dh_t| hist bins=60 range=(-12.50,-11.50) mean=-12.00 p50=-12.00 p05=-12.00 p95=-12.00
  [diag] sat-dist hist bins=60 sat<0.05=0.0% mean=0.714 p10=0.594 p90=0.908
Iter 0008860: train nll 0.648, valid error 045.530%, best valid error 017.620%, avg grad norm  39.040, avg grad norm (post clip)   1.053, rho_Whh  1.13, Omega  0.00, alpha  2.000, steps in the past 0.000, valid nll 0.718
  [diag] log10|dL/dh_t| hist bins=60 range=(-12.50,-11.50) mean=-12.00 p50=-12.00 p05=-12.00 p95=-12.00
  [diag] sat-dist hist bins=60 sat<0.05=0.0% mean=0.708 p10=0.588 p90=0.911
Iter 0008880: train nll 0.694, valid error 036.740%, best valid error 017.620%, avg grad norm 100.806, avg grad norm (post clip)   1.053, rho_Whh  1.12, Omega  0.00, alpha  2.000, steps in the past 0.000, valid nll 0.638
  [diag] log10|dL/dh_t| hist bins=60 range=(-12.50,-11.50) mean=-12.00 p50=-12.00 p05=-12.00 p95=-12.00
  [diag] sat-dist hist bins=60 sat<0.05=0.0% mean=0.716 p10=0.597 p90=0.919
Iter 0008900: train nll 0.751, valid error 049.410%, best valid error 017.620%, avg grad norm 100.858, avg grad norm (post clip)   1.053, rho_Whh  1.13, Omega  0.00, alpha  2.000, steps in the past 0.000, valid nll 0.849
  [diag] log10|dL/dh_t| hist bins=60 range=(-12.50,-11.50) mean=-12.00 p50=-12.00 p05=-12.00 p95=-12.00
  [diag] sat-dist hist bins=60 sat<0.05=0.0% mean=0.717 p10=0.596 p90=0.922
Iter 0008920: train nll 0.646, valid error 033.480%, best valid error 017.620%, avg grad norm  53.366, avg grad norm (post clip)   1.053, rho_Whh  1.13, Omega  0.00, alpha  2.000, steps in the past 0.000, valid nll 0.603
  [diag] log10|dL/dh_t| hist bins=60 range=(-12.50,-11.50) mean=-12.00 p50=-12.00 p05=-12.00 p95=-12.00
  [diag] sat-dist hist bins=60 sat<0.05=0.0% mean=0.715 p10=0.593 p90=0.919
Iter 0008940: train nll 0.637, valid error 039.890%, best valid error 017.620%, avg grad norm  39.874, avg grad norm (post clip)   1.053, rho_Whh  1.13, Omega  0.00, alpha  2.000, steps in the past 0.000, valid nll 0.640
  [diag] log10|dL/dh_t| hist bins=60 range=(-12.50,-11.50) mean=-12.00 p50=-12.00 p05=-12.00 p95=-12.00
  [diag] sat-dist hist bins=60 sat<0.05=0.0% mean=0.719 p10=0.603 p90=0.913
Iter 0008960: train nll 0.633, valid error 037.830%, best valid error 017.620%, avg grad norm  41.357, avg grad norm (post clip)   1.053, rho_Whh  1.13, Omega  0.00, alpha  2.000, steps in the past 0.000, valid nll 0.627
  [diag] log10|dL/dh_t| hist bins=60 range=(-12.50,-11.50) mean=-12.00 p50=-12.00 p05=-12.00 p95=-12.00
  [diag] sat-dist hist bins=60 sat<0.05=0.0% mean=0.721 p10=0.610 p90=0.914
Iter 0008980: train nll 0.640, valid error 048.590%, best valid error 017.620%, avg grad norm  55.956, avg grad norm (post clip)   1.053, rho_Whh  1.12, Omega  0.00, alpha  2.000, steps in the past 0.000, valid nll 0.931
  [diag] log10|dL/dh_t| hist bins=60 range=(-12.50,-11.50) mean=-12.00 p50=-12.00 p05=-12.00 p95=-12.00
  [diag] sat-dist hist bins=60 sat<0.05=0.0% mean=0.713 p10=0.590 p90=0.910
Iter 0009000: train nll 0.641, valid error 043.290%, best valid error 017.620%, avg grad norm  53.097, avg grad norm (post clip)   1.053, rho_Whh  1.13, Omega  0.00, alpha  2.000, steps in the past 0.000, valid nll 0.685
  [diag] log10|dL/dh_t| hist bins=60 range=(-12.50,-11.50) mean=-12.00 p50=-12.00 p05=-12.00 p95=-12.00
  [diag] sat-dist hist bins=60 sat<0.05=0.0% mean=0.718 p10=0.600 p90=0.912
Iter 0009020: train nll 0.640, valid error 042.290%, best valid error 017.620%, avg grad norm  42.324, avg grad norm (post clip)   1.053, rho_Whh  1.13, Omega  0.00, alpha  2.000, steps in the past 0.000, valid nll 0.657
  [diag] log10|dL/dh_t| hist bins=60 range=(-12.50,-11.50) mean=-12.00 p50=-12.00 p05=-12.00 p95=-12.00
  [diag] sat-dist hist bins=60 sat<0.05=0.0% mean=0.712 p10=0.591 p90=0.912
Iter 0009040: train nll 0.697, valid error 023.350%, best valid error 017.620%, avg grad norm  77.593, avg grad norm (post clip)   1.053, rho_Whh  1.12, Omega  0.00, alpha  2.000, steps in the past 0.000, valid nll 0.557
  [diag] log10|dL/dh_t| hist bins=60 range=(-12.50,-11.50) mean=-12.00 p50=-12.00 p05=-12.00 p95=-12.00
  [diag] sat-dist hist bins=60 sat<0.05=0.0% mean=0.713 p10=0.592 p90=0.910
Iter 0009060: train nll 0.672, valid error 055.020%, best valid error 017.620%, avg grad norm  81.854, avg grad norm (post clip)   1.053, rho_Whh  1.13, Omega  0.00, alpha  2.000, steps in the past 0.000, valid nll 1.017
  [diag] log10|dL/dh_t| hist bins=60 range=(-12.50,-11.50) mean=-12.00 p50=-12.00 p05=-12.00 p95=-12.00
  [diag] sat-dist hist bins=60 sat<0.05=0.0% mean=0.713 p10=0.599 p90=0.913
Iter 0009080: train nll 0.793, valid error 047.160%, best valid error 017.620%, avg grad norm  98.792, avg grad norm (post clip)   1.053, rho_Whh  1.11, Omega  0.00, alpha  2.000, steps in the past 0.000, valid nll 0.770
  [diag] log10|dL/dh_t| hist bins=60 range=(-12.50,-11.50) mean=-12.00 p50=-12.00 p05=-12.00 p95=-12.00
  [diag] sat-dist hist bins=60 sat<0.05=0.0% mean=0.710 p10=0.594 p90=0.915
Iter 0009100: train nll 0.655, valid error 044.510%, best valid error 017.620%, avg grad norm  52.822, avg grad norm (post clip)   1.053, rho_Whh  1.11, Omega  0.00, alpha  2.000, steps in the past 0.000, valid nll 0.711
  [diag] log10|dL/dh_t| hist bins=60 range=(-12.50,-11.50) mean=-12.00 p50=-12.00 p05=-12.00 p95=-12.00
  [diag] sat-dist hist bins=60 sat<0.05=0.0% mean=0.712 p10=0.594 p90=0.912
Iter 0009120: train nll 0.643, valid error 038.600%, best valid error 017.620%, avg grad norm  48.113, avg grad norm (post clip)   1.053, rho_Whh  1.12, Omega  0.00, alpha  2.000, steps in the past 0.000, valid nll 0.643
  [diag] log10|dL/dh_t| hist bins=60 range=(-12.50,-11.50) mean=-12.00 p50=-12.00 p05=-12.00 p95=-12.00
  [diag] sat-dist hist bins=60 sat<0.05=0.0% mean=0.711 p10=0.593 p90=0.911
Iter 0009140: train nll 0.635, valid error 041.190%, best valid error 017.620%, avg grad norm  47.974, avg grad norm (post clip)   1.053, rho_Whh  1.12, Omega  0.00, alpha  2.000, steps in the past 0.000, valid nll 0.661
  [diag] log10|dL/dh_t| hist bins=60 range=(-12.50,-11.50) mean=-12.00 p50=-12.00 p05=-12.00 p95=-12.00
  [diag] sat-dist hist bins=60 sat<0.05=0.0% mean=0.713 p10=0.597 p90=0.906
Iter 0009160: train nll 0.620, valid error 042.550%, best valid error 017.620%, avg grad norm  42.662, avg grad norm (post clip)   1.053, rho_Whh  1.12, Omega  0.00, alpha  2.000, steps in the past 0.000, valid nll 0.676
  [diag] log10|dL/dh_t| hist bins=60 range=(-12.50,-11.50) mean=-12.00 p50=-12.00 p05=-12.00 p95=-12.00
  [diag] sat-dist hist bins=60 sat<0.05=0.0% mean=0.711 p10=0.594 p90=0.904
Iter 0009180: train nll 0.660, valid error 039.570%, best valid error 017.620%, avg grad norm  50.624, avg grad norm (post clip)   1.053, rho_Whh  1.12, Omega  0.00, alpha  2.000, steps in the past 0.000, valid nll 0.665
  [diag] log10|dL/dh_t| hist bins=60 range=(-12.50,-11.50) mean=-12.00 p50=-12.00 p05=-12.00 p95=-12.00
  [diag] sat-dist hist bins=60 sat<0.05=0.0% mean=0.715 p10=0.598 p90=0.905
Iter 0009200: train nll 0.637, valid error 036.440%, best valid error 017.620%, avg grad norm  46.617, avg grad norm (post clip)   1.053, rho_Whh  1.12, Omega  0.00, alpha  2.000, steps in the past 0.000, valid nll 0.659
  [diag] log10|dL/dh_t| hist bins=60 range=(-12.50,-11.50) mean=-12.00 p50=-12.00 p05=-12.00 p95=-12.00
  [diag] sat-dist hist bins=60 sat<0.05=0.0% mean=0.708 p10=0.587 p90=0.911
Iter 0009220: train nll 0.670, valid error 044.820%, best valid error 017.620%, avg grad norm  49.727, avg grad norm (post clip)   1.053, rho_Whh  1.12, Omega  0.00, alpha  2.000, steps in the past 0.000, valid nll 0.732
  [diag] log10|dL/dh_t| hist bins=60 range=(-12.50,-11.50) mean=-12.00 p50=-12.00 p05=-12.00 p95=-12.00
  [diag] sat-dist hist bins=60 sat<0.05=0.0% mean=0.711 p10=0.590 p90=0.896
Iter 0009240: train nll 0.632, valid error 038.040%, best valid error 017.620%, avg grad norm  44.110, avg grad norm (post clip)   1.053, rho_Whh  1.13, Omega  0.00, alpha  2.000, steps in the past 0.000, valid nll 0.604
  [diag] log10|dL/dh_t| hist bins=60 range=(-12.50,-11.50) mean=-12.00 p50=-12.00 p05=-12.00 p95=-12.00
  [diag] sat-dist hist bins=60 sat<0.05=0.0% mean=0.710 p10=0.587 p90=0.895
Iter 0009260: train nll 0.653, valid error 051.210%, best valid error 017.620%, avg grad norm  67.969, avg grad norm (post clip)   1.053, rho_Whh  1.13, Omega  0.00, alpha  2.000, steps in the past 0.000, valid nll 0.883
  [diag] log10|dL/dh_t| hist bins=60 range=(-12.50,-11.50) mean=-12.00 p50=-12.00 p05=-12.00 p95=-12.00
  [diag] sat-dist hist bins=60 sat<0.05=0.0% mean=0.715 p10=0.604 p90=0.908
Iter 0009280: train nll 0.670, valid error 037.740%, best valid error 017.620%, avg grad norm  60.291, avg grad norm (post clip)   1.053, rho_Whh  1.13, Omega  0.00, alpha  2.000, steps in the past 0.000, valid nll 0.654
  [diag] log10|dL/dh_t| hist bins=60 range=(-12.50,-11.50) mean=-12.00 p50=-12.00 p05=-12.00 p95=-12.00
  [diag] sat-dist hist bins=60 sat<0.05=0.0% mean=0.706 p10=0.586 p90=0.907
Iter 0009300: train nll 0.619, valid error 038.180%, best valid error 017.620%, avg grad norm  58.066, avg grad norm (post clip)   1.053, rho_Whh  1.12, Omega  0.00, alpha  2.000, steps in the past 0.000, valid nll 0.628
  [diag] log10|dL/dh_t| hist bins=60 range=(-12.50,-11.50) mean=-12.00 p50=-12.00 p05=-12.00 p95=-12.00
  [diag] sat-dist hist bins=60 sat<0.05=0.0% mean=0.713 p10=0.596 p90=0.905
Iter 0009320: train nll 0.627, valid error 043.590%, best valid error 017.620%, avg grad norm  46.156, avg grad norm (post clip)   1.053, rho_Whh  1.12, Omega  0.00, alpha  2.000, steps in the past 0.000, valid nll 0.722
  [diag] log10|dL/dh_t| hist bins=60 range=(-12.50,-11.50) mean=-12.00 p50=-12.00 p05=-12.00 p95=-12.00
  [diag] sat-dist hist bins=60 sat<0.05=0.0% mean=0.712 p10=0.596 p90=0.902
Iter 0009340: train nll 0.645, valid error 044.210%, best valid error 017.620%, avg grad norm  51.535, avg grad norm (post clip)   1.053, rho_Whh  1.12, Omega  0.00, alpha  2.000, steps in the past 0.000, valid nll 0.702
  [diag] log10|dL/dh_t| hist bins=60 range=(-12.50,-11.50) mean=-12.00 p50=-12.00 p05=-12.00 p95=-12.00
  [diag] sat-dist hist bins=60 sat<0.05=0.0% mean=0.714 p10=0.599 p90=0.896
Iter 0009360: train nll 0.642, valid error 029.910%, best valid error 017.620%, avg grad norm  46.810, avg grad norm (post clip)   1.053, rho_Whh  1.13, Omega  0.00, alpha  2.000, steps in the past 0.000, valid nll 0.558
  [diag] log10|dL/dh_t| hist bins=60 range=(-12.50,-11.50) mean=-12.00 p50=-12.00 p05=-12.00 p95=-12.00
  [diag] sat-dist hist bins=60 sat<0.05=0.0% mean=0.717 p10=0.606 p90=0.892
Iter 0009380: train nll 0.646, valid error 018.940%, best valid error 017.620%, avg grad norm  94.707, avg grad norm (post clip)   1.053, rho_Whh  1.13, Omega  0.00, alpha  2.000, steps in the past 0.000, valid nll 0.523
  [diag] log10|dL/dh_t| hist bins=60 range=(-12.50,-11.50) mean=-12.00 p50=-12.00 p05=-12.00 p95=-12.00
  [diag] sat-dist hist bins=60 sat<0.05=0.0% mean=0.711 p10=0.599 p90=0.886
Iter 0009400: train nll 0.651, valid error 019.970%, best valid error 017.620%, avg grad norm  62.238, avg grad norm (post clip)   1.053, rho_Whh  1.12, Omega  0.00, alpha  2.000, steps in the past 0.000, valid nll 0.574
  [diag] log10|dL/dh_t| hist bins=60 range=(-12.50,-11.50) mean=-12.00 p50=-12.00 p05=-12.00 p95=-12.00
  [diag] sat-dist hist bins=60 sat<0.05=0.0% mean=0.717 p10=0.609 p90=0.886
Iter 0009420: train nll 0.710, valid error 025.040%, best valid error 017.620%, avg grad norm  94.735, avg grad norm (post clip)   1.053, rho_Whh  1.12, Omega  0.00, alpha  2.000, steps in the past 0.000, valid nll 0.540
  [diag] log10|dL/dh_t| hist bins=60 range=(-12.50,-11.50) mean=-12.00 p50=-12.00 p05=-12.00 p95=-12.00
  [diag] sat-dist hist bins=60 sat<0.05=0.0% mean=0.712 p10=0.600 p90=0.885
Iter 0009440: train nll 0.673, valid error 030.580%, best valid error 017.620%, avg grad norm  62.726, avg grad norm (post clip)   1.053, rho_Whh  1.12, Omega  0.00, alpha  2.000, steps in the past 0.000, valid nll 0.571
  [diag] log10|dL/dh_t| hist bins=60 range=(-12.50,-11.50) mean=-12.00 p50=-12.00 p05=-12.00 p95=-12.00
  [diag] sat-dist hist bins=60 sat<0.05=0.0% mean=0.715 p10=0.605 p90=0.884
Iter 0009460: train nll 0.618, valid error 043.210%, best valid error 017.620%, avg grad norm  50.375, avg grad norm (post clip)   1.053, rho_Whh  1.12, Omega  0.00, alpha  2.000, steps in the past 0.000, valid nll 0.694
  [diag] log10|dL/dh_t| hist bins=60 range=(-12.50,-11.50) mean=-12.00 p50=-12.00 p05=-12.00 p95=-12.00
  [diag] sat-dist hist bins=60 sat<0.05=0.0% mean=0.711 p10=0.600 p90=0.884
Iter 0009480: train nll 0.689, valid error 034.530%, best valid error 017.620%, avg grad norm  59.769, avg grad norm (post clip)   1.053, rho_Whh  1.12, Omega  0.00, alpha  2.000, steps in the past 0.000, valid nll 0.589
  [diag] log10|dL/dh_t| hist bins=60 range=(-12.50,-11.50) mean=-12.00 p50=-12.00 p05=-12.00 p95=-12.00
  [diag] sat-dist hist bins=60 sat<0.05=0.0% mean=0.716 p10=0.605 p90=0.880
Iter 0009500: train nll 0.657, valid error 042.490%, best valid error 017.620%, avg grad norm  62.095, avg grad norm (post clip)   1.053, rho_Whh  1.12, Omega  0.00, alpha  2.000, steps in the past 0.000, valid nll 0.674
  [diag] log10|dL/dh_t| hist bins=60 range=(-12.50,-11.50) mean=-12.00 p50=-12.00 p05=-12.00 p95=-12.00
  [diag] sat-dist hist bins=60 sat<0.05=0.0% mean=0.706 p10=0.612 p90=0.871
Iter 0009520: train nll 0.630, valid error 047.590%, best valid error 017.620%, avg grad norm  48.495, avg grad norm (post clip)   1.053, rho_Whh  1.12, Omega  0.00, alpha  2.000, steps in the past 0.000, valid nll 0.796
  [diag] log10|dL/dh_t| hist bins=60 range=(-12.50,-11.50) mean=-12.00 p50=-12.00 p05=-12.00 p95=-12.00
  [diag] sat-dist hist bins=60 sat<0.05=0.0% mean=0.709 p10=0.599 p90=0.864
Iter 0009540: train nll 0.638, valid error 041.710%, best valid error 017.620%, avg grad norm  53.426, avg grad norm (post clip)   1.053, rho_Whh  1.12, Omega  0.00, alpha  2.000, steps in the past 0.000, valid nll 0.639
  [diag] log10|dL/dh_t| hist bins=60 range=(-12.50,-11.50) mean=-12.00 p50=-12.00 p05=-12.00 p95=-12.00
  [diag] sat-dist hist bins=60 sat<0.05=0.0% mean=0.705 p10=0.604 p90=0.869
Iter 0009560: train nll 0.767, valid error 041.060%, best valid error 017.620%, avg grad norm 109.518, avg grad norm (post clip)   1.053, rho_Whh  1.13, Omega  0.00, alpha  2.000, steps in the past 0.000, valid nll 0.779
  [diag] log10|dL/dh_t| hist bins=60 range=(-12.50,-11.50) mean=-12.00 p50=-12.00 p05=-12.00 p95=-12.00
  [diag] sat-dist hist bins=60 sat<0.05=0.0% mean=0.709 p10=0.617 p90=0.868
Iter 0009580: train nll 0.644, valid error 015.490%, best valid error 017.620%, avg grad norm  47.318, avg grad norm (post clip)   1.053, rho_Whh  1.13, Omega  0.00, alpha  2.000, steps in the past 0.000, valid nll 0.526
  [diag] log10|dL/dh_t| hist bins=60 range=(-12.50,-11.50) mean=-12.00 p50=-12.00 p05=-12.00 p95=-12.00
  [diag] sat-dist hist bins=60 sat<0.05=0.0% mean=0.699 p10=0.623 p90=0.864
Iter 0009600: train nll 0.753, valid error 021.250%, best valid error 015.490%, avg grad norm  91.737, avg grad norm (post clip)   1.053, rho_Whh  1.13, Omega  0.00, alpha  2.000, steps in the past 0.000, valid nll 0.593
  [diag] log10|dL/dh_t| hist bins=60 range=(-12.50,-11.50) mean=-12.00 p50=-12.00 p05=-12.00 p95=-12.00
  [diag] sat-dist hist bins=60 sat<0.05=0.0% mean=0.714 p10=0.630 p90=0.871
Iter 0009620: train nll 0.820, valid error 064.220%, best valid error 015.490%, avg grad norm 100.120, avg grad norm (post clip)   1.053, rho_Whh  1.12, Omega  0.00, alpha  2.000, steps in the past 0.000, valid nll 1.223
  [diag] log10|dL/dh_t| hist bins=60 range=(-12.50,-11.50) mean=-12.00 p50=-12.00 p05=-12.00 p95=-12.00
  [diag] sat-dist hist bins=60 sat<0.05=0.0% mean=0.694 p10=0.603 p90=0.860
Iter 0009640: train nll 0.683, valid error 040.090%, best valid error 015.490%, avg grad norm  84.212, avg grad norm (post clip)   1.053, rho_Whh  1.12, Omega  0.00, alpha  2.000, steps in the past 0.000, valid nll 0.701
  [diag] log10|dL/dh_t| hist bins=60 range=(-12.50,-11.50) mean=-12.00 p50=-12.00 p05=-12.00 p95=-12.00
  [diag] sat-dist hist bins=60 sat<0.05=0.0% mean=0.703 p10=0.614 p90=0.867
Iter 0009660: train nll 0.627, valid error 035.030%, best valid error 015.490%, avg grad norm  51.986, avg grad norm (post clip)   1.053, rho_Whh  1.13, Omega  0.00, alpha  2.000, steps in the past 0.000, valid nll 0.668
  [diag] log10|dL/dh_t| hist bins=60 range=(-12.50,-11.50) mean=-12.00 p50=-12.00 p05=-12.00 p95=-12.00
  [diag] sat-dist hist bins=60 sat<0.05=0.0% mean=0.696 p10=0.599 p90=0.863
Iter 0009680: train nll 0.643, valid error 034.030%, best valid error 015.490%, avg grad norm  52.583, avg grad norm (post clip)   1.053, rho_Whh  1.13, Omega  0.00, alpha  2.000, steps in the past 0.000, valid nll 0.656
  [diag] log10|dL/dh_t| hist bins=60 range=(-12.50,-11.50) mean=-12.00 p50=-12.00 p05=-12.00 p95=-12.00
  [diag] sat-dist hist bins=60 sat<0.05=0.0% mean=0.694 p10=0.604 p90=0.865
Iter 0009700: train nll 0.662, valid error 035.730%, best valid error 015.490%, avg grad norm  47.378, avg grad norm (post clip)   1.053, rho_Whh  1.14, Omega  0.00, alpha  2.000, steps in the past 0.000, valid nll 0.665
  [diag] log10|dL/dh_t| hist bins=60 range=(-12.50,-11.50) mean=-12.00 p50=-12.00 p05=-12.00 p95=-12.00
  [diag] sat-dist hist bins=60 sat<0.05=0.0% mean=0.692 p10=0.610 p90=0.852
Iter 0009720: train nll 0.689, valid error 020.330%, best valid error 015.490%, avg grad norm  56.548, avg grad norm (post clip)   1.053, rho_Whh  1.13, Omega  0.00, alpha  2.000, steps in the past 0.000, valid nll 0.549
  [diag] log10|dL/dh_t| hist bins=60 range=(-12.50,-11.50) mean=-12.00 p50=-12.00 p05=-12.00 p95=-12.00
  [diag] sat-dist hist bins=60 sat<0.05=0.0% mean=0.701 p10=0.616 p90=0.861
Iter 0009740: train nll 0.708, valid error 040.770%, best valid error 015.490%, avg grad norm  63.631, avg grad norm (post clip)   1.053, rho_Whh  1.13, Omega  0.00, alpha  2.000, steps in the past 0.000, valid nll 0.730
  [diag] log10|dL/dh_t| hist bins=60 range=(-12.50,-11.50) mean=-12.00 p50=-12.00 p05=-12.00 p95=-12.00
  [diag] sat-dist hist bins=60 sat<0.05=0.0% mean=0.690 p10=0.609 p90=0.860
Iter 0009760: train nll 0.803, valid error 030.930%, best valid error 015.490%, avg grad norm  82.941, avg grad norm (post clip)   1.053, rho_Whh  1.14, Omega  0.00, alpha  2.000, steps in the past 0.000, valid nll 0.682
  [diag] log10|dL/dh_t| hist bins=60 range=(-12.50,-11.50) mean=-12.00 p50=-12.00 p05=-12.00 p95=-12.00
  [diag] sat-dist hist bins=60 sat<0.05=0.0% mean=0.685 p10=0.611 p90=0.854
Iter 0009780: train nll 0.639, valid error 023.590%, best valid error 015.490%, avg grad norm  48.208, avg grad norm (post clip)   1.053, rho_Whh  1.14, Omega  0.00, alpha  2.000, steps in the past 0.000, valid nll 0.589
  [diag] log10|dL/dh_t| hist bins=60 range=(-12.50,-11.50) mean=-12.00 p50=-12.00 p05=-12.00 p95=-12.00
  [diag] sat-dist hist bins=60 sat<0.05=0.0% mean=0.701 p10=0.614 p90=0.868
Iter 0009800: train nll 0.756, valid error 059.470%, best valid error 015.490%, avg grad norm 101.152, avg grad norm (post clip)   1.053, rho_Whh  1.13, Omega  0.00, alpha  2.000, steps in the past 0.000, valid nll 1.100
  [diag] log10|dL/dh_t| hist bins=60 range=(-12.50,-11.50) mean=-12.00 p50=-12.00 p05=-12.00 p95=-12.00
  [diag] sat-dist hist bins=60 sat<0.05=0.0% mean=0.691 p10=0.595 p90=0.863
Iter 0009820: train nll 0.744, valid error 041.460%, best valid error 015.490%, avg grad norm  91.077, avg grad norm (post clip)   1.053, rho_Whh  1.13, Omega  0.00, alpha  2.000, steps in the past 0.000, valid nll 0.731
  [diag] log10|dL/dh_t| hist bins=60 range=(-12.50,-11.50) mean=-12.00 p50=-12.00 p05=-12.00 p95=-12.00
  [diag] sat-dist hist bins=60 sat<0.05=0.0% mean=0.687 p10=0.593 p90=0.857
Iter 0009840: train nll 0.670, valid error 036.200%, best valid error 015.490%, avg grad norm  61.378, avg grad norm (post clip)   1.053, rho_Whh  1.14, Omega  0.00, alpha  2.000, steps in the past 0.000, valid nll 0.645
  [diag] log10|dL/dh_t| hist bins=60 range=(-12.50,-11.50) mean=-12.00 p50=-12.00 p05=-12.00 p95=-12.00
  [diag] sat-dist hist bins=60 sat<0.05=0.0% mean=0.683 p10=0.594 p90=0.850
Iter 0009860: train nll 0.643, valid error 035.360%, best valid error 015.490%, avg grad norm  53.391, avg grad norm (post clip)   1.053, rho_Whh  1.14, Omega  0.00, alpha  2.000, steps in the past 0.000, valid nll 0.653
  [diag] log10|dL/dh_t| hist bins=60 range=(-12.50,-11.50) mean=-12.00 p50=-12.00 p05=-12.00 p95=-12.00
  [diag] sat-dist hist bins=60 sat<0.05=0.0% mean=0.696 p10=0.610 p90=0.856
Iter 0009880: train nll 0.728, valid error 035.140%, best valid error 015.490%, avg grad norm 101.733, avg grad norm (post clip)   1.053, rho_Whh  1.14, Omega  0.00, alpha  2.000, steps in the past 0.000, valid nll 0.710
  [diag] log10|dL/dh_t| hist bins=60 range=(-12.50,-11.50) mean=-12.00 p50=-12.00 p05=-12.00 p95=-12.00
  [diag] sat-dist hist bins=60 sat<0.05=0.0% mean=0.689 p10=0.597 p90=0.851
Iter 0009900: train nll 0.641, valid error 043.420%, best valid error 015.490%, avg grad norm  59.643, avg grad norm (post clip)   1.053, rho_Whh  1.15, Omega  0.00, alpha  2.000, steps in the past 0.000, valid nll 0.808
  [diag] log10|dL/dh_t| hist bins=60 range=(-12.50,-11.50) mean=-12.00 p50=-12.00 p05=-12.00 p95=-12.00
  [diag] sat-dist hist bins=60 sat<0.05=0.0% mean=0.682 p10=0.592 p90=0.849
Iter 0009920: train nll 0.659, valid error 019.970%, best valid error 015.490%, avg grad norm  67.979, avg grad norm (post clip)   1.053, rho_Whh  1.15, Omega  0.00, alpha  2.000, steps in the past 0.000, valid nll 0.534
  [diag] log10|dL/dh_t| hist bins=60 range=(-12.50,-11.50) mean=-12.00 p50=-12.00 p05=-12.00 p95=-12.00
  [diag] sat-dist hist bins=60 sat<0.05=0.0% mean=0.685 p10=0.595 p90=0.847
Iter 0009940: train nll 0.652, valid error 039.310%, best valid error 015.490%, avg grad norm  80.021, avg grad norm (post clip)   1.053, rho_Whh  1.14, Omega  0.00, alpha  2.000, steps in the past 0.000, valid nll 0.662
  [diag] log10|dL/dh_t| hist bins=60 range=(-12.50,-11.50) mean=-12.00 p50=-12.00 p05=-12.00 p95=-12.00
  [diag] sat-dist hist bins=60 sat<0.05=0.0% mean=0.689 p10=0.604 p90=0.850
Iter 0009960: train nll 0.674, valid error 037.680%, best valid error 015.490%, avg grad norm  72.555, avg grad norm (post clip)   1.053, rho_Whh  1.15, Omega  0.00, alpha  2.000, steps in the past 0.000, valid nll 0.659
  [diag] log10|dL/dh_t| hist bins=60 range=(-12.50,-11.50) mean=-12.00 p50=-12.00 p05=-12.00 p95=-12.00
  [diag] sat-dist hist bins=60 sat<0.05=0.0% mean=0.686 p10=0.596 p90=0.848
Iter 0009980: train nll 0.636, valid error 029.530%, best valid error 015.490%, avg grad norm  60.313, avg grad norm (post clip)   1.053, rho_Whh  1.15, Omega  0.00, alpha  2.000, steps in the past 0.000, valid nll 0.589
Done. solved=0 steps=9999 best_valid_error=15.4900%
/usr/bin/python /home/sakshi/Downloads/PA2_code/PA2_final/code/train.py --task torder --model rnn --init smart_tanh --clipstyle rescale --cutoff 1.0 --alpha 2.0 --lr 0.01 --nhid 100 --bs 20 --min_length 100 --max_length 100 --maxiters 10000 --ebs 10000 --cbs 1000 --checkFreq 20 --seed 52 --valid_seed 12345 --collectDiags --diagBins 60 --satThresh 0.05 --device cuda --name /home/sakshi/Downloads/PA2_code/PA2_final/results/checkpoints/ECgp_full_00_clip1000_alpha2000_lr00100_nh100_fix100

