Starting to train (PyTorch).
  [diag] log10|dL/dh_t| hist bins=60 range=(-12.00,-2.48) mean=-11.90 p50=-12.00 p05=-12.00 p95=-12.00
  [diag] sat-dist hist bins=60 sat<0.05=0.0% mean=0.982 p10=0.981 p90=0.983
Iter 0000020: train nll 1.456, valid error 074.930%, best valid error 100.000%, avg grad norm   0.934, avg grad norm (post clip)   0.894, rho_Whh  0.95, Omega  0.05, alpha  2.000, steps in the past 0.011, valid nll 1.386
  [diag] log10|dL/dh_t| hist bins=60 range=(-12.00,-2.48) mean=-11.90 p50=-12.00 p05=-12.00 p95=-12.00
  [diag] sat-dist hist bins=60 sat<0.05=0.0% mean=0.984 p10=0.984 p90=0.985
Iter 0000040: train nll 1.386, valid error 075.090%, best valid error 074.930%, avg grad norm   0.491, avg grad norm (post clip)   0.536, rho_Whh  0.94, Omega  0.01, alpha  2.000, steps in the past 0.010, valid nll 1.386
  [diag] log10|dL/dh_t| hist bins=60 range=(-12.00,-2.48) mean=-11.90 p50=-12.00 p05=-12.00 p95=-12.00
  [diag] sat-dist hist bins=60 sat<0.05=0.0% mean=0.985 p10=0.984 p90=0.986
Iter 0000060: train nll 1.386, valid error 075.080%, best valid error 074.930%, avg grad norm   0.287, avg grad norm (post clip)   0.313, rho_Whh  0.94, Omega  0.00, alpha  2.000, steps in the past 0.010, valid nll 1.386
  [diag] log10|dL/dh_t| hist bins=60 range=(-12.00,-2.48) mean=-11.90 p50=-12.00 p05=-12.00 p95=-12.00
  [diag] sat-dist hist bins=60 sat<0.05=0.0% mean=0.985 p10=0.984 p90=0.986
Iter 0000080: train nll 1.386, valid error 075.230%, best valid error 074.930%, avg grad norm   0.224, avg grad norm (post clip)   0.239, rho_Whh  0.94, Omega  0.00, alpha  2.000, steps in the past 0.010, valid nll 1.386
  [diag] log10|dL/dh_t| hist bins=60 range=(-12.00,-2.48) mean=-11.90 p50=-12.00 p05=-12.00 p95=-12.00
  [diag] sat-dist hist bins=60 sat<0.05=0.0% mean=0.985 p10=0.984 p90=0.985
Iter 0000100: train nll 1.387, valid error 074.210%, best valid error 074.930%, avg grad norm   0.196, avg grad norm (post clip)   0.208, rho_Whh  0.94, Omega  0.00, alpha  2.000, steps in the past 0.010, valid nll 1.386
  [diag] log10|dL/dh_t| hist bins=60 range=(-12.00,-2.48) mean=-11.90 p50=-12.00 p05=-12.00 p95=-12.00
  [diag] sat-dist hist bins=60 sat<0.05=0.0% mean=0.984 p10=0.983 p90=0.984
Iter 0000120: train nll 1.387, valid error 074.780%, best valid error 074.210%, avg grad norm   0.187, avg grad norm (post clip)   0.197, rho_Whh  0.94, Omega  0.00, alpha  2.000, steps in the past 0.010, valid nll 1.386
  [diag] log10|dL/dh_t| hist bins=60 range=(-12.00,-2.48) mean=-11.90 p50=-12.00 p05=-12.00 p95=-12.00
  [diag] sat-dist hist bins=60 sat<0.05=0.0% mean=0.983 p10=0.982 p90=0.983
Iter 0000140: train nll 1.386, valid error 074.710%, best valid error 074.210%, avg grad norm   0.173, avg grad norm (post clip)   0.183, rho_Whh  0.94, Omega  0.00, alpha  2.000, steps in the past 0.010, valid nll 1.386
  [diag] log10|dL/dh_t| hist bins=60 range=(-12.00,-2.48) mean=-11.90 p50=-12.00 p05=-12.00 p95=-12.00
  [diag] sat-dist hist bins=60 sat<0.05=0.0% mean=0.984 p10=0.983 p90=0.985
Iter 0000160: train nll 1.386, valid error 074.210%, best valid error 074.210%, avg grad norm   0.187, avg grad norm (post clip)   0.196, rho_Whh  0.94, Omega  0.00, alpha  2.000, steps in the past 0.010, valid nll 1.386
  [diag] log10|dL/dh_t| hist bins=60 range=(-12.00,-2.48) mean=-11.90 p50=-12.00 p05=-12.00 p95=-12.00
  [diag] sat-dist hist bins=60 sat<0.05=0.0% mean=0.985 p10=0.984 p90=0.985
Iter 0000180: train nll 1.386, valid error 074.210%, best valid error 074.210%, avg grad norm   0.201, avg grad norm (post clip)   0.210, rho_Whh  0.94, Omega  0.00, alpha  2.000, steps in the past 0.010, valid nll 1.386
  [diag] log10|dL/dh_t| hist bins=60 range=(-12.00,-2.48) mean=-11.90 p50=-12.00 p05=-12.00 p95=-12.00
  [diag] sat-dist hist bins=60 sat<0.05=0.0% mean=0.983 p10=0.982 p90=0.984
Iter 0000200: train nll 1.387, valid error 075.000%, best valid error 074.210%, avg grad norm   0.168, avg grad norm (post clip)   0.178, rho_Whh  0.94, Omega  0.00, alpha  2.000, steps in the past 0.010, valid nll 1.386
  [diag] log10|dL/dh_t| hist bins=60 range=(-12.00,-2.48) mean=-11.90 p50=-12.00 p05=-12.00 p95=-12.00
  [diag] sat-dist hist bins=60 sat<0.05=0.0% mean=0.983 p10=0.982 p90=0.984
Iter 0000220: train nll 1.386, valid error 074.210%, best valid error 074.210%, avg grad norm   0.172, avg grad norm (post clip)   0.181, rho_Whh  0.94, Omega  0.00, alpha  2.000, steps in the past 0.010, valid nll 1.386
  [diag] log10|dL/dh_t| hist bins=60 range=(-12.00,-2.48) mean=-11.90 p50=-12.00 p05=-12.00 p95=-12.00
  [diag] sat-dist hist bins=60 sat<0.05=0.0% mean=0.983 p10=0.982 p90=0.984
Iter 0000240: train nll 1.386, valid error 074.590%, best valid error 074.210%, avg grad norm   0.162, avg grad norm (post clip)   0.171, rho_Whh  0.94, Omega  0.00, alpha  2.000, steps in the past 0.010, valid nll 1.386
  [diag] log10|dL/dh_t| hist bins=60 range=(-12.00,-2.48) mean=-11.90 p50=-12.00 p05=-12.00 p95=-12.00
  [diag] sat-dist hist bins=60 sat<0.05=0.0% mean=0.984 p10=0.983 p90=0.985
Iter 0000260: train nll 1.386, valid error 074.990%, best valid error 074.210%, avg grad norm   0.188, avg grad norm (post clip)   0.197, rho_Whh  0.94, Omega  0.00, alpha  2.000, steps in the past 0.010, valid nll 1.386
  [diag] log10|dL/dh_t| hist bins=60 range=(-12.00,-2.48) mean=-11.90 p50=-12.00 p05=-12.00 p95=-12.00
  [diag] sat-dist hist bins=60 sat<0.05=0.0% mean=0.983 p10=0.982 p90=0.983
Iter 0000280: train nll 1.386, valid error 074.860%, best valid error 074.210%, avg grad norm   0.198, avg grad norm (post clip)   0.208, rho_Whh  0.94, Omega  0.00, alpha  2.000, steps in the past 0.010, valid nll 1.386
  [diag] log10|dL/dh_t| hist bins=60 range=(-12.00,-2.48) mean=-11.90 p50=-12.00 p05=-12.00 p95=-12.00
  [diag] sat-dist hist bins=60 sat<0.05=0.0% mean=0.983 p10=0.982 p90=0.984
Iter 0000300: train nll 1.387, valid error 074.950%, best valid error 074.210%, avg grad norm   0.197, avg grad norm (post clip)   0.207, rho_Whh  0.94, Omega  0.00, alpha  2.000, steps in the past 0.010, valid nll 1.386
  [diag] log10|dL/dh_t| hist bins=60 range=(-12.00,-2.48) mean=-11.90 p50=-12.00 p05=-12.00 p95=-12.00
  [diag] sat-dist hist bins=60 sat<0.05=0.0% mean=0.984 p10=0.983 p90=0.985
Iter 0000320: train nll 1.387, valid error 074.840%, best valid error 074.210%, avg grad norm   0.205, avg grad norm (post clip)   0.216, rho_Whh  0.94, Omega  0.00, alpha  2.000, steps in the past 0.010, valid nll 1.386
  [diag] log10|dL/dh_t| hist bins=60 range=(-12.00,-2.48) mean=-11.90 p50=-12.00 p05=-12.00 p95=-12.00
  [diag] sat-dist hist bins=60 sat<0.05=0.0% mean=0.984 p10=0.984 p90=0.985
Iter 0000340: train nll 1.386, valid error 074.960%, best valid error 074.210%, avg grad norm   0.181, avg grad norm (post clip)   0.192, rho_Whh  0.94, Omega  0.00, alpha  2.000, steps in the past 0.010, valid nll 1.386
  [diag] log10|dL/dh_t| hist bins=60 range=(-12.00,-2.48) mean=-11.90 p50=-12.00 p05=-12.00 p95=-12.00
  [diag] sat-dist hist bins=60 sat<0.05=0.0% mean=0.984 p10=0.983 p90=0.985
Iter 0000360: train nll 1.386, valid error 074.950%, best valid error 074.210%, avg grad norm   0.181, avg grad norm (post clip)   0.191, rho_Whh  0.94, Omega  0.00, alpha  2.000, steps in the past 0.010, valid nll 1.386
  [diag] log10|dL/dh_t| hist bins=60 range=(-12.00,-2.48) mean=-11.90 p50=-12.00 p05=-12.00 p95=-12.00
  [diag] sat-dist hist bins=60 sat<0.05=0.0% mean=0.984 p10=0.983 p90=0.985
Iter 0000380: train nll 1.388, valid error 075.250%, best valid error 074.210%, avg grad norm   0.188, avg grad norm (post clip)   0.198, rho_Whh  0.94, Omega  0.00, alpha  2.000, steps in the past 0.010, valid nll 1.386
  [diag] log10|dL/dh_t| hist bins=60 range=(-12.00,-2.48) mean=-11.90 p50=-12.00 p05=-12.00 p95=-12.00
  [diag] sat-dist hist bins=60 sat<0.05=0.0% mean=0.984 p10=0.983 p90=0.984
Iter 0000400: train nll 1.387, valid error 075.260%, best valid error 074.210%, avg grad norm   0.153, avg grad norm (post clip)   0.162, rho_Whh  0.94, Omega  0.00, alpha  2.000, steps in the past 0.010, valid nll 1.386
  [diag] log10|dL/dh_t| hist bins=60 range=(-12.00,-2.48) mean=-11.90 p50=-12.00 p05=-12.00 p95=-12.00
  [diag] sat-dist hist bins=60 sat<0.05=0.0% mean=0.984 p10=0.983 p90=0.985
Iter 0000420: train nll 1.386, valid error 074.210%, best valid error 074.210%, avg grad norm   0.201, avg grad norm (post clip)   0.210, rho_Whh  0.94, Omega  0.00, alpha  2.000, steps in the past 0.010, valid nll 1.386
  [diag] log10|dL/dh_t| hist bins=60 range=(-12.00,-2.48) mean=-11.90 p50=-12.00 p05=-12.00 p95=-12.00
  [diag] sat-dist hist bins=60 sat<0.05=0.0% mean=0.985 p10=0.984 p90=0.985
Iter 0000440: train nll 1.387, valid error 075.270%, best valid error 074.210%, avg grad norm   0.238, avg grad norm (post clip)   0.249, rho_Whh  0.94, Omega  0.00, alpha  2.000, steps in the past 0.010, valid nll 1.386
  [diag] log10|dL/dh_t| hist bins=60 range=(-12.00,-2.48) mean=-11.90 p50=-12.00 p05=-12.00 p95=-12.00
  [diag] sat-dist hist bins=60 sat<0.05=0.0% mean=0.985 p10=0.984 p90=0.985
Iter 0000460: train nll 1.386, valid error 075.090%, best valid error 074.210%, avg grad norm   0.200, avg grad norm (post clip)   0.213, rho_Whh  0.94, Omega  0.00, alpha  2.000, steps in the past 0.010, valid nll 1.386
  [diag] log10|dL/dh_t| hist bins=60 range=(-12.00,-2.48) mean=-11.90 p50=-12.00 p05=-12.00 p95=-12.00
  [diag] sat-dist hist bins=60 sat<0.05=0.0% mean=0.984 p10=0.983 p90=0.984
Iter 0000480: train nll 1.387, valid error 075.100%, best valid error 074.210%, avg grad norm   0.177, avg grad norm (post clip)   0.188, rho_Whh  0.94, Omega  0.00, alpha  2.000, steps in the past 0.010, valid nll 1.386
  [diag] log10|dL/dh_t| hist bins=60 range=(-12.00,-2.48) mean=-11.90 p50=-12.00 p05=-12.00 p95=-12.00
  [diag] sat-dist hist bins=60 sat<0.05=0.0% mean=0.983 p10=0.982 p90=0.984
Iter 0000500: train nll 1.386, valid error 075.730%, best valid error 074.210%, avg grad norm   0.194, avg grad norm (post clip)   0.203, rho_Whh  0.94, Omega  0.00, alpha  2.000, steps in the past 0.010, valid nll 1.386
  [diag] log10|dL/dh_t| hist bins=60 range=(-12.00,-2.48) mean=-11.90 p50=-12.00 p05=-12.00 p95=-12.00
  [diag] sat-dist hist bins=60 sat<0.05=0.0% mean=0.983 p10=0.982 p90=0.984
Iter 0000520: train nll 1.386, valid error 075.590%, best valid error 074.210%, avg grad norm   0.190, avg grad norm (post clip)   0.201, rho_Whh  0.94, Omega  0.00, alpha  2.000, steps in the past 0.010, valid nll 1.386
  [diag] log10|dL/dh_t| hist bins=60 range=(-12.00,-2.48) mean=-11.90 p50=-12.00 p05=-12.00 p95=-12.00
  [diag] sat-dist hist bins=60 sat<0.05=0.0% mean=0.984 p10=0.983 p90=0.984
Iter 0000540: train nll 1.387, valid error 074.980%, best valid error 074.210%, avg grad norm   0.152, avg grad norm (post clip)   0.162, rho_Whh  0.94, Omega  0.00, alpha  2.000, steps in the past 0.010, valid nll 1.386
  [diag] log10|dL/dh_t| hist bins=60 range=(-12.00,-2.48) mean=-11.90 p50=-12.00 p05=-12.00 p95=-12.00
  [diag] sat-dist hist bins=60 sat<0.05=0.0% mean=0.983 p10=0.982 p90=0.984
Iter 0000560: train nll 1.386, valid error 075.220%, best valid error 074.210%, avg grad norm   0.161, avg grad norm (post clip)   0.169, rho_Whh  0.94, Omega  0.00, alpha  2.000, steps in the past 0.010, valid nll 1.386
  [diag] log10|dL/dh_t| hist bins=60 range=(-12.00,-2.48) mean=-11.90 p50=-12.00 p05=-12.00 p95=-12.00
  [diag] sat-dist hist bins=60 sat<0.05=0.0% mean=0.984 p10=0.983 p90=0.984
Iter 0000580: train nll 1.387, valid error 074.540%, best valid error 074.210%, avg grad norm   0.172, avg grad norm (post clip)   0.181, rho_Whh  0.94, Omega  0.00, alpha  2.000, steps in the past 0.010, valid nll 1.386
  [diag] log10|dL/dh_t| hist bins=60 range=(-12.00,-2.48) mean=-11.90 p50=-12.00 p05=-12.00 p95=-12.00
  [diag] sat-dist hist bins=60 sat<0.05=0.0% mean=0.983 p10=0.982 p90=0.983
Iter 0000600: train nll 1.387, valid error 075.760%, best valid error 074.210%, avg grad norm   0.176, avg grad norm (post clip)   0.185, rho_Whh  0.94, Omega  0.00, alpha  2.000, steps in the past 0.010, valid nll 1.386
  [diag] log10|dL/dh_t| hist bins=60 range=(-12.00,-2.48) mean=-11.90 p50=-12.00 p05=-12.00 p95=-12.00
  [diag] sat-dist hist bins=60 sat<0.05=0.0% mean=0.984 p10=0.983 p90=0.985
Iter 0000620: train nll 1.386, valid error 074.210%, best valid error 074.210%, avg grad norm   0.189, avg grad norm (post clip)   0.198, rho_Whh  0.94, Omega  0.00, alpha  2.000, steps in the past 0.010, valid nll 1.386
  [diag] log10|dL/dh_t| hist bins=60 range=(-12.00,-2.48) mean=-11.90 p50=-12.00 p05=-12.00 p95=-12.00
  [diag] sat-dist hist bins=60 sat<0.05=0.0% mean=0.984 p10=0.984 p90=0.985
Iter 0000640: train nll 1.387, valid error 074.210%, best valid error 074.210%, avg grad norm   0.187, avg grad norm (post clip)   0.197, rho_Whh  0.94, Omega  0.00, alpha  2.000, steps in the past 0.010, valid nll 1.386
  [diag] log10|dL/dh_t| hist bins=60 range=(-12.00,-2.48) mean=-11.90 p50=-12.00 p05=-12.00 p95=-12.00
  [diag] sat-dist hist bins=60 sat<0.05=0.0% mean=0.984 p10=0.983 p90=0.984
Iter 0000660: train nll 1.386, valid error 074.210%, best valid error 074.210%, avg grad norm   0.207, avg grad norm (post clip)   0.217, rho_Whh  0.94, Omega  0.00, alpha  2.000, steps in the past 0.010, valid nll 1.386
  [diag] log10|dL/dh_t| hist bins=60 range=(-12.00,-2.48) mean=-11.90 p50=-12.00 p05=-12.00 p95=-12.00
  [diag] sat-dist hist bins=60 sat<0.05=0.0% mean=0.984 p10=0.983 p90=0.985
Iter 0000680: train nll 1.387, valid error 074.160%, best valid error 074.210%, avg grad norm   0.183, avg grad norm (post clip)   0.194, rho_Whh  0.94, Omega  0.00, alpha  2.000, steps in the past 0.010, valid nll 1.386
  [diag] log10|dL/dh_t| hist bins=60 range=(-12.00,-2.48) mean=-11.90 p50=-12.00 p05=-12.00 p95=-12.00
  [diag] sat-dist hist bins=60 sat<0.05=0.0% mean=0.985 p10=0.984 p90=0.985
Iter 0000700: train nll 1.386, valid error 074.350%, best valid error 074.160%, avg grad norm   0.222, avg grad norm (post clip)   0.231, rho_Whh  0.94, Omega  0.00, alpha  2.000, steps in the past 0.010, valid nll 1.386
  [diag] log10|dL/dh_t| hist bins=60 range=(-12.00,-2.48) mean=-11.90 p50=-12.00 p05=-12.00 p95=-12.00
  [diag] sat-dist hist bins=60 sat<0.05=0.0% mean=0.984 p10=0.983 p90=0.985
Iter 0000720: train nll 1.386, valid error 074.210%, best valid error 074.160%, avg grad norm   0.189, avg grad norm (post clip)   0.201, rho_Whh  0.94, Omega  0.00, alpha  2.000, steps in the past 0.010, valid nll 1.386
  [diag] log10|dL/dh_t| hist bins=60 range=(-12.00,-2.48) mean=-11.90 p50=-12.00 p05=-12.00 p95=-12.00
  [diag] sat-dist hist bins=60 sat<0.05=0.0% mean=0.984 p10=0.984 p90=0.985
Iter 0000740: train nll 1.386, valid error 074.210%, best valid error 074.160%, avg grad norm   0.181, avg grad norm (post clip)   0.191, rho_Whh  0.94, Omega  0.00, alpha  2.000, steps in the past 0.010, valid nll 1.386
  [diag] log10|dL/dh_t| hist bins=60 range=(-12.00,-2.48) mean=-11.90 p50=-12.00 p05=-12.00 p95=-12.00
  [diag] sat-dist hist bins=60 sat<0.05=0.0% mean=0.984 p10=0.983 p90=0.985
Iter 0000760: train nll 1.386, valid error 074.700%, best valid error 074.160%, avg grad norm   0.199, avg grad norm (post clip)   0.208, rho_Whh  0.94, Omega  0.00, alpha  2.000, steps in the past 0.010, valid nll 1.386
  [diag] log10|dL/dh_t| hist bins=60 range=(-12.00,-2.48) mean=-11.90 p50=-12.00 p05=-12.00 p95=-12.00
  [diag] sat-dist hist bins=60 sat<0.05=0.0% mean=0.984 p10=0.983 p90=0.985
Iter 0000780: train nll 1.386, valid error 074.810%, best valid error 074.160%, avg grad norm   0.185, avg grad norm (post clip)   0.195, rho_Whh  0.94, Omega  0.00, alpha  2.000, steps in the past 0.010, valid nll 1.386
  [diag] log10|dL/dh_t| hist bins=60 range=(-12.00,-2.48) mean=-11.90 p50=-12.00 p05=-12.00 p95=-12.00
  [diag] sat-dist hist bins=60 sat<0.05=0.0% mean=0.983 p10=0.982 p90=0.984
Iter 0000800: train nll 1.385, valid error 074.950%, best valid error 074.160%, avg grad norm   0.190, avg grad norm (post clip)   0.200, rho_Whh  0.94, Omega  0.00, alpha  2.000, steps in the past 0.010, valid nll 1.386
  [diag] log10|dL/dh_t| hist bins=60 range=(-12.00,-2.49) mean=-11.90 p50=-12.00 p05=-12.00 p95=-12.00
  [diag] sat-dist hist bins=60 sat<0.05=0.0% mean=0.984 p10=0.984 p90=0.985
Iter 0000820: train nll 1.386, valid error 074.950%, best valid error 074.160%, avg grad norm   0.211, avg grad norm (post clip)   0.221, rho_Whh  0.94, Omega  0.00, alpha  2.000, steps in the past 0.010, valid nll 1.386
  [diag] log10|dL/dh_t| hist bins=60 range=(-12.00,-2.49) mean=-11.90 p50=-12.00 p05=-12.00 p95=-12.00
  [diag] sat-dist hist bins=60 sat<0.05=0.0% mean=0.984 p10=0.983 p90=0.985
Iter 0000840: train nll 1.386, valid error 074.950%, best valid error 074.160%, avg grad norm   0.160, avg grad norm (post clip)   0.171, rho_Whh  0.94, Omega  0.00, alpha  2.000, steps in the past 0.010, valid nll 1.386
  [diag] log10|dL/dh_t| hist bins=60 range=(-12.00,-2.49) mean=-11.90 p50=-12.00 p05=-12.00 p95=-12.00
  [diag] sat-dist hist bins=60 sat<0.05=0.0% mean=0.984 p10=0.984 p90=0.985
Iter 0000860: train nll 1.386, valid error 074.950%, best valid error 074.160%, avg grad norm   0.202, avg grad norm (post clip)   0.211, rho_Whh  0.94, Omega  0.00, alpha  2.000, steps in the past 0.010, valid nll 1.386
  [diag] log10|dL/dh_t| hist bins=60 range=(-12.00,-2.49) mean=-11.90 p50=-12.00 p05=-12.00 p95=-12.00
  [diag] sat-dist hist bins=60 sat<0.05=0.0% mean=0.985 p10=0.984 p90=0.985
Iter 0000880: train nll 1.388, valid error 074.950%, best valid error 074.160%, avg grad norm   0.174, avg grad norm (post clip)   0.184, rho_Whh  0.94, Omega  0.00, alpha  2.000, steps in the past 0.010, valid nll 1.386
  [diag] log10|dL/dh_t| hist bins=60 range=(-12.00,-2.49) mean=-11.90 p50=-12.00 p05=-12.00 p95=-12.00
  [diag] sat-dist hist bins=60 sat<0.05=0.0% mean=0.985 p10=0.984 p90=0.986
Iter 0000900: train nll 1.387, valid error 074.990%, best valid error 074.160%, avg grad norm   0.207, avg grad norm (post clip)   0.216, rho_Whh  0.94, Omega  0.00, alpha  2.000, steps in the past 0.010, valid nll 1.386
  [diag] log10|dL/dh_t| hist bins=60 range=(-12.00,-2.49) mean=-11.90 p50=-12.00 p05=-12.00 p95=-12.00
  [diag] sat-dist hist bins=60 sat<0.05=0.0% mean=0.984 p10=0.983 p90=0.985
Iter 0000920: train nll 1.387, valid error 074.950%, best valid error 074.160%, avg grad norm   0.194, avg grad norm (post clip)   0.204, rho_Whh  0.94, Omega  0.00, alpha  2.000, steps in the past 0.010, valid nll 1.386
  [diag] log10|dL/dh_t| hist bins=60 range=(-12.00,-2.49) mean=-11.90 p50=-12.00 p05=-12.00 p95=-12.00
  [diag] sat-dist hist bins=60 sat<0.05=0.0% mean=0.985 p10=0.984 p90=0.985
Iter 0000940: train nll 1.386, valid error 074.950%, best valid error 074.160%, avg grad norm   0.163, avg grad norm (post clip)   0.173, rho_Whh  0.94, Omega  0.00, alpha  2.000, steps in the past 0.010, valid nll 1.386
  [diag] log10|dL/dh_t| hist bins=60 range=(-12.00,-2.49) mean=-11.90 p50=-12.00 p05=-12.00 p95=-12.00
  [diag] sat-dist hist bins=60 sat<0.05=0.0% mean=0.985 p10=0.984 p90=0.985
Iter 0000960: train nll 1.387, valid error 074.950%, best valid error 074.160%, avg grad norm   0.196, avg grad norm (post clip)   0.204, rho_Whh  0.94, Omega  0.00, alpha  2.000, steps in the past 0.010, valid nll 1.386
  [diag] log10|dL/dh_t| hist bins=60 range=(-12.00,-2.49) mean=-11.90 p50=-12.00 p05=-12.00 p95=-12.00
  [diag] sat-dist hist bins=60 sat<0.05=0.0% mean=0.984 p10=0.983 p90=0.985
Iter 0000980: train nll 1.386, valid error 074.950%, best valid error 074.160%, avg grad norm   0.160, avg grad norm (post clip)   0.170, rho_Whh  0.94, Omega  0.00, alpha  2.000, steps in the past 0.010, valid nll 1.386
  [diag] log10|dL/dh_t| hist bins=60 range=(-12.00,-2.49) mean=-11.90 p50=-12.00 p05=-12.00 p95=-12.00
  [diag] sat-dist hist bins=60 sat<0.05=0.0% mean=0.984 p10=0.983 p90=0.985
Iter 0001000: train nll 1.386, valid error 074.950%, best valid error 074.160%, avg grad norm   0.180, avg grad norm (post clip)   0.188, rho_Whh  0.94, Omega  0.00, alpha  2.000, steps in the past 0.010, valid nll 1.386
  [diag] log10|dL/dh_t| hist bins=60 range=(-12.00,-2.49) mean=-11.90 p50=-12.00 p05=-12.00 p95=-12.00
  [diag] sat-dist hist bins=60 sat<0.05=0.0% mean=0.983 p10=0.982 p90=0.984
Iter 0001020: train nll 1.386, valid error 074.950%, best valid error 074.160%, avg grad norm   0.157, avg grad norm (post clip)   0.166, rho_Whh  0.94, Omega  0.00, alpha  2.000, steps in the past 0.010, valid nll 1.386
  [diag] log10|dL/dh_t| hist bins=60 range=(-12.00,-2.49) mean=-11.90 p50=-12.00 p05=-12.00 p95=-12.00
  [diag] sat-dist hist bins=60 sat<0.05=0.0% mean=0.983 p10=0.982 p90=0.984
Iter 0001040: train nll 1.387, valid error 074.950%, best valid error 074.160%, avg grad norm   0.194, avg grad norm (post clip)   0.203, rho_Whh  0.94, Omega  0.00, alpha  2.000, steps in the past 0.010, valid nll 1.386
  [diag] log10|dL/dh_t| hist bins=60 range=(-12.00,-2.49) mean=-11.90 p50=-12.00 p05=-12.00 p95=-12.00
  [diag] sat-dist hist bins=60 sat<0.05=0.0% mean=0.983 p10=0.982 p90=0.983
Iter 0001060: train nll 1.386, valid error 074.950%, best valid error 074.160%, avg grad norm   0.188, avg grad norm (post clip)   0.198, rho_Whh  0.94, Omega  0.00, alpha  2.000, steps in the past 0.010, valid nll 1.386
  [diag] log10|dL/dh_t| hist bins=60 range=(-12.00,-2.49) mean=-11.90 p50=-12.00 p05=-12.00 p95=-12.00
  [diag] sat-dist hist bins=60 sat<0.05=0.0% mean=0.984 p10=0.983 p90=0.984
Iter 0001080: train nll 1.388, valid error 074.180%, best valid error 074.160%, avg grad norm   0.227, avg grad norm (post clip)   0.236, rho_Whh  0.94, Omega  0.00, alpha  2.000, steps in the past 0.010, valid nll 1.386
  [diag] log10|dL/dh_t| hist bins=60 range=(-12.00,-2.49) mean=-11.90 p50=-12.00 p05=-12.00 p95=-12.00
  [diag] sat-dist hist bins=60 sat<0.05=0.0% mean=0.984 p10=0.984 p90=0.985
Iter 0001100: train nll 1.386, valid error 074.210%, best valid error 074.160%, avg grad norm   0.207, avg grad norm (post clip)   0.219, rho_Whh  0.94, Omega  0.00, alpha  2.000, steps in the past 0.010, valid nll 1.386
  [diag] log10|dL/dh_t| hist bins=60 range=(-12.00,-2.49) mean=-11.90 p50=-12.00 p05=-12.00 p95=-12.00
  [diag] sat-dist hist bins=60 sat<0.05=0.0% mean=0.985 p10=0.984 p90=0.985
Iter 0001120: train nll 1.386, valid error 074.210%, best valid error 074.160%, avg grad norm   0.188, avg grad norm (post clip)   0.199, rho_Whh  0.94, Omega  0.00, alpha  2.000, steps in the past 0.010, valid nll 1.386
  [diag] log10|dL/dh_t| hist bins=60 range=(-12.00,-2.49) mean=-11.90 p50=-12.00 p05=-12.00 p95=-12.00
  [diag] sat-dist hist bins=60 sat<0.05=0.0% mean=0.984 p10=0.983 p90=0.985
Iter 0001140: train nll 1.387, valid error 074.890%, best valid error 074.160%, avg grad norm   0.182, avg grad norm (post clip)   0.192, rho_Whh  0.94, Omega  0.00, alpha  2.000, steps in the past 0.010, valid nll 1.386
  [diag] log10|dL/dh_t| hist bins=60 range=(-12.00,-2.49) mean=-11.90 p50=-12.00 p05=-12.00 p95=-12.00
  [diag] sat-dist hist bins=60 sat<0.05=0.0% mean=0.984 p10=0.984 p90=0.985
Iter 0001160: train nll 1.386, valid error 074.210%, best valid error 074.160%, avg grad norm   0.183, avg grad norm (post clip)   0.192, rho_Whh  0.94, Omega  0.00, alpha  2.000, steps in the past 0.010, valid nll 1.386
  [diag] log10|dL/dh_t| hist bins=60 range=(-12.00,-2.49) mean=-11.90 p50=-12.00 p05=-12.00 p95=-12.00
  [diag] sat-dist hist bins=60 sat<0.05=0.0% mean=0.984 p10=0.984 p90=0.985
Iter 0001180: train nll 1.387, valid error 074.530%, best valid error 074.160%, avg grad norm   0.166, avg grad norm (post clip)   0.176, rho_Whh  0.94, Omega  0.00, alpha  2.000, steps in the past 0.010, valid nll 1.386
  [diag] log10|dL/dh_t| hist bins=60 range=(-12.00,-2.49) mean=-11.90 p50=-12.00 p05=-12.00 p95=-12.00
  [diag] sat-dist hist bins=60 sat<0.05=0.0% mean=0.984 p10=0.983 p90=0.985
Iter 0001200: train nll 1.386, valid error 074.820%, best valid error 074.160%, avg grad norm   0.171, avg grad norm (post clip)   0.180, rho_Whh  0.94, Omega  0.00, alpha  2.000, steps in the past 0.010, valid nll 1.386
  [diag] log10|dL/dh_t| hist bins=60 range=(-12.00,-2.49) mean=-11.90 p50=-12.00 p05=-12.00 p95=-12.00
  [diag] sat-dist hist bins=60 sat<0.05=0.0% mean=0.984 p10=0.983 p90=0.985
Iter 0001220: train nll 1.387, valid error 074.940%, best valid error 074.160%, avg grad norm   0.166, avg grad norm (post clip)   0.174, rho_Whh  0.94, Omega  0.00, alpha  2.000, steps in the past 0.010, valid nll 1.386
  [diag] log10|dL/dh_t| hist bins=60 range=(-12.00,-2.49) mean=-11.90 p50=-12.00 p05=-12.00 p95=-12.00
  [diag] sat-dist hist bins=60 sat<0.05=0.0% mean=0.984 p10=0.983 p90=0.985
Iter 0001240: train nll 1.387, valid error 075.070%, best valid error 074.160%, avg grad norm   0.155, avg grad norm (post clip)   0.164, rho_Whh  0.94, Omega  0.00, alpha  2.000, steps in the past 0.010, valid nll 1.386
  [diag] log10|dL/dh_t| hist bins=60 range=(-12.00,-2.49) mean=-11.90 p50=-12.00 p05=-12.00 p95=-12.00
  [diag] sat-dist hist bins=60 sat<0.05=0.0% mean=0.984 p10=0.983 p90=0.985
Iter 0001260: train nll 1.386, valid error 074.360%, best valid error 074.160%, avg grad norm   0.193, avg grad norm (post clip)   0.201, rho_Whh  0.94, Omega  0.00, alpha  2.000, steps in the past 0.010, valid nll 1.386
  [diag] log10|dL/dh_t| hist bins=60 range=(-12.00,-2.49) mean=-11.90 p50=-12.00 p05=-12.00 p95=-12.00
  [diag] sat-dist hist bins=60 sat<0.05=0.0% mean=0.984 p10=0.983 p90=0.985
Iter 0001280: train nll 1.386, valid error 074.860%, best valid error 074.160%, avg grad norm   0.213, avg grad norm (post clip)   0.223, rho_Whh  0.94, Omega  0.00, alpha  2.000, steps in the past 0.010, valid nll 1.386
  [diag] log10|dL/dh_t| hist bins=60 range=(-12.00,-2.49) mean=-11.90 p50=-12.00 p05=-12.00 p95=-12.00
  [diag] sat-dist hist bins=60 sat<0.05=0.0% mean=0.983 p10=0.982 p90=0.984
Iter 0001300: train nll 1.387, valid error 074.950%, best valid error 074.160%, avg grad norm   0.184, avg grad norm (post clip)   0.195, rho_Whh  0.94, Omega  0.00, alpha  2.000, steps in the past 0.010, valid nll 1.386
  [diag] log10|dL/dh_t| hist bins=60 range=(-12.00,-2.49) mean=-11.90 p50=-12.00 p05=-12.00 p95=-12.00
  [diag] sat-dist hist bins=60 sat<0.05=0.0% mean=0.984 p10=0.983 p90=0.985
Iter 0001320: train nll 1.387, valid error 074.950%, best valid error 074.160%, avg grad norm   0.179, avg grad norm (post clip)   0.188, rho_Whh  0.94, Omega  0.00, alpha  2.000, steps in the past 0.010, valid nll 1.386
  [diag] log10|dL/dh_t| hist bins=60 range=(-12.00,-2.49) mean=-11.90 p50=-12.00 p05=-12.00 p95=-12.00
  [diag] sat-dist hist bins=60 sat<0.05=0.0% mean=0.984 p10=0.984 p90=0.985
Iter 0001340: train nll 1.387, valid error 074.400%, best valid error 074.160%, avg grad norm   0.188, avg grad norm (post clip)   0.198, rho_Whh  0.94, Omega  0.00, alpha  2.000, steps in the past 0.010, valid nll 1.386
  [diag] log10|dL/dh_t| hist bins=60 range=(-12.00,-2.49) mean=-11.90 p50=-12.00 p05=-12.00 p95=-12.00
  [diag] sat-dist hist bins=60 sat<0.05=0.0% mean=0.984 p10=0.983 p90=0.985
Iter 0001360: train nll 1.386, valid error 074.950%, best valid error 074.160%, avg grad norm   0.235, avg grad norm (post clip)   0.244, rho_Whh  0.94, Omega  0.00, alpha  2.000, steps in the past 0.010, valid nll 1.386
  [diag] log10|dL/dh_t| hist bins=60 range=(-12.00,-2.49) mean=-11.90 p50=-12.00 p05=-12.00 p95=-12.00
  [diag] sat-dist hist bins=60 sat<0.05=0.0% mean=0.985 p10=0.984 p90=0.986
Iter 0001380: train nll 1.387, valid error 074.840%, best valid error 074.160%, avg grad norm   0.212, avg grad norm (post clip)   0.225, rho_Whh  0.94, Omega  0.00, alpha  2.000, steps in the past 0.010, valid nll 1.386
  [diag] log10|dL/dh_t| hist bins=60 range=(-12.00,-2.49) mean=-11.90 p50=-12.00 p05=-12.00 p95=-12.00
  [diag] sat-dist hist bins=60 sat<0.05=0.0% mean=0.984 p10=0.983 p90=0.985
Iter 0001400: train nll 1.385, valid error 074.950%, best valid error 074.160%, avg grad norm   0.191, avg grad norm (post clip)   0.202, rho_Whh  0.94, Omega  0.00, alpha  2.000, steps in the past 0.010, valid nll 1.386
  [diag] log10|dL/dh_t| hist bins=60 range=(-12.00,-2.49) mean=-11.90 p50=-12.00 p05=-12.00 p95=-12.00
  [diag] sat-dist hist bins=60 sat<0.05=0.0% mean=0.984 p10=0.983 p90=0.985
Iter 0001420: train nll 1.386, valid error 074.950%, best valid error 074.160%, avg grad norm   0.189, avg grad norm (post clip)   0.199, rho_Whh  0.94, Omega  0.00, alpha  2.000, steps in the past 0.010, valid nll 1.386
  [diag] log10|dL/dh_t| hist bins=60 range=(-12.00,-2.49) mean=-11.90 p50=-12.00 p05=-12.00 p95=-12.00
  [diag] sat-dist hist bins=60 sat<0.05=0.0% mean=0.985 p10=0.984 p90=0.985
Iter 0001440: train nll 1.386, valid error 074.210%, best valid error 074.160%, avg grad norm   0.182, avg grad norm (post clip)   0.192, rho_Whh  0.94, Omega  0.00, alpha  2.000, steps in the past 0.010, valid nll 1.386
  [diag] log10|dL/dh_t| hist bins=60 range=(-12.00,-2.49) mean=-11.90 p50=-12.00 p05=-12.00 p95=-12.00
  [diag] sat-dist hist bins=60 sat<0.05=0.0% mean=0.985 p10=0.984 p90=0.985
Iter 0001460: train nll 1.387, valid error 074.100%, best valid error 074.160%, avg grad norm   0.196, avg grad norm (post clip)   0.205, rho_Whh  0.94, Omega  0.00, alpha  2.000, steps in the past 0.010, valid nll 1.386
  [diag] log10|dL/dh_t| hist bins=60 range=(-12.00,-2.49) mean=-11.90 p50=-12.00 p05=-12.00 p95=-12.00
  [diag] sat-dist hist bins=60 sat<0.05=0.0% mean=0.984 p10=0.983 p90=0.984
Iter 0001480: train nll 1.386, valid error 074.200%, best valid error 074.100%, avg grad norm   0.189, avg grad norm (post clip)   0.200, rho_Whh  0.94, Omega  0.00, alpha  2.000, steps in the past 0.010, valid nll 1.386
  [diag] log10|dL/dh_t| hist bins=60 range=(-12.00,-2.49) mean=-11.90 p50=-12.00 p05=-12.00 p95=-12.00
  [diag] sat-dist hist bins=60 sat<0.05=0.0% mean=0.983 p10=0.982 p90=0.984
Iter 0001500: train nll 1.387, valid error 074.490%, best valid error 074.100%, avg grad norm   0.219, avg grad norm (post clip)   0.229, rho_Whh  0.94, Omega  0.00, alpha  2.000, steps in the past 0.010, valid nll 1.386
  [diag] log10|dL/dh_t| hist bins=60 range=(-12.00,-2.49) mean=-11.90 p50=-12.00 p05=-12.00 p95=-12.00
  [diag] sat-dist hist bins=60 sat<0.05=0.0% mean=0.984 p10=0.983 p90=0.985
Iter 0001520: train nll 1.387, valid error 074.160%, best valid error 074.100%, avg grad norm   0.202, avg grad norm (post clip)   0.214, rho_Whh  0.94, Omega  0.00, alpha  2.000, steps in the past 0.010, valid nll 1.386
  [diag] log10|dL/dh_t| hist bins=60 range=(-12.00,-2.49) mean=-11.90 p50=-12.00 p05=-12.00 p95=-12.00
  [diag] sat-dist hist bins=60 sat<0.05=0.0% mean=0.984 p10=0.983 p90=0.984
Iter 0001540: train nll 1.386, valid error 074.950%, best valid error 074.100%, avg grad norm   0.191, avg grad norm (post clip)   0.201, rho_Whh  0.94, Omega  0.00, alpha  2.000, steps in the past 0.010, valid nll 1.386
  [diag] log10|dL/dh_t| hist bins=60 range=(-12.00,-2.49) mean=-11.90 p50=-12.00 p05=-12.00 p95=-12.00
  [diag] sat-dist hist bins=60 sat<0.05=0.0% mean=0.984 p10=0.983 p90=0.984
Iter 0001560: train nll 1.386, valid error 074.950%, best valid error 074.100%, avg grad norm   0.171, avg grad norm (post clip)   0.181, rho_Whh  0.94, Omega  0.00, alpha  2.000, steps in the past 0.010, valid nll 1.386
  [diag] log10|dL/dh_t| hist bins=60 range=(-12.00,-2.49) mean=-11.90 p50=-12.00 p05=-12.00 p95=-12.00
  [diag] sat-dist hist bins=60 sat<0.05=0.0% mean=0.983 p10=0.982 p90=0.984
Iter 0001580: train nll 1.387, valid error 074.950%, best valid error 074.100%, avg grad norm   0.168, avg grad norm (post clip)   0.177, rho_Whh  0.94, Omega  0.00, alpha  2.000, steps in the past 0.010, valid nll 1.386
  [diag] log10|dL/dh_t| hist bins=60 range=(-12.00,-2.49) mean=-11.90 p50=-12.00 p05=-12.00 p95=-12.00
  [diag] sat-dist hist bins=60 sat<0.05=0.0% mean=0.983 p10=0.982 p90=0.983
Iter 0001600: train nll 1.386, valid error 074.730%, best valid error 074.100%, avg grad norm   0.172, avg grad norm (post clip)   0.181, rho_Whh  0.94, Omega  0.00, alpha  2.000, steps in the past 0.010, valid nll 1.386
  [diag] log10|dL/dh_t| hist bins=60 range=(-12.00,-2.49) mean=-11.90 p50=-12.00 p05=-12.00 p95=-12.00
  [diag] sat-dist hist bins=60 sat<0.05=0.0% mean=0.982 p10=0.981 p90=0.983
Iter 0001620: train nll 1.386, valid error 074.950%, best valid error 074.100%, avg grad norm   0.209, avg grad norm (post clip)   0.218, rho_Whh  0.94, Omega  0.00, alpha  2.000, steps in the past 0.010, valid nll 1.386
  [diag] log10|dL/dh_t| hist bins=60 range=(-12.00,-2.49) mean=-11.90 p50=-12.00 p05=-12.00 p95=-12.00
  [diag] sat-dist hist bins=60 sat<0.05=0.0% mean=0.982 p10=0.981 p90=0.983
Iter 0001640: train nll 1.387, valid error 074.880%, best valid error 074.100%, avg grad norm   0.188, avg grad norm (post clip)   0.199, rho_Whh  0.94, Omega  0.00, alpha  2.000, steps in the past 0.010, valid nll 1.386
  [diag] log10|dL/dh_t| hist bins=60 range=(-12.00,-2.49) mean=-11.90 p50=-12.00 p05=-12.00 p95=-12.00
  [diag] sat-dist hist bins=60 sat<0.05=0.0% mean=0.983 p10=0.982 p90=0.983
Iter 0001660: train nll 1.387, valid error 075.530%, best valid error 074.100%, avg grad norm   0.186, avg grad norm (post clip)   0.196, rho_Whh  0.94, Omega  0.00, alpha  2.000, steps in the past 0.010, valid nll 1.386
  [diag] log10|dL/dh_t| hist bins=60 range=(-12.00,-2.49) mean=-11.90 p50=-12.00 p05=-12.00 p95=-12.00
  [diag] sat-dist hist bins=60 sat<0.05=0.0% mean=0.981 p10=0.980 p90=0.982
Iter 0001680: train nll 1.385, valid error 074.830%, best valid error 074.100%, avg grad norm   0.209, avg grad norm (post clip)   0.219, rho_Whh  0.94, Omega  0.00, alpha  2.000, steps in the past 0.010, valid nll 1.387
  [diag] log10|dL/dh_t| hist bins=60 range=(-12.00,-2.49) mean=-11.90 p50=-12.00 p05=-12.00 p95=-12.00
  [diag] sat-dist hist bins=60 sat<0.05=0.0% mean=0.982 p10=0.981 p90=0.983
Iter 0001700: train nll 1.387, valid error 074.950%, best valid error 074.100%, avg grad norm   0.187, avg grad norm (post clip)   0.198, rho_Whh  0.94, Omega  0.00, alpha  2.000, steps in the past 0.010, valid nll 1.386
  [diag] log10|dL/dh_t| hist bins=60 range=(-12.00,-2.49) mean=-11.90 p50=-12.00 p05=-12.00 p95=-12.00
  [diag] sat-dist hist bins=60 sat<0.05=0.0% mean=0.982 p10=0.981 p90=0.983
Iter 0001720: train nll 1.385, valid error 074.950%, best valid error 074.100%, avg grad norm   0.192, avg grad norm (post clip)   0.202, rho_Whh  0.94, Omega  0.00, alpha  2.000, steps in the past 0.010, valid nll 1.386
  [diag] log10|dL/dh_t| hist bins=60 range=(-12.00,-2.49) mean=-11.90 p50=-12.00 p05=-12.00 p95=-12.00
  [diag] sat-dist hist bins=60 sat<0.05=0.0% mean=0.980 p10=0.979 p90=0.981
Iter 0001740: train nll 1.383, valid error 074.950%, best valid error 074.100%, avg grad norm   0.186, avg grad norm (post clip)   0.196, rho_Whh  0.94, Omega  0.00, alpha  2.000, steps in the past 0.010, valid nll 1.387
  [diag] log10|dL/dh_t| hist bins=60 range=(-12.00,-2.49) mean=-11.90 p50=-12.00 p05=-12.00 p95=-12.00
  [diag] sat-dist hist bins=60 sat<0.05=0.0% mean=0.980 p10=0.979 p90=0.981
Iter 0001760: train nll 1.387, valid error 074.950%, best valid error 074.100%, avg grad norm   0.200, avg grad norm (post clip)   0.210, rho_Whh  0.94, Omega  0.00, alpha  2.000, steps in the past 0.010, valid nll 1.387
  [diag] log10|dL/dh_t| hist bins=60 range=(-12.00,-2.49) mean=-11.90 p50=-12.00 p05=-12.00 p95=-12.00
  [diag] sat-dist hist bins=60 sat<0.05=0.0% mean=0.982 p10=0.981 p90=0.983
Iter 0001780: train nll 1.387, valid error 074.950%, best valid error 074.100%, avg grad norm   0.187, avg grad norm (post clip)   0.197, rho_Whh  0.94, Omega  0.00, alpha  2.000, steps in the past 0.010, valid nll 1.386
  [diag] log10|dL/dh_t| hist bins=60 range=(-12.00,-2.49) mean=-11.90 p50=-12.00 p05=-12.00 p95=-12.00
  [diag] sat-dist hist bins=60 sat<0.05=0.0% mean=0.981 p10=0.980 p90=0.982
Iter 0001800: train nll 1.385, valid error 074.950%, best valid error 074.100%, avg grad norm   0.193, avg grad norm (post clip)   0.203, rho_Whh  0.94, Omega  0.00, alpha  2.000, steps in the past 0.010, valid nll 1.387
  [diag] log10|dL/dh_t| hist bins=60 range=(-12.00,-2.49) mean=-11.90 p50=-12.00 p05=-12.00 p95=-12.00
  [diag] sat-dist hist bins=60 sat<0.05=0.0% mean=0.981 p10=0.980 p90=0.982
Iter 0001820: train nll 1.386, valid error 074.950%, best valid error 074.100%, avg grad norm   0.192, avg grad norm (post clip)   0.203, rho_Whh  0.94, Omega  0.00, alpha  2.000, steps in the past 0.010, valid nll 1.387
  [diag] log10|dL/dh_t| hist bins=60 range=(-12.00,-2.49) mean=-11.90 p50=-12.00 p05=-12.00 p95=-12.00
  [diag] sat-dist hist bins=60 sat<0.05=0.0% mean=0.982 p10=0.981 p90=0.983
Iter 0001840: train nll 1.387, valid error 074.950%, best valid error 074.100%, avg grad norm   0.194, avg grad norm (post clip)   0.205, rho_Whh  0.95, Omega  0.00, alpha  2.000, steps in the past 0.010, valid nll 1.386
  [diag] log10|dL/dh_t| hist bins=60 range=(-12.00,-2.49) mean=-11.90 p50=-12.00 p05=-12.00 p95=-12.00
  [diag] sat-dist hist bins=60 sat<0.05=0.0% mean=0.983 p10=0.982 p90=0.984
Iter 0001860: train nll 1.386, valid error 074.950%, best valid error 074.100%, avg grad norm   0.176, avg grad norm (post clip)   0.186, rho_Whh  0.95, Omega  0.00, alpha  2.000, steps in the past 0.010, valid nll 1.386
  [diag] log10|dL/dh_t| hist bins=60 range=(-12.00,-2.49) mean=-11.90 p50=-12.00 p05=-12.00 p95=-12.00
  [diag] sat-dist hist bins=60 sat<0.05=0.0% mean=0.984 p10=0.983 p90=0.984
Iter 0001880: train nll 1.387, valid error 074.950%, best valid error 074.100%, avg grad norm   0.172, avg grad norm (post clip)   0.182, rho_Whh  0.94, Omega  0.00, alpha  2.000, steps in the past 0.010, valid nll 1.386
  [diag] log10|dL/dh_t| hist bins=60 range=(-12.00,-2.49) mean=-11.90 p50=-12.00 p05=-12.00 p95=-12.00
  [diag] sat-dist hist bins=60 sat<0.05=0.0% mean=0.985 p10=0.984 p90=0.985
Iter 0001900: train nll 1.386, valid error 074.770%, best valid error 074.100%, avg grad norm   0.194, avg grad norm (post clip)   0.203, rho_Whh  0.94, Omega  0.00, alpha  2.000, steps in the past 0.010, valid nll 1.386
  [diag] log10|dL/dh_t| hist bins=60 range=(-12.00,-2.49) mean=-11.90 p50=-12.00 p05=-12.00 p95=-12.00
  [diag] sat-dist hist bins=60 sat<0.05=0.0% mean=0.984 p10=0.983 p90=0.985
Iter 0001920: train nll 1.387, valid error 074.800%, best valid error 074.100%, avg grad norm   0.192, avg grad norm (post clip)   0.202, rho_Whh  0.94, Omega  0.00, alpha  2.000, steps in the past 0.010, valid nll 1.386
  [diag] log10|dL/dh_t| hist bins=60 range=(-12.00,-2.49) mean=-11.90 p50=-12.00 p05=-12.00 p95=-12.00
  [diag] sat-dist hist bins=60 sat<0.05=0.0% mean=0.985 p10=0.984 p90=0.985
Iter 0001940: train nll 1.386, valid error 074.210%, best valid error 074.100%, avg grad norm   0.180, avg grad norm (post clip)   0.190, rho_Whh  0.94, Omega  0.00, alpha  2.000, steps in the past 0.010, valid nll 1.386
  [diag] log10|dL/dh_t| hist bins=60 range=(-12.00,-2.49) mean=-11.90 p50=-12.00 p05=-12.00 p95=-12.00
  [diag] sat-dist hist bins=60 sat<0.05=0.0% mean=0.985 p10=0.984 p90=0.985
Iter 0001960: train nll 1.387, valid error 074.210%, best valid error 074.100%, avg grad norm   0.181, avg grad norm (post clip)   0.191, rho_Whh  0.94, Omega  0.00, alpha  2.000, steps in the past 0.010, valid nll 1.386
  [diag] log10|dL/dh_t| hist bins=60 range=(-12.00,-2.49) mean=-11.90 p50=-12.00 p05=-12.00 p95=-12.00
  [diag] sat-dist hist bins=60 sat<0.05=0.0% mean=0.985 p10=0.984 p90=0.986
Iter 0001980: train nll 1.387, valid error 074.210%, best valid error 074.100%, avg grad norm   0.185, avg grad norm (post clip)   0.195, rho_Whh  0.94, Omega  0.00, alpha  2.000, steps in the past 0.010, valid nll 1.386
  [diag] log10|dL/dh_t| hist bins=60 range=(-12.00,-2.49) mean=-11.90 p50=-12.00 p05=-12.00 p95=-12.00
  [diag] sat-dist hist bins=60 sat<0.05=0.0% mean=0.985 p10=0.984 p90=0.985
Iter 0002000: train nll 1.387, valid error 074.230%, best valid error 074.100%, avg grad norm   0.217, avg grad norm (post clip)   0.227, rho_Whh  0.94, Omega  0.00, alpha  2.000, steps in the past 0.010, valid nll 1.386
  [diag] log10|dL/dh_t| hist bins=60 range=(-12.00,-2.49) mean=-11.90 p50=-12.00 p05=-12.00 p95=-12.00
  [diag] sat-dist hist bins=60 sat<0.05=0.0% mean=0.985 p10=0.984 p90=0.985
Iter 0002020: train nll 1.387, valid error 074.210%, best valid error 074.100%, avg grad norm   0.189, avg grad norm (post clip)   0.200, rho_Whh  0.94, Omega  0.00, alpha  2.000, steps in the past 0.010, valid nll 1.386
  [diag] log10|dL/dh_t| hist bins=60 range=(-12.00,-2.49) mean=-11.90 p50=-12.00 p05=-12.00 p95=-12.00
  [diag] sat-dist hist bins=60 sat<0.05=0.0% mean=0.984 p10=0.984 p90=0.985
Iter 0002040: train nll 1.386, valid error 074.210%, best valid error 074.100%, avg grad norm   0.209, avg grad norm (post clip)   0.219, rho_Whh  0.94, Omega  0.00, alpha  2.000, steps in the past 0.010, valid nll 1.386
  [diag] log10|dL/dh_t| hist bins=60 range=(-12.00,-2.49) mean=-11.90 p50=-12.00 p05=-12.00 p95=-12.00
  [diag] sat-dist hist bins=60 sat<0.05=0.0% mean=0.984 p10=0.983 p90=0.985
Iter 0002060: train nll 1.386, valid error 074.180%, best valid error 074.100%, avg grad norm   0.194, avg grad norm (post clip)   0.205, rho_Whh  0.94, Omega  0.00, alpha  2.000, steps in the past 0.010, valid nll 1.386
  [diag] log10|dL/dh_t| hist bins=60 range=(-12.00,-2.49) mean=-11.90 p50=-12.00 p05=-12.00 p95=-12.00
  [diag] sat-dist hist bins=60 sat<0.05=0.0% mean=0.984 p10=0.983 p90=0.985
Iter 0002080: train nll 1.385, valid error 074.210%, best valid error 074.100%, avg grad norm   0.167, avg grad norm (post clip)   0.177, rho_Whh  0.94, Omega  0.00, alpha  2.000, steps in the past 0.010, valid nll 1.386
  [diag] log10|dL/dh_t| hist bins=60 range=(-12.00,-2.49) mean=-11.90 p50=-12.00 p05=-12.00 p95=-12.00
  [diag] sat-dist hist bins=60 sat<0.05=0.0% mean=0.984 p10=0.983 p90=0.985
Iter 0002100: train nll 1.386, valid error 074.210%, best valid error 074.100%, avg grad norm   0.179, avg grad norm (post clip)   0.188, rho_Whh  0.94, Omega  0.00, alpha  2.000, steps in the past 0.010, valid nll 1.386
  [diag] log10|dL/dh_t| hist bins=60 range=(-12.00,-2.49) mean=-11.90 p50=-12.00 p05=-12.00 p95=-12.00
  [diag] sat-dist hist bins=60 sat<0.05=0.0% mean=0.984 p10=0.983 p90=0.985
Iter 0002120: train nll 1.387, valid error 074.910%, best valid error 074.100%, avg grad norm   0.197, avg grad norm (post clip)   0.206, rho_Whh  0.94, Omega  0.00, alpha  2.000, steps in the past 0.010, valid nll 1.386
  [diag] log10|dL/dh_t| hist bins=60 range=(-12.00,-2.49) mean=-11.90 p50=-12.00 p05=-12.00 p95=-12.00
  [diag] sat-dist hist bins=60 sat<0.05=0.0% mean=0.983 p10=0.982 p90=0.984
Iter 0002140: train nll 1.386, valid error 075.750%, best valid error 074.100%, avg grad norm   0.195, avg grad norm (post clip)   0.206, rho_Whh  0.94, Omega  0.00, alpha  2.000, steps in the past 0.010, valid nll 1.386
  [diag] log10|dL/dh_t| hist bins=60 range=(-12.00,-2.49) mean=-11.90 p50=-12.00 p05=-12.00 p95=-12.00
  [diag] sat-dist hist bins=60 sat<0.05=0.0% mean=0.984 p10=0.983 p90=0.985
Iter 0002160: train nll 1.387, valid error 075.760%, best valid error 074.100%, avg grad norm   0.180, avg grad norm (post clip)   0.190, rho_Whh  0.94, Omega  0.00, alpha  2.000, steps in the past 0.010, valid nll 1.386
  [diag] log10|dL/dh_t| hist bins=60 range=(-12.00,-2.49) mean=-11.90 p50=-12.00 p05=-12.00 p95=-12.00
  [diag] sat-dist hist bins=60 sat<0.05=0.0% mean=0.984 p10=0.984 p90=0.985
Iter 0002180: train nll 1.386, valid error 075.030%, best valid error 074.100%, avg grad norm   0.196, avg grad norm (post clip)   0.205, rho_Whh  0.94, Omega  0.00, alpha  2.000, steps in the past 0.010, valid nll 1.386
  [diag] log10|dL/dh_t| hist bins=60 range=(-12.00,-2.49) mean=-11.90 p50=-12.00 p05=-12.00 p95=-12.00
  [diag] sat-dist hist bins=60 sat<0.05=0.0% mean=0.985 p10=0.984 p90=0.985
Iter 0002200: train nll 1.387, valid error 075.100%, best valid error 074.100%, avg grad norm   0.146, avg grad norm (post clip)   0.156, rho_Whh  0.94, Omega  0.00, alpha  2.000, steps in the past 0.010, valid nll 1.386
  [diag] log10|dL/dh_t| hist bins=60 range=(-12.00,-2.49) mean=-11.90 p50=-12.00 p05=-12.00 p95=-12.00
  [diag] sat-dist hist bins=60 sat<0.05=0.0% mean=0.984 p10=0.983 p90=0.985
Iter 0002220: train nll 1.386, valid error 075.750%, best valid error 074.100%, avg grad norm   0.206, avg grad norm (post clip)   0.214, rho_Whh  0.94, Omega  0.00, alpha  2.000, steps in the past 0.010, valid nll 1.386
  [diag] log10|dL/dh_t| hist bins=60 range=(-12.00,-2.49) mean=-11.90 p50=-12.00 p05=-12.00 p95=-12.00
  [diag] sat-dist hist bins=60 sat<0.05=0.0% mean=0.984 p10=0.983 p90=0.985
Iter 0002240: train nll 1.386, valid error 075.750%, best valid error 074.100%, avg grad norm   0.205, avg grad norm (post clip)   0.215, rho_Whh  0.95, Omega  0.00, alpha  2.000, steps in the past 0.010, valid nll 1.386
  [diag] log10|dL/dh_t| hist bins=60 range=(-12.00,-2.49) mean=-11.90 p50=-12.00 p05=-12.00 p95=-12.00
  [diag] sat-dist hist bins=60 sat<0.05=0.0% mean=0.984 p10=0.983 p90=0.985
Iter 0002260: train nll 1.386, valid error 075.750%, best valid error 074.100%, avg grad norm   0.219, avg grad norm (post clip)   0.230, rho_Whh  0.95, Omega  0.00, alpha  2.000, steps in the past 0.010, valid nll 1.386
  [diag] log10|dL/dh_t| hist bins=60 range=(-12.00,-2.49) mean=-11.90 p50=-12.00 p05=-12.00 p95=-12.00
  [diag] sat-dist hist bins=60 sat<0.05=0.0% mean=0.984 p10=0.983 p90=0.985
Iter 0002280: train nll 1.386, valid error 075.510%, best valid error 074.100%, avg grad norm   0.172, avg grad norm (post clip)   0.183, rho_Whh  0.94, Omega  0.00, alpha  2.000, steps in the past 0.010, valid nll 1.386
  [diag] log10|dL/dh_t| hist bins=60 range=(-12.00,-2.49) mean=-11.90 p50=-12.00 p05=-12.00 p95=-12.00
  [diag] sat-dist hist bins=60 sat<0.05=0.0% mean=0.984 p10=0.983 p90=0.985
Iter 0002300: train nll 1.387, valid error 075.100%, best valid error 074.100%, avg grad norm   0.178, avg grad norm (post clip)   0.187, rho_Whh  0.95, Omega  0.00, alpha  2.000, steps in the past 0.010, valid nll 1.386
  [diag] log10|dL/dh_t| hist bins=60 range=(-12.00,-2.49) mean=-11.90 p50=-12.00 p05=-12.00 p95=-12.00
  [diag] sat-dist hist bins=60 sat<0.05=0.0% mean=0.983 p10=0.982 p90=0.984
Iter 0002320: train nll 1.386, valid error 075.750%, best valid error 074.100%, avg grad norm   0.179, avg grad norm (post clip)   0.189, rho_Whh  0.94, Omega  0.00, alpha  2.000, steps in the past 0.010, valid nll 1.387
  [diag] log10|dL/dh_t| hist bins=60 range=(-12.00,-2.49) mean=-11.90 p50=-12.00 p05=-12.00 p95=-12.00
  [diag] sat-dist hist bins=60 sat<0.05=0.0% mean=0.982 p10=0.981 p90=0.983
Iter 0002340: train nll 1.386, valid error 075.750%, best valid error 074.100%, avg grad norm   0.191, avg grad norm (post clip)   0.200, rho_Whh  0.94, Omega  0.00, alpha  2.000, steps in the past 0.010, valid nll 1.387
  [diag] log10|dL/dh_t| hist bins=60 range=(-12.00,-2.49) mean=-11.90 p50=-12.00 p05=-12.00 p95=-12.00
  [diag] sat-dist hist bins=60 sat<0.05=0.0% mean=0.983 p10=0.982 p90=0.984
Iter 0002360: train nll 1.387, valid error 075.750%, best valid error 074.100%, avg grad norm   0.185, avg grad norm (post clip)   0.195, rho_Whh  0.95, Omega  0.00, alpha  2.000, steps in the past 0.010, valid nll 1.387
  [diag] log10|dL/dh_t| hist bins=60 range=(-12.00,-2.49) mean=-11.90 p50=-12.00 p05=-12.00 p95=-12.00
  [diag] sat-dist hist bins=60 sat<0.05=0.0% mean=0.984 p10=0.983 p90=0.985
Iter 0002380: train nll 1.387, valid error 075.750%, best valid error 074.100%, avg grad norm   0.211, avg grad norm (post clip)   0.221, rho_Whh  0.95, Omega  0.00, alpha  2.000, steps in the past 0.010, valid nll 1.387
  [diag] log10|dL/dh_t| hist bins=60 range=(-12.00,-2.49) mean=-11.90 p50=-12.00 p05=-12.00 p95=-12.00
  [diag] sat-dist hist bins=60 sat<0.05=0.0% mean=0.984 p10=0.983 p90=0.985
Iter 0002400: train nll 1.387, valid error 075.750%, best valid error 074.100%, avg grad norm   0.212, avg grad norm (post clip)   0.223, rho_Whh  0.95, Omega  0.00, alpha  2.000, steps in the past 0.010, valid nll 1.386
  [diag] log10|dL/dh_t| hist bins=60 range=(-12.00,-2.49) mean=-11.90 p50=-12.00 p05=-12.00 p95=-12.00
  [diag] sat-dist hist bins=60 sat<0.05=0.0% mean=0.984 p10=0.983 p90=0.985
Iter 0002420: train nll 1.387, valid error 075.750%, best valid error 074.100%, avg grad norm   0.200, avg grad norm (post clip)   0.211, rho_Whh  0.94, Omega  0.00, alpha  2.000, steps in the past 0.010, valid nll 1.386
  [diag] log10|dL/dh_t| hist bins=60 range=(-12.00,-2.49) mean=-11.90 p50=-12.00 p05=-12.00 p95=-12.00
  [diag] sat-dist hist bins=60 sat<0.05=0.0% mean=0.984 p10=0.983 p90=0.985
Iter 0002440: train nll 1.386, valid error 075.750%, best valid error 074.100%, avg grad norm   0.191, avg grad norm (post clip)   0.202, rho_Whh  0.94, Omega  0.00, alpha  2.000, steps in the past 0.010, valid nll 1.386
  [diag] log10|dL/dh_t| hist bins=60 range=(-12.00,-2.49) mean=-11.90 p50=-12.00 p05=-12.00 p95=-12.00
  [diag] sat-dist hist bins=60 sat<0.05=0.0% mean=0.984 p10=0.983 p90=0.985
Iter 0002460: train nll 1.387, valid error 075.750%, best valid error 074.100%, avg grad norm   0.193, avg grad norm (post clip)   0.203, rho_Whh  0.94, Omega  0.00, alpha  2.000, steps in the past 0.010, valid nll 1.386
  [diag] log10|dL/dh_t| hist bins=60 range=(-12.00,-2.49) mean=-11.90 p50=-12.00 p05=-12.00 p95=-12.00
  [diag] sat-dist hist bins=60 sat<0.05=0.0% mean=0.983 p10=0.983 p90=0.984
Iter 0002480: train nll 1.386, valid error 075.750%, best valid error 074.100%, avg grad norm   0.169, avg grad norm (post clip)   0.180, rho_Whh  0.94, Omega  0.00, alpha  2.000, steps in the past 0.010, valid nll 1.387
  [diag] log10|dL/dh_t| hist bins=60 range=(-12.00,-2.49) mean=-11.90 p50=-12.00 p05=-12.00 p95=-12.00
  [diag] sat-dist hist bins=60 sat<0.05=0.0% mean=0.982 p10=0.981 p90=0.983
Iter 0002500: train nll 1.385, valid error 075.750%, best valid error 074.100%, avg grad norm   0.197, avg grad norm (post clip)   0.206, rho_Whh  0.94, Omega  0.00, alpha  2.000, steps in the past 0.010, valid nll 1.387
  [diag] log10|dL/dh_t| hist bins=60 range=(-12.00,-2.49) mean=-11.90 p50=-12.00 p05=-12.00 p95=-12.00
  [diag] sat-dist hist bins=60 sat<0.05=0.0% mean=0.983 p10=0.982 p90=0.984
Iter 0002520: train nll 1.387, valid error 075.750%, best valid error 074.100%, avg grad norm   0.187, avg grad norm (post clip)   0.197, rho_Whh  0.94, Omega  0.00, alpha  2.000, steps in the past 0.010, valid nll 1.387
  [diag] log10|dL/dh_t| hist bins=60 range=(-12.00,-2.49) mean=-11.90 p50=-12.00 p05=-12.00 p95=-12.00
  [diag] sat-dist hist bins=60 sat<0.05=0.0% mean=0.983 p10=0.982 p90=0.984
Iter 0002540: train nll 1.386, valid error 075.750%, best valid error 074.100%, avg grad norm   0.170, avg grad norm (post clip)   0.180, rho_Whh  0.94, Omega  0.00, alpha  2.000, steps in the past 0.010, valid nll 1.387
  [diag] log10|dL/dh_t| hist bins=60 range=(-12.00,-2.49) mean=-11.90 p50=-12.00 p05=-12.00 p95=-12.00
  [diag] sat-dist hist bins=60 sat<0.05=0.0% mean=0.984 p10=0.983 p90=0.985
Iter 0002560: train nll 1.387, valid error 075.750%, best valid error 074.100%, avg grad norm   0.171, avg grad norm (post clip)   0.180, rho_Whh  0.94, Omega  0.00, alpha  2.000, steps in the past 0.010, valid nll 1.386
  [diag] log10|dL/dh_t| hist bins=60 range=(-12.00,-2.49) mean=-11.90 p50=-12.00 p05=-12.00 p95=-12.00
  [diag] sat-dist hist bins=60 sat<0.05=0.0% mean=0.983 p10=0.982 p90=0.984
Iter 0002580: train nll 1.386, valid error 075.750%, best valid error 074.100%, avg grad norm   0.161, avg grad norm (post clip)   0.170, rho_Whh  0.94, Omega  0.00, alpha  2.000, steps in the past 0.010, valid nll 1.387
  [diag] log10|dL/dh_t| hist bins=60 range=(-12.00,-2.49) mean=-11.90 p50=-12.00 p05=-12.00 p95=-12.00
  [diag] sat-dist hist bins=60 sat<0.05=0.0% mean=0.982 p10=0.981 p90=0.983
Iter 0002600: train nll 1.386, valid error 075.740%, best valid error 074.100%, avg grad norm   0.199, avg grad norm (post clip)   0.208, rho_Whh  0.94, Omega  0.00, alpha  2.000, steps in the past 0.010, valid nll 1.387
  [diag] log10|dL/dh_t| hist bins=60 range=(-12.00,-2.49) mean=-11.90 p50=-12.00 p05=-12.00 p95=-12.00
  [diag] sat-dist hist bins=60 sat<0.05=0.0% mean=0.983 p10=0.982 p90=0.984
Iter 0002620: train nll 1.387, valid error 074.870%, best valid error 074.100%, avg grad norm   0.192, avg grad norm (post clip)   0.202, rho_Whh  0.94, Omega  0.00, alpha  2.000, steps in the past 0.010, valid nll 1.387
  [diag] log10|dL/dh_t| hist bins=60 range=(-12.00,-2.49) mean=-11.90 p50=-12.00 p05=-12.00 p95=-12.00
  [diag] sat-dist hist bins=60 sat<0.05=0.0% mean=0.984 p10=0.983 p90=0.985
Iter 0002640: train nll 1.388, valid error 075.230%, best valid error 074.100%, avg grad norm   0.185, avg grad norm (post clip)   0.195, rho_Whh  0.94, Omega  0.00, alpha  2.000, steps in the past 0.010, valid nll 1.386
  [diag] log10|dL/dh_t| hist bins=60 range=(-12.00,-2.49) mean=-11.90 p50=-12.00 p05=-12.00 p95=-12.00
  [diag] sat-dist hist bins=60 sat<0.05=0.0% mean=0.984 p10=0.983 p90=0.985
Iter 0002660: train nll 1.386, valid error 075.760%, best valid error 074.100%, avg grad norm   0.174, avg grad norm (post clip)   0.184, rho_Whh  0.94, Omega  0.00, alpha  2.000, steps in the past 0.010, valid nll 1.386
  [diag] log10|dL/dh_t| hist bins=60 range=(-12.00,-2.49) mean=-11.90 p50=-12.00 p05=-12.00 p95=-12.00
  [diag] sat-dist hist bins=60 sat<0.05=0.0% mean=0.984 p10=0.984 p90=0.985
Iter 0002680: train nll 1.387, valid error 075.750%, best valid error 074.100%, avg grad norm   0.196, avg grad norm (post clip)   0.206, rho_Whh  0.94, Omega  0.00, alpha  2.000, steps in the past 0.010, valid nll 1.386
  [diag] log10|dL/dh_t| hist bins=60 range=(-12.00,-2.49) mean=-11.90 p50=-12.00 p05=-12.00 p95=-12.00
  [diag] sat-dist hist bins=60 sat<0.05=0.0% mean=0.985 p10=0.984 p90=0.986
Iter 0002700: train nll 1.387, valid error 075.750%, best valid error 074.100%, avg grad norm   0.175, avg grad norm (post clip)   0.186, rho_Whh  0.94, Omega  0.00, alpha  2.000, steps in the past 0.010, valid nll 1.386
  [diag] log10|dL/dh_t| hist bins=60 range=(-12.00,-2.49) mean=-11.90 p50=-12.00 p05=-12.00 p95=-12.00
  [diag] sat-dist hist bins=60 sat<0.05=0.0% mean=0.984 p10=0.983 p90=0.985
Iter 0002720: train nll 1.386, valid error 075.770%, best valid error 074.100%, avg grad norm   0.194, avg grad norm (post clip)   0.203, rho_Whh  0.94, Omega  0.00, alpha  2.000, steps in the past 0.010, valid nll 1.386
  [diag] log10|dL/dh_t| hist bins=60 range=(-12.00,-2.49) mean=-11.90 p50=-12.00 p05=-12.00 p95=-12.00
  [diag] sat-dist hist bins=60 sat<0.05=0.0% mean=0.985 p10=0.984 p90=0.985
Iter 0002740: train nll 1.387, valid error 075.490%, best valid error 074.100%, avg grad norm   0.184, avg grad norm (post clip)   0.194, rho_Whh  0.94, Omega  0.00, alpha  2.000, steps in the past 0.010, valid nll 1.386
  [diag] log10|dL/dh_t| hist bins=60 range=(-12.00,-2.49) mean=-11.90 p50=-12.00 p05=-12.00 p95=-12.00
  [diag] sat-dist hist bins=60 sat<0.05=0.0% mean=0.985 p10=0.984 p90=0.985
Iter 0002760: train nll 1.386, valid error 075.750%, best valid error 074.100%, avg grad norm   0.192, avg grad norm (post clip)   0.202, rho_Whh  0.94, Omega  0.00, alpha  2.000, steps in the past 0.010, valid nll 1.386
  [diag] log10|dL/dh_t| hist bins=60 range=(-12.00,-2.49) mean=-11.90 p50=-12.00 p05=-12.00 p95=-12.00
  [diag] sat-dist hist bins=60 sat<0.05=0.0% mean=0.985 p10=0.984 p90=0.985
Iter 0002780: train nll 1.387, valid error 075.770%, best valid error 074.100%, avg grad norm   0.179, avg grad norm (post clip)   0.189, rho_Whh  0.94, Omega  0.00, alpha  2.000, steps in the past 0.010, valid nll 1.386
  [diag] log10|dL/dh_t| hist bins=60 range=(-12.00,-2.49) mean=-11.90 p50=-12.00 p05=-12.00 p95=-12.00
  [diag] sat-dist hist bins=60 sat<0.05=0.0% mean=0.985 p10=0.984 p90=0.986
Iter 0002800: train nll 1.387, valid error 075.760%, best valid error 074.100%, avg grad norm   0.172, avg grad norm (post clip)   0.182, rho_Whh  0.94, Omega  0.00, alpha  2.000, steps in the past 0.010, valid nll 1.386
  [diag] log10|dL/dh_t| hist bins=60 range=(-12.00,-2.49) mean=-11.90 p50=-12.00 p05=-12.00 p95=-12.00
  [diag] sat-dist hist bins=60 sat<0.05=0.0% mean=0.985 p10=0.984 p90=0.986
Iter 0002820: train nll 1.386, valid error 075.760%, best valid error 074.100%, avg grad norm   0.224, avg grad norm (post clip)   0.233, rho_Whh  0.94, Omega  0.00, alpha  2.000, steps in the past 0.010, valid nll 1.386
  [diag] log10|dL/dh_t| hist bins=60 range=(-12.00,-2.49) mean=-11.90 p50=-12.00 p05=-12.00 p95=-12.00
  [diag] sat-dist hist bins=60 sat<0.05=0.0% mean=0.985 p10=0.984 p90=0.986
Iter 0002840: train nll 1.386, valid error 075.180%, best valid error 074.100%, avg grad norm   0.189, avg grad norm (post clip)   0.201, rho_Whh  0.94, Omega  0.00, alpha  2.000, steps in the past 0.010, valid nll 1.386
  [diag] log10|dL/dh_t| hist bins=60 range=(-12.00,-2.49) mean=-11.90 p50=-12.00 p05=-12.00 p95=-12.00
  [diag] sat-dist hist bins=60 sat<0.05=0.0% mean=0.985 p10=0.984 p90=0.985
Iter 0002860: train nll 1.386, valid error 075.760%, best valid error 074.100%, avg grad norm   0.169, avg grad norm (post clip)   0.179, rho_Whh  0.94, Omega  0.00, alpha  2.000, steps in the past 0.010, valid nll 1.386
  [diag] log10|dL/dh_t| hist bins=60 range=(-12.00,-2.49) mean=-11.90 p50=-12.00 p05=-12.00 p95=-12.00
  [diag] sat-dist hist bins=60 sat<0.05=0.0% mean=0.984 p10=0.983 p90=0.985
Iter 0002880: train nll 1.387, valid error 075.760%, best valid error 074.100%, avg grad norm   0.186, avg grad norm (post clip)   0.195, rho_Whh  0.94, Omega  0.00, alpha  2.000, steps in the past 0.010, valid nll 1.386
  [diag] log10|dL/dh_t| hist bins=60 range=(-12.00,-2.49) mean=-11.90 p50=-12.00 p05=-12.00 p95=-12.00
  [diag] sat-dist hist bins=60 sat<0.05=0.0% mean=0.985 p10=0.984 p90=0.985
Iter 0002900: train nll 1.386, valid error 075.400%, best valid error 074.100%, avg grad norm   0.191, avg grad norm (post clip)   0.201, rho_Whh  0.94, Omega  0.00, alpha  2.000, steps in the past 0.010, valid nll 1.386
  [diag] log10|dL/dh_t| hist bins=60 range=(-12.00,-2.49) mean=-11.90 p50=-12.00 p05=-12.00 p95=-12.00
  [diag] sat-dist hist bins=60 sat<0.05=0.0% mean=0.985 p10=0.984 p90=0.986
Iter 0002920: train nll 1.387, valid error 075.770%, best valid error 074.100%, avg grad norm   0.187, avg grad norm (post clip)   0.197, rho_Whh  0.94, Omega  0.00, alpha  2.000, steps in the past 0.010, valid nll 1.386
  [diag] log10|dL/dh_t| hist bins=60 range=(-12.00,-2.49) mean=-11.90 p50=-12.00 p05=-12.00 p95=-12.00
  [diag] sat-dist hist bins=60 sat<0.05=0.0% mean=0.984 p10=0.983 p90=0.985
Iter 0002940: train nll 1.385, valid error 075.740%, best valid error 074.100%, avg grad norm   0.180, avg grad norm (post clip)   0.190, rho_Whh  0.94, Omega  0.00, alpha  2.000, steps in the past 0.010, valid nll 1.387
  [diag] log10|dL/dh_t| hist bins=60 range=(-12.00,-2.49) mean=-11.90 p50=-12.00 p05=-12.00 p95=-12.00
  [diag] sat-dist hist bins=60 sat<0.05=0.0% mean=0.984 p10=0.983 p90=0.985
Iter 0002960: train nll 1.387, valid error 075.750%, best valid error 074.100%, avg grad norm   0.178, avg grad norm (post clip)   0.188, rho_Whh  0.94, Omega  0.00, alpha  2.000, steps in the past 0.010, valid nll 1.387
  [diag] log10|dL/dh_t| hist bins=60 range=(-12.00,-2.49) mean=-11.90 p50=-12.00 p05=-12.00 p95=-12.00
  [diag] sat-dist hist bins=60 sat<0.05=0.0% mean=0.984 p10=0.984 p90=0.985
Iter 0002980: train nll 1.387, valid error 074.850%, best valid error 074.100%, avg grad norm   0.179, avg grad norm (post clip)   0.188, rho_Whh  0.94, Omega  0.00, alpha  2.000, steps in the past 0.010, valid nll 1.387
  [diag] log10|dL/dh_t| hist bins=60 range=(-12.00,-2.49) mean=-11.90 p50=-12.00 p05=-12.00 p95=-12.00
  [diag] sat-dist hist bins=60 sat<0.05=0.0% mean=0.985 p10=0.984 p90=0.986
Iter 0003000: train nll 1.387, valid error 074.900%, best valid error 074.100%, avg grad norm   0.195, avg grad norm (post clip)   0.204, rho_Whh  0.94, Omega  0.00, alpha  2.000, steps in the past 0.010, valid nll 1.386
  [diag] log10|dL/dh_t| hist bins=60 range=(-12.00,-2.49) mean=-11.90 p50=-12.00 p05=-12.00 p95=-12.00
  [diag] sat-dist hist bins=60 sat<0.05=0.0% mean=0.985 p10=0.984 p90=0.986
Iter 0003020: train nll 1.387, valid error 074.950%, best valid error 074.100%, avg grad norm   0.179, avg grad norm (post clip)   0.189, rho_Whh  0.94, Omega  0.00, alpha  2.000, steps in the past 0.010, valid nll 1.386
  [diag] log10|dL/dh_t| hist bins=60 range=(-12.00,-2.49) mean=-11.90 p50=-12.00 p05=-12.00 p95=-12.00
  [diag] sat-dist hist bins=60 sat<0.05=0.0% mean=0.985 p10=0.984 p90=0.986
Iter 0003040: train nll 1.387, valid error 074.820%, best valid error 074.100%, avg grad norm   0.196, avg grad norm (post clip)   0.206, rho_Whh  0.94, Omega  0.00, alpha  2.000, steps in the past 0.010, valid nll 1.386
  [diag] log10|dL/dh_t| hist bins=60 range=(-12.00,-2.49) mean=-11.90 p50=-12.00 p05=-12.00 p95=-12.00
  [diag] sat-dist hist bins=60 sat<0.05=0.0% mean=0.985 p10=0.984 p90=0.986
Iter 0003060: train nll 1.386, valid error 074.950%, best valid error 074.100%, avg grad norm   0.181, avg grad norm (post clip)   0.191, rho_Whh  0.94, Omega  0.00, alpha  2.000, steps in the past 0.010, valid nll 1.386
  [diag] log10|dL/dh_t| hist bins=60 range=(-12.00,-2.49) mean=-11.90 p50=-12.00 p05=-12.00 p95=-12.00
  [diag] sat-dist hist bins=60 sat<0.05=0.0% mean=0.985 p10=0.984 p90=0.986
Iter 0003080: train nll 1.387, valid error 074.950%, best valid error 074.100%, avg grad norm   0.218, avg grad norm (post clip)   0.227, rho_Whh  0.94, Omega  0.00, alpha  2.000, steps in the past 0.010, valid nll 1.386
  [diag] log10|dL/dh_t| hist bins=60 range=(-12.00,-2.49) mean=-11.90 p50=-12.00 p05=-12.00 p95=-12.00
  [diag] sat-dist hist bins=60 sat<0.05=0.0% mean=0.985 p10=0.984 p90=0.986
Iter 0003100: train nll 1.386, valid error 075.000%, best valid error 074.100%, avg grad norm   0.205, avg grad norm (post clip)   0.216, rho_Whh  0.94, Omega  0.00, alpha  2.000, steps in the past 0.010, valid nll 1.386
  [diag] log10|dL/dh_t| hist bins=60 range=(-12.00,-2.49) mean=-11.90 p50=-12.00 p05=-12.00 p95=-12.00
  [diag] sat-dist hist bins=60 sat<0.05=0.0% mean=0.985 p10=0.984 p90=0.986
Iter 0003120: train nll 1.387, valid error 074.950%, best valid error 074.100%, avg grad norm   0.176, avg grad norm (post clip)   0.187, rho_Whh  0.94, Omega  0.00, alpha  2.000, steps in the past 0.010, valid nll 1.386
  [diag] log10|dL/dh_t| hist bins=60 range=(-12.00,-2.49) mean=-11.90 p50=-12.00 p05=-12.00 p95=-12.00
  [diag] sat-dist hist bins=60 sat<0.05=0.0% mean=0.985 p10=0.985 p90=0.986
Iter 0003140: train nll 1.386, valid error 074.950%, best valid error 074.100%, avg grad norm   0.201, avg grad norm (post clip)   0.210, rho_Whh  0.94, Omega  0.00, alpha  2.000, steps in the past 0.010, valid nll 1.386
  [diag] log10|dL/dh_t| hist bins=60 range=(-12.00,-2.49) mean=-11.90 p50=-12.00 p05=-12.00 p95=-12.00
  [diag] sat-dist hist bins=60 sat<0.05=0.0% mean=0.985 p10=0.985 p90=0.986
Iter 0003160: train nll 1.387, valid error 074.950%, best valid error 074.100%, avg grad norm   0.205, avg grad norm (post clip)   0.216, rho_Whh  0.94, Omega  0.00, alpha  2.000, steps in the past 0.010, valid nll 1.386
  [diag] log10|dL/dh_t| hist bins=60 range=(-12.00,-2.49) mean=-11.90 p50=-12.00 p05=-12.00 p95=-12.00
  [diag] sat-dist hist bins=60 sat<0.05=0.0% mean=0.986 p10=0.985 p90=0.986
Iter 0003180: train nll 1.386, valid error 074.950%, best valid error 074.100%, avg grad norm   0.179, avg grad norm (post clip)   0.190, rho_Whh  0.94, Omega  0.00, alpha  2.000, steps in the past 0.010, valid nll 1.386
  [diag] log10|dL/dh_t| hist bins=60 range=(-12.00,-2.49) mean=-11.90 p50=-12.00 p05=-12.00 p95=-12.00
  [diag] sat-dist hist bins=60 sat<0.05=0.0% mean=0.985 p10=0.984 p90=0.986
Iter 0003200: train nll 1.386, valid error 074.770%, best valid error 074.100%, avg grad norm   0.192, avg grad norm (post clip)   0.202, rho_Whh  0.94, Omega  0.00, alpha  2.000, steps in the past 0.010, valid nll 1.386
  [diag] log10|dL/dh_t| hist bins=60 range=(-12.00,-2.49) mean=-11.90 p50=-12.00 p05=-12.00 p95=-12.00
  [diag] sat-dist hist bins=60 sat<0.05=0.0% mean=0.985 p10=0.984 p90=0.986
Iter 0003220: train nll 1.387, valid error 075.100%, best valid error 074.100%, avg grad norm   0.186, avg grad norm (post clip)   0.196, rho_Whh  0.94, Omega  0.00, alpha  2.000, steps in the past 0.010, valid nll 1.386
  [diag] log10|dL/dh_t| hist bins=60 range=(-12.00,-2.49) mean=-11.90 p50=-12.00 p05=-12.00 p95=-12.00
  [diag] sat-dist hist bins=60 sat<0.05=0.0% mean=0.985 p10=0.984 p90=0.986
Iter 0003240: train nll 1.386, valid error 075.220%, best valid error 074.100%, avg grad norm   0.170, avg grad norm (post clip)   0.180, rho_Whh  0.94, Omega  0.00, alpha  2.000, steps in the past 0.010, valid nll 1.386
  [diag] log10|dL/dh_t| hist bins=60 range=(-12.00,-2.49) mean=-11.90 p50=-12.00 p05=-12.00 p95=-12.00
  [diag] sat-dist hist bins=60 sat<0.05=0.0% mean=0.985 p10=0.984 p90=0.986
Iter 0003260: train nll 1.386, valid error 074.970%, best valid error 074.100%, avg grad norm   0.161, avg grad norm (post clip)   0.170, rho_Whh  0.94, Omega  0.00, alpha  2.000, steps in the past 0.010, valid nll 1.386
  [diag] log10|dL/dh_t| hist bins=60 range=(-12.00,-2.49) mean=-11.90 p50=-12.00 p05=-12.00 p95=-12.00
  [diag] sat-dist hist bins=60 sat<0.05=0.0% mean=0.985 p10=0.984 p90=0.986
Iter 0003280: train nll 1.386, valid error 074.890%, best valid error 074.100%, avg grad norm   0.163, avg grad norm (post clip)   0.172, rho_Whh  0.94, Omega  0.00, alpha  2.000, steps in the past 0.010, valid nll 1.386
  [diag] log10|dL/dh_t| hist bins=60 range=(-12.00,-2.49) mean=-11.90 p50=-12.00 p05=-12.00 p95=-12.00
  [diag] sat-dist hist bins=60 sat<0.05=0.0% mean=0.985 p10=0.985 p90=0.986
Iter 0003300: train nll 1.386, valid error 074.950%, best valid error 074.100%, avg grad norm   0.186, avg grad norm (post clip)   0.195, rho_Whh  0.94, Omega  0.00, alpha  2.000, steps in the past 0.010, valid nll 1.386
  [diag] log10|dL/dh_t| hist bins=60 range=(-12.00,-2.49) mean=-11.90 p50=-12.00 p05=-12.00 p95=-12.00
  [diag] sat-dist hist bins=60 sat<0.05=0.0% mean=0.985 p10=0.984 p90=0.986
Iter 0003320: train nll 1.387, valid error 074.950%, best valid error 074.100%, avg grad norm   0.179, avg grad norm (post clip)   0.189, rho_Whh  0.94, Omega  0.00, alpha  2.000, steps in the past 0.010, valid nll 1.386
  [diag] log10|dL/dh_t| hist bins=60 range=(-12.00,-2.49) mean=-11.90 p50=-12.00 p05=-12.00 p95=-12.00
  [diag] sat-dist hist bins=60 sat<0.05=0.0% mean=0.985 p10=0.984 p90=0.986
Iter 0003340: train nll 1.387, valid error 074.950%, best valid error 074.100%, avg grad norm   0.187, avg grad norm (post clip)   0.197, rho_Whh  0.94, Omega  0.00, alpha  2.000, steps in the past 0.010, valid nll 1.386
  [diag] log10|dL/dh_t| hist bins=60 range=(-12.00,-2.49) mean=-11.90 p50=-12.00 p05=-12.00 p95=-12.00
  [diag] sat-dist hist bins=60 sat<0.05=0.0% mean=0.985 p10=0.984 p90=0.986
Iter 0003360: train nll 1.386, valid error 074.950%, best valid error 074.100%, avg grad norm   0.169, avg grad norm (post clip)   0.179, rho_Whh  0.94, Omega  0.00, alpha  2.000, steps in the past 0.010, valid nll 1.386
  [diag] log10|dL/dh_t| hist bins=60 range=(-12.00,-2.49) mean=-11.90 p50=-12.00 p05=-12.00 p95=-12.00
  [diag] sat-dist hist bins=60 sat<0.05=0.0% mean=0.985 p10=0.984 p90=0.986
Iter 0003380: train nll 1.387, valid error 074.950%, best valid error 074.100%, avg grad norm   0.203, avg grad norm (post clip)   0.212, rho_Whh  0.94, Omega  0.00, alpha  2.000, steps in the past 0.010, valid nll 1.386
  [diag] log10|dL/dh_t| hist bins=60 range=(-12.00,-2.49) mean=-11.90 p50=-12.00 p05=-12.00 p95=-12.00
  [diag] sat-dist hist bins=60 sat<0.05=0.0% mean=0.985 p10=0.984 p90=0.986
Iter 0003400: train nll 1.387, valid error 074.930%, best valid error 074.100%, avg grad norm   0.189, avg grad norm (post clip)   0.200, rho_Whh  0.94, Omega  0.00, alpha  2.000, steps in the past 0.010, valid nll 1.386
  [diag] log10|dL/dh_t| hist bins=60 range=(-12.00,-2.49) mean=-11.90 p50=-12.00 p05=-12.00 p95=-12.00
  [diag] sat-dist hist bins=60 sat<0.05=0.0% mean=0.985 p10=0.984 p90=0.986
Iter 0003420: train nll 1.386, valid error 074.950%, best valid error 074.100%, avg grad norm   0.198, avg grad norm (post clip)   0.208, rho_Whh  0.94, Omega  0.00, alpha  2.000, steps in the past 0.010, valid nll 1.386
  [diag] log10|dL/dh_t| hist bins=60 range=(-12.00,-2.49) mean=-11.90 p50=-12.00 p05=-12.00 p95=-12.00
  [diag] sat-dist hist bins=60 sat<0.05=0.0% mean=0.985 p10=0.984 p90=0.986
Iter 0003440: train nll 1.386, valid error 074.950%, best valid error 074.100%, avg grad norm   0.172, avg grad norm (post clip)   0.182, rho_Whh  0.94, Omega  0.00, alpha  2.000, steps in the past 0.010, valid nll 1.386
  [diag] log10|dL/dh_t| hist bins=60 range=(-12.00,-2.49) mean=-11.90 p50=-12.00 p05=-12.00 p95=-12.00
  [diag] sat-dist hist bins=60 sat<0.05=0.0% mean=0.985 p10=0.984 p90=0.986
Iter 0003460: train nll 1.387, valid error 074.930%, best valid error 074.100%, avg grad norm   0.204, avg grad norm (post clip)   0.214, rho_Whh  0.94, Omega  0.00, alpha  2.000, steps in the past 0.010, valid nll 1.386
  [diag] log10|dL/dh_t| hist bins=60 range=(-12.00,-2.49) mean=-11.90 p50=-12.00 p05=-12.00 p95=-12.00
  [diag] sat-dist hist bins=60 sat<0.05=0.0% mean=0.985 p10=0.985 p90=0.986
Iter 0003480: train nll 1.387, valid error 075.720%, best valid error 074.100%, avg grad norm   0.204, avg grad norm (post clip)   0.215, rho_Whh  0.94, Omega  0.00, alpha  2.000, steps in the past 0.010, valid nll 1.386
  [diag] log10|dL/dh_t| hist bins=60 range=(-12.00,-2.50) mean=-11.90 p50=-12.00 p05=-12.00 p95=-12.00
  [diag] sat-dist hist bins=60 sat<0.05=0.0% mean=0.985 p10=0.985 p90=0.986
Iter 0003500: train nll 1.387, valid error 074.730%, best valid error 074.100%, avg grad norm   0.187, avg grad norm (post clip)   0.197, rho_Whh  0.94, Omega  0.00, alpha  2.000, steps in the past 0.010, valid nll 1.386
  [diag] log10|dL/dh_t| hist bins=60 range=(-12.00,-2.50) mean=-11.90 p50=-12.00 p05=-12.00 p95=-12.00
  [diag] sat-dist hist bins=60 sat<0.05=0.0% mean=0.985 p10=0.985 p90=0.986
Iter 0003520: train nll 1.386, valid error 075.740%, best valid error 074.100%, avg grad norm   0.166, avg grad norm (post clip)   0.176, rho_Whh  0.94, Omega  0.00, alpha  2.000, steps in the past 0.010, valid nll 1.386
  [diag] log10|dL/dh_t| hist bins=60 range=(-12.00,-2.50) mean=-11.90 p50=-12.00 p05=-12.00 p95=-12.00
  [diag] sat-dist hist bins=60 sat<0.05=0.0% mean=0.985 p10=0.985 p90=0.986
Iter 0003540: train nll 1.387, valid error 074.690%, best valid error 074.100%, avg grad norm   0.166, avg grad norm (post clip)   0.175, rho_Whh  0.94, Omega  0.00, alpha  2.000, steps in the past 0.010, valid nll 1.386
  [diag] log10|dL/dh_t| hist bins=60 range=(-12.00,-2.50) mean=-11.90 p50=-12.00 p05=-12.00 p95=-12.00
  [diag] sat-dist hist bins=60 sat<0.05=0.0% mean=0.985 p10=0.985 p90=0.986
Iter 0003560: train nll 1.387, valid error 075.300%, best valid error 074.100%, avg grad norm   0.195, avg grad norm (post clip)   0.204, rho_Whh  0.94, Omega  0.00, alpha  2.000, steps in the past 0.010, valid nll 1.386
  [diag] log10|dL/dh_t| hist bins=60 range=(-12.00,-2.50) mean=-11.90 p50=-12.00 p05=-12.00 p95=-12.00
  [diag] sat-dist hist bins=60 sat<0.05=0.0% mean=0.985 p10=0.984 p90=0.986
Iter 0003580: train nll 1.387, valid error 075.610%, best valid error 074.100%, avg grad norm   0.212, avg grad norm (post clip)   0.222, rho_Whh  0.94, Omega  0.00, alpha  2.000, steps in the past 0.010, valid nll 1.386
  [diag] log10|dL/dh_t| hist bins=60 range=(-12.00,-2.50) mean=-11.90 p50=-12.00 p05=-12.00 p95=-12.00
  [diag] sat-dist hist bins=60 sat<0.05=0.0% mean=0.985 p10=0.984 p90=0.986
Iter 0003600: train nll 1.386, valid error 075.660%, best valid error 074.100%, avg grad norm   0.161, avg grad norm (post clip)   0.172, rho_Whh  0.94, Omega  0.00, alpha  2.000, steps in the past 0.010, valid nll 1.386
  [diag] log10|dL/dh_t| hist bins=60 range=(-12.00,-2.50) mean=-11.90 p50=-12.00 p05=-12.00 p95=-12.00
  [diag] sat-dist hist bins=60 sat<0.05=0.0% mean=0.985 p10=0.985 p90=0.986
Iter 0003620: train nll 1.386, valid error 075.780%, best valid error 074.100%, avg grad norm   0.191, avg grad norm (post clip)   0.199, rho_Whh  0.94, Omega  0.00, alpha  2.000, steps in the past 0.010, valid nll 1.387
  [diag] log10|dL/dh_t| hist bins=60 range=(-12.00,-2.50) mean=-11.90 p50=-12.00 p05=-12.00 p95=-12.00
  [diag] sat-dist hist bins=60 sat<0.05=0.0% mean=0.985 p10=0.985 p90=0.986
Iter 0003640: train nll 1.386, valid error 075.530%, best valid error 074.100%, avg grad norm   0.203, avg grad norm (post clip)   0.212, rho_Whh  0.94, Omega  0.00, alpha  2.000, steps in the past 0.010, valid nll 1.387
  [diag] log10|dL/dh_t| hist bins=60 range=(-12.00,-2.50) mean=-11.90 p50=-12.00 p05=-12.00 p95=-12.00
  [diag] sat-dist hist bins=60 sat<0.05=0.0% mean=0.985 p10=0.985 p90=0.986
Iter 0003660: train nll 1.387, valid error 075.760%, best valid error 074.100%, avg grad norm   0.185, avg grad norm (post clip)   0.195, rho_Whh  0.94, Omega  0.00, alpha  2.000, steps in the past 0.010, valid nll 1.386
  [diag] log10|dL/dh_t| hist bins=60 range=(-12.00,-2.50) mean=-11.90 p50=-12.00 p05=-12.00 p95=-12.00
  [diag] sat-dist hist bins=60 sat<0.05=0.0% mean=0.985 p10=0.985 p90=0.986
Iter 0003680: train nll 1.387, valid error 075.750%, best valid error 074.100%, avg grad norm   0.170, avg grad norm (post clip)   0.180, rho_Whh  0.94, Omega  0.00, alpha  2.000, steps in the past 0.010, valid nll 1.386
  [diag] log10|dL/dh_t| hist bins=60 range=(-12.00,-2.50) mean=-11.90 p50=-12.00 p05=-12.00 p95=-12.00
  [diag] sat-dist hist bins=60 sat<0.05=0.0% mean=0.985 p10=0.985 p90=0.986
Iter 0003700: train nll 1.387, valid error 075.360%, best valid error 074.100%, avg grad norm   0.200, avg grad norm (post clip)   0.209, rho_Whh  0.94, Omega  0.00, alpha  2.000, steps in the past 0.010, valid nll 1.386
  [diag] log10|dL/dh_t| hist bins=60 range=(-12.00,-2.50) mean=-11.90 p50=-12.00 p05=-12.00 p95=-12.00
  [diag] sat-dist hist bins=60 sat<0.05=0.0% mean=0.985 p10=0.985 p90=0.986
Iter 0003720: train nll 1.386, valid error 075.340%, best valid error 074.100%, avg grad norm   0.198, avg grad norm (post clip)   0.208, rho_Whh  0.94, Omega  0.00, alpha  2.000, steps in the past 0.010, valid nll 1.387
  [diag] log10|dL/dh_t| hist bins=60 range=(-12.00,-2.50) mean=-11.90 p50=-12.00 p05=-12.00 p95=-12.00
  [diag] sat-dist hist bins=60 sat<0.05=0.0% mean=0.985 p10=0.984 p90=0.986
Iter 0003740: train nll 1.387, valid error 075.100%, best valid error 074.100%, avg grad norm   0.193, avg grad norm (post clip)   0.203, rho_Whh  0.94, Omega  0.00, alpha  2.000, steps in the past 0.010, valid nll 1.387
  [diag] log10|dL/dh_t| hist bins=60 range=(-12.00,-2.50) mean=-11.90 p50=-12.00 p05=-12.00 p95=-12.00
  [diag] sat-dist hist bins=60 sat<0.05=0.0% mean=0.985 p10=0.984 p90=0.986
Iter 0003760: train nll 1.385, valid error 075.310%, best valid error 074.100%, avg grad norm   0.173, avg grad norm (post clip)   0.183, rho_Whh  0.94, Omega  0.00, alpha  2.000, steps in the past 0.010, valid nll 1.387
  [diag] log10|dL/dh_t| hist bins=60 range=(-12.00,-2.50) mean=-11.90 p50=-12.00 p05=-12.00 p95=-12.00
  [diag] sat-dist hist bins=60 sat<0.05=0.0% mean=0.985 p10=0.985 p90=0.986
Iter 0003780: train nll 1.386, valid error 074.550%, best valid error 074.100%, avg grad norm   0.205, avg grad norm (post clip)   0.214, rho_Whh  0.94, Omega  0.00, alpha  2.000, steps in the past 0.010, valid nll 1.387
  [diag] log10|dL/dh_t| hist bins=60 range=(-12.00,-2.50) mean=-11.90 p50=-12.00 p05=-12.00 p95=-12.00
  [diag] sat-dist hist bins=60 sat<0.05=0.0% mean=0.986 p10=0.985 p90=0.986
Iter 0003800: train nll 1.388, valid error 075.290%, best valid error 074.100%, avg grad norm   0.201, avg grad norm (post clip)   0.212, rho_Whh  0.94, Omega  0.00, alpha  2.000, steps in the past 0.010, valid nll 1.386
  [diag] log10|dL/dh_t| hist bins=60 range=(-12.00,-2.50) mean=-11.90 p50=-12.00 p05=-12.00 p95=-12.00
  [diag] sat-dist hist bins=60 sat<0.05=0.0% mean=0.986 p10=0.985 p90=0.987
Iter 0003820: train nll 1.387, valid error 074.970%, best valid error 074.100%, avg grad norm   0.186, avg grad norm (post clip)   0.196, rho_Whh  0.94, Omega  0.00, alpha  2.000, steps in the past 0.010, valid nll 1.386
  [diag] log10|dL/dh_t| hist bins=60 range=(-12.00,-2.50) mean=-11.90 p50=-12.00 p05=-12.00 p95=-12.00
  [diag] sat-dist hist bins=60 sat<0.05=0.0% mean=0.986 p10=0.985 p90=0.986
Iter 0003840: train nll 1.386, valid error 074.760%, best valid error 074.100%, avg grad norm   0.173, avg grad norm (post clip)   0.183, rho_Whh  0.94, Omega  0.00, alpha  2.000, steps in the past 0.010, valid nll 1.386
  [diag] log10|dL/dh_t| hist bins=60 range=(-12.00,-2.50) mean=-11.90 p50=-12.00 p05=-12.00 p95=-12.00
  [diag] sat-dist hist bins=60 sat<0.05=0.0% mean=0.986 p10=0.985 p90=0.987
Iter 0003860: train nll 1.386, valid error 074.950%, best valid error 074.100%, avg grad norm   0.167, avg grad norm (post clip)   0.176, rho_Whh  0.94, Omega  0.00, alpha  2.000, steps in the past 0.010, valid nll 1.386
  [diag] log10|dL/dh_t| hist bins=60 range=(-12.00,-2.50) mean=-11.90 p50=-12.00 p05=-12.00 p95=-12.00
  [diag] sat-dist hist bins=60 sat<0.05=0.0% mean=0.986 p10=0.985 p90=0.987
Iter 0003880: train nll 1.386, valid error 074.950%, best valid error 074.100%, avg grad norm   0.170, avg grad norm (post clip)   0.179, rho_Whh  0.94, Omega  0.00, alpha  2.000, steps in the past 0.010, valid nll 1.386
  [diag] log10|dL/dh_t| hist bins=60 range=(-12.00,-2.50) mean=-11.90 p50=-12.00 p05=-12.00 p95=-12.00
  [diag] sat-dist hist bins=60 sat<0.05=0.0% mean=0.986 p10=0.985 p90=0.987
Iter 0003900: train nll 1.387, valid error 074.950%, best valid error 074.100%, avg grad norm   0.154, avg grad norm (post clip)   0.163, rho_Whh  0.94, Omega  0.00, alpha  2.000, steps in the past 0.010, valid nll 1.386
  [diag] log10|dL/dh_t| hist bins=60 range=(-12.00,-2.50) mean=-11.90 p50=-12.00 p05=-12.00 p95=-12.00
  [diag] sat-dist hist bins=60 sat<0.05=0.0% mean=0.986 p10=0.985 p90=0.987
Iter 0003920: train nll 1.386, valid error 075.000%, best valid error 074.100%, avg grad norm   0.220, avg grad norm (post clip)   0.228, rho_Whh  0.94, Omega  0.00, alpha  2.000, steps in the past 0.010, valid nll 1.386
  [diag] log10|dL/dh_t| hist bins=60 range=(-12.00,-2.50) mean=-11.90 p50=-12.00 p05=-12.00 p95=-12.00
  [diag] sat-dist hist bins=60 sat<0.05=0.0% mean=0.985 p10=0.985 p90=0.986
Iter 0003940: train nll 1.386, valid error 075.230%, best valid error 074.100%, avg grad norm   0.173, avg grad norm (post clip)   0.184, rho_Whh  0.94, Omega  0.00, alpha  2.000, steps in the past 0.010, valid nll 1.386
  [diag] log10|dL/dh_t| hist bins=60 range=(-12.00,-2.50) mean=-11.90 p50=-12.00 p05=-12.00 p95=-12.00
  [diag] sat-dist hist bins=60 sat<0.05=0.0% mean=0.986 p10=0.985 p90=0.986
Iter 0003960: train nll 1.387, valid error 075.040%, best valid error 074.100%, avg grad norm   0.202, avg grad norm (post clip)   0.211, rho_Whh  0.94, Omega  0.00, alpha  2.000, steps in the past 0.010, valid nll 1.386
  [diag] log10|dL/dh_t| hist bins=60 range=(-12.00,-2.50) mean=-11.90 p50=-12.00 p05=-12.00 p95=-12.00
  [diag] sat-dist hist bins=60 sat<0.05=0.0% mean=0.985 p10=0.984 p90=0.986
Iter 0003980: train nll 1.387, valid error 075.090%, best valid error 074.100%, avg grad norm   0.199, avg grad norm (post clip)   0.210, rho_Whh  0.94, Omega  0.00, alpha  2.000, steps in the past 0.010, valid nll 1.386
  [diag] log10|dL/dh_t| hist bins=60 range=(-12.00,-2.50) mean=-11.90 p50=-12.00 p05=-12.00 p95=-12.00
  [diag] sat-dist hist bins=60 sat<0.05=0.0% mean=0.985 p10=0.984 p90=0.986
Iter 0004000: train nll 1.386, valid error 075.090%, best valid error 074.100%, avg grad norm   0.195, avg grad norm (post clip)   0.206, rho_Whh  0.94, Omega  0.00, alpha  2.000, steps in the past 0.010, valid nll 1.386
  [diag] log10|dL/dh_t| hist bins=60 range=(-12.00,-2.50) mean=-11.90 p50=-12.00 p05=-12.00 p95=-12.00
  [diag] sat-dist hist bins=60 sat<0.05=0.0% mean=0.985 p10=0.984 p90=0.986
Iter 0004020: train nll 1.387, valid error 075.090%, best valid error 074.100%, avg grad norm   0.186, avg grad norm (post clip)   0.196, rho_Whh  0.94, Omega  0.00, alpha  2.000, steps in the past 0.010, valid nll 1.386
  [diag] log10|dL/dh_t| hist bins=60 range=(-12.00,-2.50) mean=-11.90 p50=-12.00 p05=-12.00 p95=-12.00
  [diag] sat-dist hist bins=60 sat<0.05=0.0% mean=0.985 p10=0.984 p90=0.986
Iter 0004040: train nll 1.387, valid error 075.090%, best valid error 074.100%, avg grad norm   0.176, avg grad norm (post clip)   0.186, rho_Whh  0.94, Omega  0.00, alpha  2.000, steps in the past 0.010, valid nll 1.386
  [diag] log10|dL/dh_t| hist bins=60 range=(-12.00,-2.49) mean=-11.90 p50=-12.00 p05=-12.00 p95=-12.00
  [diag] sat-dist hist bins=60 sat<0.05=0.0% mean=0.984 p10=0.983 p90=0.985
Iter 0004060: train nll 1.385, valid error 075.090%, best valid error 074.100%, avg grad norm   0.178, avg grad norm (post clip)   0.187, rho_Whh  0.94, Omega  0.00, alpha  2.000, steps in the past 0.010, valid nll 1.386
  [diag] log10|dL/dh_t| hist bins=60 range=(-12.00,-2.49) mean=-11.90 p50=-12.00 p05=-12.00 p95=-12.00
  [diag] sat-dist hist bins=60 sat<0.05=0.0% mean=0.984 p10=0.983 p90=0.985
Iter 0004080: train nll 1.387, valid error 075.090%, best valid error 074.100%, avg grad norm   0.200, avg grad norm (post clip)   0.209, rho_Whh  0.94, Omega  0.00, alpha  2.000, steps in the past 0.010, valid nll 1.386
  [diag] log10|dL/dh_t| hist bins=60 range=(-12.00,-2.50) mean=-11.90 p50=-12.00 p05=-12.00 p95=-12.00
  [diag] sat-dist hist bins=60 sat<0.05=0.0% mean=0.984 p10=0.983 p90=0.985
Iter 0004100: train nll 1.387, valid error 075.110%, best valid error 074.100%, avg grad norm   0.189, avg grad norm (post clip)   0.199, rho_Whh  0.94, Omega  0.00, alpha  2.000, steps in the past 0.010, valid nll 1.386
  [diag] log10|dL/dh_t| hist bins=60 range=(-12.00,-2.49) mean=-11.90 p50=-12.00 p05=-12.00 p95=-12.00
  [diag] sat-dist hist bins=60 sat<0.05=0.0% mean=0.983 p10=0.981 p90=0.984
Iter 0004120: train nll 1.384, valid error 074.390%, best valid error 074.100%, avg grad norm   0.171, avg grad norm (post clip)   0.181, rho_Whh  0.94, Omega  0.00, alpha  2.000, steps in the past 0.010, valid nll 1.386
  [diag] log10|dL/dh_t| hist bins=60 range=(-12.00,-2.49) mean=-11.90 p50=-12.00 p05=-12.00 p95=-12.00
  [diag] sat-dist hist bins=60 sat<0.05=0.0% mean=0.983 p10=0.982 p90=0.984
Iter 0004140: train nll 1.387, valid error 074.210%, best valid error 074.100%, avg grad norm   0.196, avg grad norm (post clip)   0.205, rho_Whh  0.94, Omega  0.00, alpha  2.000, steps in the past 0.010, valid nll 1.386
  [diag] log10|dL/dh_t| hist bins=60 range=(-12.00,-2.49) mean=-11.90 p50=-12.00 p05=-12.00 p95=-12.00
  [diag] sat-dist hist bins=60 sat<0.05=0.0% mean=0.983 p10=0.981 p90=0.984
Iter 0004160: train nll 1.386, valid error 074.210%, best valid error 074.100%, avg grad norm   0.173, avg grad norm (post clip)   0.183, rho_Whh  0.94, Omega  0.00, alpha  2.000, steps in the past 0.010, valid nll 1.386
  [diag] log10|dL/dh_t| hist bins=60 range=(-12.00,-2.49) mean=-11.90 p50=-12.00 p05=-12.00 p95=-12.00
  [diag] sat-dist hist bins=60 sat<0.05=0.0% mean=0.983 p10=0.982 p90=0.985
Iter 0004180: train nll 1.387, valid error 074.210%, best valid error 074.100%, avg grad norm   0.200, avg grad norm (post clip)   0.209, rho_Whh  0.94, Omega  0.00, alpha  2.000, steps in the past 0.010, valid nll 1.386
  [diag] log10|dL/dh_t| hist bins=60 range=(-12.00,-2.49) mean=-11.90 p50=-12.00 p05=-12.00 p95=-12.00
  [diag] sat-dist hist bins=60 sat<0.05=0.0% mean=0.984 p10=0.983 p90=0.985
Iter 0004200: train nll 1.387, valid error 074.210%, best valid error 074.100%, avg grad norm   0.202, avg grad norm (post clip)   0.212, rho_Whh  0.94, Omega  0.00, alpha  2.000, steps in the past 0.010, valid nll 1.386
  [diag] log10|dL/dh_t| hist bins=60 range=(-12.00,-2.49) mean=-11.90 p50=-12.00 p05=-12.00 p95=-12.00
  [diag] sat-dist hist bins=60 sat<0.05=0.0% mean=0.984 p10=0.982 p90=0.985
Iter 0004220: train nll 1.385, valid error 074.210%, best valid error 074.100%, avg grad norm   0.162, avg grad norm (post clip)   0.172, rho_Whh  0.94, Omega  0.00, alpha  2.000, steps in the past 0.010, valid nll 1.386
  [diag] log10|dL/dh_t| hist bins=60 range=(-12.00,-2.49) mean=-11.90 p50=-12.00 p05=-12.00 p95=-12.00
  [diag] sat-dist hist bins=60 sat<0.05=0.0% mean=0.983 p10=0.982 p90=0.985
Iter 0004240: train nll 1.386, valid error 074.210%, best valid error 074.100%, avg grad norm   0.160, avg grad norm (post clip)   0.169, rho_Whh  0.94, Omega  0.00, alpha  2.000, steps in the past 0.010, valid nll 1.386
  [diag] log10|dL/dh_t| hist bins=60 range=(-12.00,-2.49) mean=-11.90 p50=-12.00 p05=-12.00 p95=-12.00
  [diag] sat-dist hist bins=60 sat<0.05=0.0% mean=0.985 p10=0.984 p90=0.986
Iter 0004260: train nll 1.388, valid error 074.210%, best valid error 074.100%, avg grad norm   0.206, avg grad norm (post clip)   0.214, rho_Whh  0.94, Omega  0.00, alpha  2.000, steps in the past 0.010, valid nll 1.386
  [diag] log10|dL/dh_t| hist bins=60 range=(-12.00,-2.49) mean=-11.90 p50=-12.00 p05=-12.00 p95=-12.00
  [diag] sat-dist hist bins=60 sat<0.05=0.0% mean=0.985 p10=0.983 p90=0.986
Iter 0004280: train nll 1.386, valid error 074.210%, best valid error 074.100%, avg grad norm   0.163, avg grad norm (post clip)   0.174, rho_Whh  0.94, Omega  0.00, alpha  2.000, steps in the past 0.010, valid nll 1.386
  [diag] log10|dL/dh_t| hist bins=60 range=(-12.00,-2.49) mean=-11.90 p50=-12.00 p05=-12.00 p95=-12.00
  [diag] sat-dist hist bins=60 sat<0.05=0.0% mean=0.984 p10=0.983 p90=0.985
Iter 0004300: train nll 1.385, valid error 074.210%, best valid error 074.100%, avg grad norm   0.181, avg grad norm (post clip)   0.189, rho_Whh  0.94, Omega  0.00, alpha  2.000, steps in the past 0.010, valid nll 1.386
  [diag] log10|dL/dh_t| hist bins=60 range=(-12.00,-2.49) mean=-11.90 p50=-12.00 p05=-12.00 p95=-12.00
  [diag] sat-dist hist bins=60 sat<0.05=0.0% mean=0.983 p10=0.982 p90=0.984
Iter 0004320: train nll 1.386, valid error 074.210%, best valid error 074.100%, avg grad norm   0.181, avg grad norm (post clip)   0.190, rho_Whh  0.94, Omega  0.00, alpha  2.000, steps in the past 0.010, valid nll 1.386
  [diag] log10|dL/dh_t| hist bins=60 range=(-12.00,-2.49) mean=-11.90 p50=-12.00 p05=-12.00 p95=-12.00
  [diag] sat-dist hist bins=60 sat<0.05=0.0% mean=0.982 p10=0.981 p90=0.984
Iter 0004340: train nll 1.385, valid error 074.210%, best valid error 074.100%, avg grad norm   0.161, avg grad norm (post clip)   0.170, rho_Whh  0.94, Omega  0.00, alpha  2.000, steps in the past 0.010, valid nll 1.386
  [diag] log10|dL/dh_t| hist bins=60 range=(-12.00,-2.49) mean=-11.90 p50=-12.00 p05=-12.00 p95=-12.00
  [diag] sat-dist hist bins=60 sat<0.05=0.0% mean=0.983 p10=0.982 p90=0.984
Iter 0004360: train nll 1.387, valid error 074.210%, best valid error 074.100%, avg grad norm   0.170, avg grad norm (post clip)   0.179, rho_Whh  0.94, Omega  0.00, alpha  2.000, steps in the past 0.010, valid nll 1.386
  [diag] log10|dL/dh_t| hist bins=60 range=(-12.00,-2.49) mean=-11.90 p50=-12.00 p05=-12.00 p95=-12.00
  [diag] sat-dist hist bins=60 sat<0.05=0.0% mean=0.984 p10=0.983 p90=0.985
Iter 0004380: train nll 1.387, valid error 074.210%, best valid error 074.100%, avg grad norm   0.188, avg grad norm (post clip)   0.197, rho_Whh  0.94, Omega  0.00, alpha  2.000, steps in the past 0.010, valid nll 1.386
  [diag] log10|dL/dh_t| hist bins=60 range=(-12.00,-2.49) mean=-11.90 p50=-12.00 p05=-12.00 p95=-12.00
  [diag] sat-dist hist bins=60 sat<0.05=0.0% mean=0.984 p10=0.982 p90=0.985
Iter 0004400: train nll 1.386, valid error 074.210%, best valid error 074.100%, avg grad norm   0.207, avg grad norm (post clip)   0.217, rho_Whh  0.94, Omega  0.00, alpha  2.000, steps in the past 0.010, valid nll 1.386
  [diag] log10|dL/dh_t| hist bins=60 range=(-12.00,-2.49) mean=-11.90 p50=-12.00 p05=-12.00 p95=-12.00
  [diag] sat-dist hist bins=60 sat<0.05=0.0% mean=0.984 p10=0.983 p90=0.985
Iter 0004420: train nll 1.387, valid error 074.210%, best valid error 074.100%, avg grad norm   0.200, avg grad norm (post clip)   0.211, rho_Whh  0.94, Omega  0.00, alpha  2.000, steps in the past 0.010, valid nll 1.386
  [diag] log10|dL/dh_t| hist bins=60 range=(-12.00,-2.49) mean=-11.90 p50=-12.00 p05=-12.00 p95=-12.00
  [diag] sat-dist hist bins=60 sat<0.05=0.0% mean=0.985 p10=0.984 p90=0.986
Iter 0004440: train nll 1.387, valid error 074.210%, best valid error 074.100%, avg grad norm   0.176, avg grad norm (post clip)   0.187, rho_Whh  0.94, Omega  0.00, alpha  2.000, steps in the past 0.010, valid nll 1.386
  [diag] log10|dL/dh_t| hist bins=60 range=(-12.00,-2.49) mean=-11.90 p50=-12.00 p05=-12.00 p95=-12.00
  [diag] sat-dist hist bins=60 sat<0.05=0.0% mean=0.985 p10=0.983 p90=0.986
Iter 0004460: train nll 1.386, valid error 074.210%, best valid error 074.100%, avg grad norm   0.156, avg grad norm (post clip)   0.166, rho_Whh  0.94, Omega  0.00, alpha  2.000, steps in the past 0.010, valid nll 1.386
  [diag] log10|dL/dh_t| hist bins=60 range=(-12.00,-2.49) mean=-11.90 p50=-12.00 p05=-12.00 p95=-12.00
  [diag] sat-dist hist bins=60 sat<0.05=0.0% mean=0.985 p10=0.984 p90=0.986
Iter 0004480: train nll 1.387, valid error 074.210%, best valid error 074.100%, avg grad norm   0.179, avg grad norm (post clip)   0.187, rho_Whh  0.94, Omega  0.00, alpha  2.000, steps in the past 0.010, valid nll 1.386
  [diag] log10|dL/dh_t| hist bins=60 range=(-12.00,-2.49) mean=-11.90 p50=-12.00 p05=-12.00 p95=-12.00
  [diag] sat-dist hist bins=60 sat<0.05=0.0% mean=0.985 p10=0.984 p90=0.986
Iter 0004500: train nll 1.387, valid error 074.210%, best valid error 074.100%, avg grad norm   0.201, avg grad norm (post clip)   0.210, rho_Whh  0.94, Omega  0.00, alpha  2.000, steps in the past 0.010, valid nll 1.386
  [diag] log10|dL/dh_t| hist bins=60 range=(-12.00,-2.49) mean=-11.90 p50=-12.00 p05=-12.00 p95=-12.00
  [diag] sat-dist hist bins=60 sat<0.05=0.0% mean=0.985 p10=0.984 p90=0.986
Iter 0004520: train nll 1.387, valid error 074.840%, best valid error 074.100%, avg grad norm   0.204, avg grad norm (post clip)   0.215, rho_Whh  0.94, Omega  0.00, alpha  2.000, steps in the past 0.010, valid nll 1.386
  [diag] log10|dL/dh_t| hist bins=60 range=(-12.00,-2.49) mean=-11.90 p50=-12.00 p05=-12.00 p95=-12.00
  [diag] sat-dist hist bins=60 sat<0.05=0.0% mean=0.985 p10=0.984 p90=0.986
Iter 0004540: train nll 1.386, valid error 075.130%, best valid error 074.100%, avg grad norm   0.190, avg grad norm (post clip)   0.200, rho_Whh  0.94, Omega  0.00, alpha  2.000, steps in the past 0.010, valid nll 1.386
  [diag] log10|dL/dh_t| hist bins=60 range=(-12.00,-2.49) mean=-11.90 p50=-12.00 p05=-12.00 p95=-12.00
  [diag] sat-dist hist bins=60 sat<0.05=0.0% mean=0.985 p10=0.984 p90=0.986
Iter 0004560: train nll 1.386, valid error 075.110%, best valid error 074.100%, avg grad norm   0.180, avg grad norm (post clip)   0.190, rho_Whh  0.94, Omega  0.00, alpha  2.000, steps in the past 0.010, valid nll 1.386
  [diag] log10|dL/dh_t| hist bins=60 range=(-12.00,-2.49) mean=-11.90 p50=-12.00 p05=-12.00 p95=-12.00
  [diag] sat-dist hist bins=60 sat<0.05=0.0% mean=0.985 p10=0.984 p90=0.986
Iter 0004580: train nll 1.386, valid error 075.050%, best valid error 074.100%, avg grad norm   0.173, avg grad norm (post clip)   0.182, rho_Whh  0.94, Omega  0.00, alpha  2.000, steps in the past 0.010, valid nll 1.386
  [diag] log10|dL/dh_t| hist bins=60 range=(-12.00,-2.49) mean=-11.90 p50=-12.00 p05=-12.00 p95=-12.00
  [diag] sat-dist hist bins=60 sat<0.05=0.0% mean=0.985 p10=0.984 p90=0.986
Iter 0004600: train nll 1.386, valid error 074.970%, best valid error 074.100%, avg grad norm   0.160, avg grad norm (post clip)   0.169, rho_Whh  0.94, Omega  0.00, alpha  2.000, steps in the past 0.010, valid nll 1.386
  [diag] log10|dL/dh_t| hist bins=60 range=(-12.00,-2.49) mean=-11.90 p50=-12.00 p05=-12.00 p95=-12.00
  [diag] sat-dist hist bins=60 sat<0.05=0.0% mean=0.985 p10=0.984 p90=0.986
Iter 0004620: train nll 1.386, valid error 074.210%, best valid error 074.100%, avg grad norm   0.202, avg grad norm (post clip)   0.211, rho_Whh  0.94, Omega  0.00, alpha  2.000, steps in the past 0.010, valid nll 1.386
  [diag] log10|dL/dh_t| hist bins=60 range=(-12.00,-2.49) mean=-11.90 p50=-12.00 p05=-12.00 p95=-12.00
  [diag] sat-dist hist bins=60 sat<0.05=0.0% mean=0.985 p10=0.984 p90=0.986
Iter 0004640: train nll 1.387, valid error 075.050%, best valid error 074.100%, avg grad norm   0.180, avg grad norm (post clip)   0.191, rho_Whh  0.94, Omega  0.00, alpha  2.000, steps in the past 0.010, valid nll 1.386
  [diag] log10|dL/dh_t| hist bins=60 range=(-12.00,-2.49) mean=-11.90 p50=-12.00 p05=-12.00 p95=-12.00
  [diag] sat-dist hist bins=60 sat<0.05=0.0% mean=0.985 p10=0.984 p90=0.986
Iter 0004660: train nll 1.387, valid error 074.760%, best valid error 074.100%, avg grad norm   0.203, avg grad norm (post clip)   0.212, rho_Whh  0.94, Omega  0.00, alpha  2.000, steps in the past 0.010, valid nll 1.386
  [diag] log10|dL/dh_t| hist bins=60 range=(-12.00,-2.49) mean=-11.90 p50=-12.00 p05=-12.00 p95=-12.00
  [diag] sat-dist hist bins=60 sat<0.05=0.0% mean=0.985 p10=0.984 p90=0.986
Iter 0004680: train nll 1.386, valid error 075.140%, best valid error 074.100%, avg grad norm   0.183, avg grad norm (post clip)   0.193, rho_Whh  0.94, Omega  0.00, alpha  2.000, steps in the past 0.010, valid nll 1.386
  [diag] log10|dL/dh_t| hist bins=60 range=(-12.00,-2.49) mean=-11.90 p50=-12.00 p05=-12.00 p95=-12.00
  [diag] sat-dist hist bins=60 sat<0.05=0.0% mean=0.985 p10=0.984 p90=0.986
Iter 0004700: train nll 1.387, valid error 074.690%, best valid error 074.100%, avg grad norm   0.181, avg grad norm (post clip)   0.191, rho_Whh  0.94, Omega  0.00, alpha  2.000, steps in the past 0.010, valid nll 1.386
  [diag] log10|dL/dh_t| hist bins=60 range=(-12.00,-2.49) mean=-11.90 p50=-12.00 p05=-12.00 p95=-12.00
  [diag] sat-dist hist bins=60 sat<0.05=0.0% mean=0.985 p10=0.984 p90=0.986
Iter 0004720: train nll 1.386, valid error 074.890%, best valid error 074.100%, avg grad norm   0.202, avg grad norm (post clip)   0.211, rho_Whh  0.94, Omega  0.00, alpha  2.000, steps in the past 0.010, valid nll 1.386
  [diag] log10|dL/dh_t| hist bins=60 range=(-12.00,-2.49) mean=-11.90 p50=-12.00 p05=-12.00 p95=-12.00
  [diag] sat-dist hist bins=60 sat<0.05=0.0% mean=0.985 p10=0.984 p90=0.986
Iter 0004740: train nll 1.386, valid error 074.760%, best valid error 074.100%, avg grad norm   0.193, avg grad norm (post clip)   0.203, rho_Whh  0.94, Omega  0.00, alpha  2.000, steps in the past 0.010, valid nll 1.386
  [diag] log10|dL/dh_t| hist bins=60 range=(-12.00,-2.49) mean=-11.90 p50=-12.00 p05=-12.00 p95=-12.00
  [diag] sat-dist hist bins=60 sat<0.05=0.0% mean=0.985 p10=0.984 p90=0.986
Iter 0004760: train nll 1.387, valid error 075.550%, best valid error 074.100%, avg grad norm   0.223, avg grad norm (post clip)   0.233, rho_Whh  0.94, Omega  0.00, alpha  2.000, steps in the past 0.010, valid nll 1.386
  [diag] log10|dL/dh_t| hist bins=60 range=(-12.00,-2.49) mean=-11.90 p50=-12.00 p05=-12.00 p95=-12.00
  [diag] sat-dist hist bins=60 sat<0.05=0.0% mean=0.985 p10=0.984 p90=0.986
Iter 0004780: train nll 1.386, valid error 075.040%, best valid error 074.100%, avg grad norm   0.188, avg grad norm (post clip)   0.200, rho_Whh  0.94, Omega  0.00, alpha  2.000, steps in the past 0.010, valid nll 1.386
  [diag] log10|dL/dh_t| hist bins=60 range=(-12.00,-2.49) mean=-11.90 p50=-12.00 p05=-12.00 p95=-12.00
  [diag] sat-dist hist bins=60 sat<0.05=0.0% mean=0.985 p10=0.984 p90=0.986
Iter 0004800: train nll 1.386, valid error 074.950%, best valid error 074.100%, avg grad norm   0.186, avg grad norm (post clip)   0.196, rho_Whh  0.94, Omega  0.00, alpha  2.000, steps in the past 0.010, valid nll 1.386
  [diag] log10|dL/dh_t| hist bins=60 range=(-12.00,-2.49) mean=-11.90 p50=-12.00 p05=-12.00 p95=-12.00
  [diag] sat-dist hist bins=60 sat<0.05=0.0% mean=0.985 p10=0.984 p90=0.985
Iter 0004820: train nll 1.386, valid error 074.950%, best valid error 074.100%, avg grad norm   0.173, avg grad norm (post clip)   0.183, rho_Whh  0.94, Omega  0.00, alpha  2.000, steps in the past 0.010, valid nll 1.386
  [diag] log10|dL/dh_t| hist bins=60 range=(-12.00,-2.49) mean=-11.90 p50=-12.00 p05=-12.00 p95=-12.00
  [diag] sat-dist hist bins=60 sat<0.05=0.0% mean=0.985 p10=0.984 p90=0.986
Iter 0004840: train nll 1.387, valid error 075.320%, best valid error 074.100%, avg grad norm   0.177, avg grad norm (post clip)   0.186, rho_Whh  0.94, Omega  0.00, alpha  2.000, steps in the past 0.010, valid nll 1.386
  [diag] log10|dL/dh_t| hist bins=60 range=(-12.00,-2.49) mean=-11.90 p50=-12.00 p05=-12.00 p95=-12.00
  [diag] sat-dist hist bins=60 sat<0.05=0.0% mean=0.985 p10=0.984 p90=0.985
Iter 0004860: train nll 1.386, valid error 074.980%, best valid error 074.100%, avg grad norm   0.163, avg grad norm (post clip)   0.173, rho_Whh  0.94, Omega  0.00, alpha  2.000, steps in the past 0.010, valid nll 1.386
  [diag] log10|dL/dh_t| hist bins=60 range=(-12.00,-2.49) mean=-11.90 p50=-12.00 p05=-12.00 p95=-12.00
  [diag] sat-dist hist bins=60 sat<0.05=0.0% mean=0.985 p10=0.984 p90=0.985
Iter 0004880: train nll 1.386, valid error 074.870%, best valid error 074.100%, avg grad norm   0.194, avg grad norm (post clip)   0.203, rho_Whh  0.94, Omega  0.00, alpha  2.000, steps in the past 0.010, valid nll 1.386
  [diag] log10|dL/dh_t| hist bins=60 range=(-12.00,-2.49) mean=-11.90 p50=-12.00 p05=-12.00 p95=-12.00
  [diag] sat-dist hist bins=60 sat<0.05=0.0% mean=0.985 p10=0.984 p90=0.985
Iter 0004900: train nll 1.386, valid error 075.460%, best valid error 074.100%, avg grad norm   0.184, avg grad norm (post clip)   0.194, rho_Whh  0.94, Omega  0.00, alpha  2.000, steps in the past 0.010, valid nll 1.386
  [diag] log10|dL/dh_t| hist bins=60 range=(-12.00,-2.49) mean=-11.90 p50=-12.00 p05=-12.00 p95=-12.00
  [diag] sat-dist hist bins=60 sat<0.05=0.0% mean=0.985 p10=0.984 p90=0.985
Iter 0004920: train nll 1.386, valid error 075.700%, best valid error 074.100%, avg grad norm   0.189, avg grad norm (post clip)   0.198, rho_Whh  0.94, Omega  0.00, alpha  2.000, steps in the past 0.010, valid nll 1.387
  [diag] log10|dL/dh_t| hist bins=60 range=(-12.00,-2.49) mean=-11.90 p50=-12.00 p05=-12.00 p95=-12.00
  [diag] sat-dist hist bins=60 sat<0.05=0.0% mean=0.984 p10=0.983 p90=0.985
Iter 0004940: train nll 1.386, valid error 075.680%, best valid error 074.100%, avg grad norm   0.212, avg grad norm (post clip)   0.222, rho_Whh  0.94, Omega  0.00, alpha  2.000, steps in the past 0.010, valid nll 1.387
  [diag] log10|dL/dh_t| hist bins=60 range=(-12.00,-2.49) mean=-11.90 p50=-12.00 p05=-12.00 p95=-12.00
  [diag] sat-dist hist bins=60 sat<0.05=0.0% mean=0.984 p10=0.983 p90=0.985
Iter 0004960: train nll 1.387, valid error 075.750%, best valid error 074.100%, avg grad norm   0.207, avg grad norm (post clip)   0.218, rho_Whh  0.94, Omega  0.00, alpha  2.000, steps in the past 0.010, valid nll 1.387
  [diag] log10|dL/dh_t| hist bins=60 range=(-12.00,-2.49) mean=-11.90 p50=-12.00 p05=-12.00 p95=-12.00
  [diag] sat-dist hist bins=60 sat<0.05=0.0% mean=0.985 p10=0.984 p90=0.985
Iter 0004980: train nll 1.387, valid error 075.750%, best valid error 074.100%, avg grad norm   0.230, avg grad norm (post clip)   0.241, rho_Whh  0.94, Omega  0.00, alpha  2.000, steps in the past 0.010, valid nll 1.387
  [diag] log10|dL/dh_t| hist bins=60 range=(-12.00,-2.49) mean=-11.90 p50=-12.00 p05=-12.00 p95=-12.00
  [diag] sat-dist hist bins=60 sat<0.05=0.0% mean=0.984 p10=0.984 p90=0.985
Iter 0005000: train nll 1.386, valid error 075.750%, best valid error 074.100%, avg grad norm   0.172, avg grad norm (post clip)   0.184, rho_Whh  0.94, Omega  0.00, alpha  2.000, steps in the past 0.010, valid nll 1.387
  [diag] log10|dL/dh_t| hist bins=60 range=(-12.00,-2.49) mean=-11.90 p50=-12.00 p05=-12.00 p95=-12.00
  [diag] sat-dist hist bins=60 sat<0.05=0.0% mean=0.984 p10=0.983 p90=0.985
Iter 0005020: train nll 1.386, valid error 075.750%, best valid error 074.100%, avg grad norm   0.200, avg grad norm (post clip)   0.209, rho_Whh  0.94, Omega  0.00, alpha  2.000, steps in the past 0.010, valid nll 1.387
  [diag] log10|dL/dh_t| hist bins=60 range=(-12.00,-2.49) mean=-11.90 p50=-12.00 p05=-12.00 p95=-12.00
  [diag] sat-dist hist bins=60 sat<0.05=0.0% mean=0.985 p10=0.984 p90=0.986
Iter 0005040: train nll 1.387, valid error 075.100%, best valid error 074.100%, avg grad norm   0.226, avg grad norm (post clip)   0.237, rho_Whh  0.94, Omega  0.00, alpha  2.000, steps in the past 0.010, valid nll 1.387
  [diag] log10|dL/dh_t| hist bins=60 range=(-12.00,-2.50) mean=-11.90 p50=-12.00 p05=-12.00 p95=-12.00
  [diag] sat-dist hist bins=60 sat<0.05=0.0% mean=0.985 p10=0.984 p90=0.986
Iter 0005060: train nll 1.387, valid error 075.090%, best valid error 074.100%, avg grad norm   0.190, avg grad norm (post clip)   0.202, rho_Whh  0.94, Omega  0.00, alpha  2.000, steps in the past 0.010, valid nll 1.387
  [diag] log10|dL/dh_t| hist bins=60 range=(-12.00,-2.50) mean=-11.90 p50=-12.00 p05=-12.00 p95=-12.00
  [diag] sat-dist hist bins=60 sat<0.05=0.0% mean=0.985 p10=0.984 p90=0.986
Iter 0005080: train nll 1.387, valid error 075.090%, best valid error 074.100%, avg grad norm   0.179, avg grad norm (post clip)   0.189, rho_Whh  0.94, Omega  0.00, alpha  2.000, steps in the past 0.010, valid nll 1.386
  [diag] log10|dL/dh_t| hist bins=60 range=(-12.00,-2.50) mean=-11.90 p50=-12.00 p05=-12.00 p95=-12.00
  [diag] sat-dist hist bins=60 sat<0.05=0.0% mean=0.985 p10=0.984 p90=0.986
Iter 0005100: train nll 1.387, valid error 074.590%, best valid error 074.100%, avg grad norm   0.206, avg grad norm (post clip)   0.215, rho_Whh  0.94, Omega  0.00, alpha  2.000, steps in the past 0.010, valid nll 1.386
  [diag] log10|dL/dh_t| hist bins=60 range=(-12.00,-2.50) mean=-11.90 p50=-12.00 p05=-12.00 p95=-12.00
  [diag] sat-dist hist bins=60 sat<0.05=0.0% mean=0.985 p10=0.984 p90=0.986
Iter 0005120: train nll 1.387, valid error 074.370%, best valid error 074.100%, avg grad norm   0.159, avg grad norm (post clip)   0.170, rho_Whh  0.94, Omega  0.00, alpha  2.000, steps in the past 0.010, valid nll 1.386
  [diag] log10|dL/dh_t| hist bins=60 range=(-12.00,-2.50) mean=-11.90 p50=-12.00 p05=-12.00 p95=-12.00
  [diag] sat-dist hist bins=60 sat<0.05=0.0% mean=0.985 p10=0.984 p90=0.986
Iter 0005140: train nll 1.387, valid error 074.320%, best valid error 074.100%, avg grad norm   0.175, avg grad norm (post clip)   0.183, rho_Whh  0.94, Omega  0.00, alpha  2.000, steps in the past 0.010, valid nll 1.386
  [diag] log10|dL/dh_t| hist bins=60 range=(-12.00,-2.50) mean=-11.90 p50=-12.00 p05=-12.00 p95=-12.00
  [diag] sat-dist hist bins=60 sat<0.05=0.0% mean=0.985 p10=0.984 p90=0.986
Iter 0005160: train nll 1.386, valid error 075.430%, best valid error 074.100%, avg grad norm   0.187, avg grad norm (post clip)   0.196, rho_Whh  0.94, Omega  0.00, alpha  2.000, steps in the past 0.010, valid nll 1.386
  [diag] log10|dL/dh_t| hist bins=60 range=(-12.00,-2.50) mean=-11.90 p50=-12.00 p05=-12.00 p95=-12.00
  [diag] sat-dist hist bins=60 sat<0.05=0.0% mean=0.985 p10=0.984 p90=0.986
Iter 0005180: train nll 1.387, valid error 074.400%, best valid error 074.100%, avg grad norm   0.202, avg grad norm (post clip)   0.212, rho_Whh  0.94, Omega  0.00, alpha  2.000, steps in the past 0.010, valid nll 1.386
  [diag] log10|dL/dh_t| hist bins=60 range=(-12.00,-2.50) mean=-11.90 p50=-12.00 p05=-12.00 p95=-12.00
  [diag] sat-dist hist bins=60 sat<0.05=0.0% mean=0.985 p10=0.984 p90=0.986
Iter 0005200: train nll 1.386, valid error 075.810%, best valid error 074.100%, avg grad norm   0.200, avg grad norm (post clip)   0.211, rho_Whh  0.94, Omega  0.00, alpha  2.000, steps in the past 0.010, valid nll 1.386
  [diag] log10|dL/dh_t| hist bins=60 range=(-12.00,-2.50) mean=-11.90 p50=-12.00 p05=-12.00 p95=-12.00
  [diag] sat-dist hist bins=60 sat<0.05=0.0% mean=0.985 p10=0.984 p90=0.986
Iter 0005220: train nll 1.387, valid error 074.190%, best valid error 074.100%, avg grad norm   0.206, avg grad norm (post clip)   0.216, rho_Whh  0.94, Omega  0.00, alpha  2.000, steps in the past 0.010, valid nll 1.386
  [diag] log10|dL/dh_t| hist bins=60 range=(-12.00,-2.50) mean=-11.90 p50=-12.00 p05=-12.00 p95=-12.00
  [diag] sat-dist hist bins=60 sat<0.05=0.0% mean=0.985 p10=0.984 p90=0.986
Iter 0005240: train nll 1.386, valid error 074.930%, best valid error 074.100%, avg grad norm   0.181, avg grad norm (post clip)   0.191, rho_Whh  0.94, Omega  0.00, alpha  2.000, steps in the past 0.010, valid nll 1.386
  [diag] log10|dL/dh_t| hist bins=60 range=(-12.00,-2.50) mean=-11.90 p50=-12.00 p05=-12.00 p95=-12.00
  [diag] sat-dist hist bins=60 sat<0.05=0.0% mean=0.985 p10=0.985 p90=0.986
Iter 0005260: train nll 1.386, valid error 074.950%, best valid error 074.100%, avg grad norm   0.193, avg grad norm (post clip)   0.202, rho_Whh  0.94, Omega  0.00, alpha  2.000, steps in the past 0.010, valid nll 1.386
  [diag] log10|dL/dh_t| hist bins=60 range=(-12.00,-2.50) mean=-11.90 p50=-12.00 p05=-12.00 p95=-12.00
  [diag] sat-dist hist bins=60 sat<0.05=0.0% mean=0.985 p10=0.985 p90=0.986
Iter 0005280: train nll 1.386, valid error 074.950%, best valid error 074.100%, avg grad norm   0.194, avg grad norm (post clip)   0.204, rho_Whh  0.94, Omega  0.00, alpha  2.000, steps in the past 0.010, valid nll 1.386
  [diag] log10|dL/dh_t| hist bins=60 range=(-12.00,-2.50) mean=-11.90 p50=-12.00 p05=-12.00 p95=-12.00
  [diag] sat-dist hist bins=60 sat<0.05=0.0% mean=0.985 p10=0.984 p90=0.986
Iter 0005300: train nll 1.386, valid error 074.940%, best valid error 074.100%, avg grad norm   0.174, avg grad norm (post clip)   0.184, rho_Whh  0.94, Omega  0.00, alpha  2.000, steps in the past 0.010, valid nll 1.387
  [diag] log10|dL/dh_t| hist bins=60 range=(-12.00,-2.50) mean=-11.90 p50=-12.00 p05=-12.00 p95=-12.00
  [diag] sat-dist hist bins=60 sat<0.05=0.0% mean=0.985 p10=0.984 p90=0.986
Iter 0005320: train nll 1.386, valid error 074.920%, best valid error 074.100%, avg grad norm   0.199, avg grad norm (post clip)   0.208, rho_Whh  0.94, Omega  0.00, alpha  2.000, steps in the past 0.010, valid nll 1.387
  [diag] log10|dL/dh_t| hist bins=60 range=(-12.00,-2.50) mean=-11.90 p50=-12.00 p05=-12.00 p95=-12.00
  [diag] sat-dist hist bins=60 sat<0.05=0.0% mean=0.985 p10=0.984 p90=0.986
Iter 0005340: train nll 1.386, valid error 074.950%, best valid error 074.100%, avg grad norm   0.178, avg grad norm (post clip)   0.189, rho_Whh  0.94, Omega  0.00, alpha  2.000, steps in the past 0.010, valid nll 1.387
  [diag] log10|dL/dh_t| hist bins=60 range=(-12.00,-2.50) mean=-11.90 p50=-12.00 p05=-12.00 p95=-12.00
  [diag] sat-dist hist bins=60 sat<0.05=0.0% mean=0.985 p10=0.984 p90=0.985
Iter 0005360: train nll 1.386, valid error 074.860%, best valid error 074.100%, avg grad norm   0.181, avg grad norm (post clip)   0.191, rho_Whh  0.94, Omega  0.00, alpha  2.000, steps in the past 0.010, valid nll 1.387
  [diag] log10|dL/dh_t| hist bins=60 range=(-12.00,-2.50) mean=-11.90 p50=-12.00 p05=-12.00 p95=-12.00
  [diag] sat-dist hist bins=60 sat<0.05=0.0% mean=0.985 p10=0.984 p90=0.986
Iter 0005380: train nll 1.386, valid error 074.860%, best valid error 074.100%, avg grad norm   0.188, avg grad norm (post clip)   0.198, rho_Whh  0.94, Omega  0.00, alpha  2.000, steps in the past 0.010, valid nll 1.387
  [diag] log10|dL/dh_t| hist bins=60 range=(-12.00,-2.50) mean=-11.90 p50=-12.00 p05=-12.00 p95=-12.00
  [diag] sat-dist hist bins=60 sat<0.05=0.0% mean=0.985 p10=0.984 p90=0.986
Iter 0005400: train nll 1.387, valid error 074.980%, best valid error 074.100%, avg grad norm   0.191, avg grad norm (post clip)   0.201, rho_Whh  0.94, Omega  0.00, alpha  2.000, steps in the past 0.010, valid nll 1.387
  [diag] log10|dL/dh_t| hist bins=60 range=(-12.00,-2.50) mean=-11.90 p50=-12.00 p05=-12.00 p95=-12.00
  [diag] sat-dist hist bins=60 sat<0.05=0.0% mean=0.985 p10=0.985 p90=0.986
Iter 0005420: train nll 1.388, valid error 075.190%, best valid error 074.100%, avg grad norm   0.176, avg grad norm (post clip)   0.186, rho_Whh  0.94, Omega  0.00, alpha  2.000, steps in the past 0.010, valid nll 1.387
  [diag] log10|dL/dh_t| hist bins=60 range=(-12.00,-2.50) mean=-11.90 p50=-12.00 p05=-12.00 p95=-12.00
  [diag] sat-dist hist bins=60 sat<0.05=0.0% mean=0.985 p10=0.985 p90=0.986
Iter 0005440: train nll 1.386, valid error 075.090%, best valid error 074.100%, avg grad norm   0.161, avg grad norm (post clip)   0.170, rho_Whh  0.94, Omega  0.00, alpha  2.000, steps in the past 0.010, valid nll 1.386
  [diag] log10|dL/dh_t| hist bins=60 range=(-12.00,-2.50) mean=-11.90 p50=-12.00 p05=-12.00 p95=-12.00
  [diag] sat-dist hist bins=60 sat<0.05=0.0% mean=0.985 p10=0.985 p90=0.986
Iter 0005460: train nll 1.387, valid error 074.980%, best valid error 074.100%, avg grad norm   0.181, avg grad norm (post clip)   0.190, rho_Whh  0.94, Omega  0.00, alpha  2.000, steps in the past 0.010, valid nll 1.386
  [diag] log10|dL/dh_t| hist bins=60 range=(-12.00,-2.50) mean=-11.90 p50=-12.00 p05=-12.00 p95=-12.00
  [diag] sat-dist hist bins=60 sat<0.05=0.0% mean=0.985 p10=0.985 p90=0.986
Iter 0005480: train nll 1.385, valid error 074.800%, best valid error 074.100%, avg grad norm   0.189, avg grad norm (post clip)   0.199, rho_Whh  0.94, Omega  0.00, alpha  2.000, steps in the past 0.010, valid nll 1.386
  [diag] log10|dL/dh_t| hist bins=60 range=(-12.00,-2.50) mean=-11.90 p50=-12.00 p05=-12.00 p95=-12.00
  [diag] sat-dist hist bins=60 sat<0.05=0.0% mean=0.985 p10=0.985 p90=0.986
Iter 0005500: train nll 1.387, valid error 074.950%, best valid error 074.100%, avg grad norm   0.214, avg grad norm (post clip)   0.224, rho_Whh  0.94, Omega  0.00, alpha  2.000, steps in the past 0.010, valid nll 1.386
  [diag] log10|dL/dh_t| hist bins=60 range=(-12.00,-2.50) mean=-11.90 p50=-12.00 p05=-12.00 p95=-12.00
  [diag] sat-dist hist bins=60 sat<0.05=0.0% mean=0.985 p10=0.985 p90=0.986
Iter 0005520: train nll 1.387, valid error 074.950%, best valid error 074.100%, avg grad norm   0.188, avg grad norm (post clip)   0.199, rho_Whh  0.94, Omega  0.00, alpha  2.000, steps in the past 0.010, valid nll 1.386
  [diag] log10|dL/dh_t| hist bins=60 range=(-12.00,-2.50) mean=-11.90 p50=-12.00 p05=-12.00 p95=-12.00
  [diag] sat-dist hist bins=60 sat<0.05=0.0% mean=0.985 p10=0.984 p90=0.986
Iter 0005540: train nll 1.386, valid error 074.970%, best valid error 074.100%, avg grad norm   0.172, avg grad norm (post clip)   0.182, rho_Whh  0.94, Omega  0.00, alpha  2.000, steps in the past 0.010, valid nll 1.386
  [diag] log10|dL/dh_t| hist bins=60 range=(-12.00,-2.50) mean=-11.90 p50=-12.00 p05=-12.00 p95=-12.00
  [diag] sat-dist hist bins=60 sat<0.05=0.0% mean=0.985 p10=0.984 p90=0.986
Iter 0005560: train nll 1.387, valid error 075.080%, best valid error 074.100%, avg grad norm   0.141, avg grad norm (post clip)   0.150, rho_Whh  0.94, Omega  0.00, alpha  2.000, steps in the past 0.010, valid nll 1.386
  [diag] log10|dL/dh_t| hist bins=60 range=(-12.00,-2.50) mean=-11.90 p50=-12.00 p05=-12.00 p95=-12.00
  [diag] sat-dist hist bins=60 sat<0.05=0.0% mean=0.985 p10=0.984 p90=0.986
Iter 0005580: train nll 1.386, valid error 075.050%, best valid error 074.100%, avg grad norm   0.154, avg grad norm (post clip)   0.161, rho_Whh  0.94, Omega  0.00, alpha  2.000, steps in the past 0.010, valid nll 1.386
  [diag] log10|dL/dh_t| hist bins=60 range=(-12.00,-2.50) mean=-11.90 p50=-12.00 p05=-12.00 p95=-12.00
  [diag] sat-dist hist bins=60 sat<0.05=0.0% mean=0.985 p10=0.984 p90=0.986
Iter 0005600: train nll 1.387, valid error 075.140%, best valid error 074.100%, avg grad norm   0.149, avg grad norm (post clip)   0.157, rho_Whh  0.94, Omega  0.00, alpha  2.000, steps in the past 0.010, valid nll 1.386
  [diag] log10|dL/dh_t| hist bins=60 range=(-12.00,-2.50) mean=-11.90 p50=-12.00 p05=-12.00 p95=-12.00
  [diag] sat-dist hist bins=60 sat<0.05=0.0% mean=0.985 p10=0.985 p90=0.986
Iter 0005620: train nll 1.386, valid error 075.130%, best valid error 074.100%, avg grad norm   0.190, avg grad norm (post clip)   0.198, rho_Whh  0.94, Omega  0.00, alpha  2.000, steps in the past 0.010, valid nll 1.386
  [diag] log10|dL/dh_t| hist bins=60 range=(-12.00,-2.50) mean=-11.90 p50=-12.00 p05=-12.00 p95=-12.00
  [diag] sat-dist hist bins=60 sat<0.05=0.0% mean=0.985 p10=0.984 p90=0.986
Iter 0005640: train nll 1.386, valid error 075.090%, best valid error 074.100%, avg grad norm   0.172, avg grad norm (post clip)   0.182, rho_Whh  0.94, Omega  0.00, alpha  2.000, steps in the past 0.010, valid nll 1.387
  [diag] log10|dL/dh_t| hist bins=60 range=(-12.00,-2.50) mean=-11.90 p50=-12.00 p05=-12.00 p95=-12.00
  [diag] sat-dist hist bins=60 sat<0.05=0.0% mean=0.985 p10=0.984 p90=0.986
Iter 0005660: train nll 1.387, valid error 075.310%, best valid error 074.100%, avg grad norm   0.204, avg grad norm (post clip)   0.213, rho_Whh  0.94, Omega  0.00, alpha  2.000, steps in the past 0.010, valid nll 1.386
  [diag] log10|dL/dh_t| hist bins=60 range=(-12.00,-2.50) mean=-11.90 p50=-12.00 p05=-12.00 p95=-12.00
  [diag] sat-dist hist bins=60 sat<0.05=0.0% mean=0.985 p10=0.984 p90=0.986
Iter 0005680: train nll 1.386, valid error 075.750%, best valid error 074.100%, avg grad norm   0.184, avg grad norm (post clip)   0.195, rho_Whh  0.94, Omega  0.00, alpha  2.000, steps in the past 0.010, valid nll 1.387
  [diag] log10|dL/dh_t| hist bins=60 range=(-12.00,-2.50) mean=-11.90 p50=-12.00 p05=-12.00 p95=-12.00
  [diag] sat-dist hist bins=60 sat<0.05=0.0% mean=0.985 p10=0.984 p90=0.986
Iter 0005700: train nll 1.386, valid error 075.750%, best valid error 074.100%, avg grad norm   0.173, avg grad norm (post clip)   0.183, rho_Whh  0.93, Omega  0.00, alpha  2.000, steps in the past 0.010, valid nll 1.387
  [diag] log10|dL/dh_t| hist bins=60 range=(-12.00,-2.50) mean=-11.90 p50=-12.00 p05=-12.00 p95=-12.00
  [diag] sat-dist hist bins=60 sat<0.05=0.0% mean=0.985 p10=0.984 p90=0.986
Iter 0005720: train nll 1.387, valid error 075.760%, best valid error 074.100%, avg grad norm   0.169, avg grad norm (post clip)   0.178, rho_Whh  0.93, Omega  0.00, alpha  2.000, steps in the past 0.010, valid nll 1.387
  [diag] log10|dL/dh_t| hist bins=60 range=(-12.00,-2.50) mean=-11.90 p50=-12.00 p05=-12.00 p95=-12.00
  [diag] sat-dist hist bins=60 sat<0.05=0.0% mean=0.985 p10=0.984 p90=0.986
Iter 0005740: train nll 1.387, valid error 075.750%, best valid error 074.100%, avg grad norm   0.171, avg grad norm (post clip)   0.180, rho_Whh  0.94, Omega  0.00, alpha  2.000, steps in the past 0.010, valid nll 1.387
  [diag] log10|dL/dh_t| hist bins=60 range=(-12.00,-2.50) mean=-11.90 p50=-12.00 p05=-12.00 p95=-12.00
  [diag] sat-dist hist bins=60 sat<0.05=0.0% mean=0.985 p10=0.984 p90=0.986
Iter 0005760: train nll 1.386, valid error 075.580%, best valid error 074.100%, avg grad norm   0.180, avg grad norm (post clip)   0.189, rho_Whh  0.93, Omega  0.00, alpha  2.000, steps in the past 0.010, valid nll 1.387
  [diag] log10|dL/dh_t| hist bins=60 range=(-12.00,-2.50) mean=-11.90 p50=-12.00 p05=-12.00 p95=-12.00
  [diag] sat-dist hist bins=60 sat<0.05=0.0% mean=0.985 p10=0.984 p90=0.986
Iter 0005780: train nll 1.387, valid error 075.740%, best valid error 074.100%, avg grad norm   0.203, avg grad norm (post clip)   0.212, rho_Whh  0.93, Omega  0.00, alpha  2.000, steps in the past 0.010, valid nll 1.386
  [diag] log10|dL/dh_t| hist bins=60 range=(-12.00,-2.50) mean=-11.90 p50=-12.00 p05=-12.00 p95=-12.00
  [diag] sat-dist hist bins=60 sat<0.05=0.0% mean=0.985 p10=0.984 p90=0.986
Iter 0005800: train nll 1.386, valid error 075.090%, best valid error 074.100%, avg grad norm   0.188, avg grad norm (post clip)   0.199, rho_Whh  0.93, Omega  0.00, alpha  2.000, steps in the past 0.010, valid nll 1.386
  [diag] log10|dL/dh_t| hist bins=60 range=(-12.00,-2.50) mean=-11.90 p50=-12.00 p05=-12.00 p95=-12.00
  [diag] sat-dist hist bins=60 sat<0.05=0.0% mean=0.985 p10=0.984 p90=0.986
Iter 0005820: train nll 1.386, valid error 075.120%, best valid error 074.100%, avg grad norm   0.189, avg grad norm (post clip)   0.199, rho_Whh  0.93, Omega  0.00, alpha  2.000, steps in the past 0.010, valid nll 1.386
  [diag] log10|dL/dh_t| hist bins=60 range=(-12.00,-2.50) mean=-11.90 p50=-12.00 p05=-12.00 p95=-12.00
  [diag] sat-dist hist bins=60 sat<0.05=0.0% mean=0.985 p10=0.984 p90=0.986
Iter 0005840: train nll 1.387, valid error 075.090%, best valid error 074.100%, avg grad norm   0.190, avg grad norm (post clip)   0.200, rho_Whh  0.93, Omega  0.00, alpha  2.000, steps in the past 0.010, valid nll 1.386
  [diag] log10|dL/dh_t| hist bins=60 range=(-12.00,-2.50) mean=-11.90 p50=-12.00 p05=-12.00 p95=-12.00
  [diag] sat-dist hist bins=60 sat<0.05=0.0% mean=0.985 p10=0.984 p90=0.986
Iter 0005860: train nll 1.387, valid error 075.090%, best valid error 074.100%, avg grad norm   0.183, avg grad norm (post clip)   0.193, rho_Whh  0.93, Omega  0.00, alpha  2.000, steps in the past 0.010, valid nll 1.386
  [diag] log10|dL/dh_t| hist bins=60 range=(-12.00,-2.50) mean=-11.90 p50=-12.00 p05=-12.00 p95=-12.00
  [diag] sat-dist hist bins=60 sat<0.05=0.0% mean=0.985 p10=0.984 p90=0.986
Iter 0005880: train nll 1.386, valid error 075.090%, best valid error 074.100%, avg grad norm   0.183, avg grad norm (post clip)   0.193, rho_Whh  0.93, Omega  0.00, alpha  2.000, steps in the past 0.010, valid nll 1.386
  [diag] log10|dL/dh_t| hist bins=60 range=(-12.00,-2.50) mean=-11.90 p50=-12.00 p05=-12.00 p95=-12.00
  [diag] sat-dist hist bins=60 sat<0.05=0.0% mean=0.985 p10=0.984 p90=0.986
Iter 0005900: train nll 1.386, valid error 075.090%, best valid error 074.100%, avg grad norm   0.176, avg grad norm (post clip)   0.185, rho_Whh  0.93, Omega  0.00, alpha  2.000, steps in the past 0.010, valid nll 1.386
  [diag] log10|dL/dh_t| hist bins=60 range=(-12.00,-2.50) mean=-11.90 p50=-12.00 p05=-12.00 p95=-12.00
  [diag] sat-dist hist bins=60 sat<0.05=0.0% mean=0.985 p10=0.984 p90=0.986
Iter 0005920: train nll 1.387, valid error 075.090%, best valid error 074.100%, avg grad norm   0.170, avg grad norm (post clip)   0.179, rho_Whh  0.93, Omega  0.00, alpha  2.000, steps in the past 0.010, valid nll 1.386
  [diag] log10|dL/dh_t| hist bins=60 range=(-12.00,-2.50) mean=-11.90 p50=-12.00 p05=-12.00 p95=-12.00
  [diag] sat-dist hist bins=60 sat<0.05=0.0% mean=0.985 p10=0.985 p90=0.986
Iter 0005940: train nll 1.385, valid error 075.090%, best valid error 074.100%, avg grad norm   0.178, avg grad norm (post clip)   0.187, rho_Whh  0.93, Omega  0.00, alpha  2.000, steps in the past 0.010, valid nll 1.387
  [diag] log10|dL/dh_t| hist bins=60 range=(-12.00,-2.50) mean=-11.90 p50=-12.00 p05=-12.00 p95=-12.00
  [diag] sat-dist hist bins=60 sat<0.05=0.0% mean=0.985 p10=0.985 p90=0.986
Iter 0005960: train nll 1.387, valid error 075.090%, best valid error 074.100%, avg grad norm   0.190, avg grad norm (post clip)   0.200, rho_Whh  0.93, Omega  0.00, alpha  2.000, steps in the past 0.010, valid nll 1.387
  [diag] log10|dL/dh_t| hist bins=60 range=(-12.00,-2.50) mean=-11.90 p50=-12.00 p05=-12.00 p95=-12.00
  [diag] sat-dist hist bins=60 sat<0.05=0.0% mean=0.985 p10=0.985 p90=0.986
Iter 0005980: train nll 1.387, valid error 075.090%, best valid error 074.100%, avg grad norm   0.213, avg grad norm (post clip)   0.223, rho_Whh  0.93, Omega  0.00, alpha  2.000, steps in the past 0.010, valid nll 1.387
  [diag] log10|dL/dh_t| hist bins=60 range=(-12.00,-2.50) mean=-11.90 p50=-12.00 p05=-12.00 p95=-12.00
  [diag] sat-dist hist bins=60 sat<0.05=0.0% mean=0.985 p10=0.985 p90=0.986
Iter 0006000: train nll 1.385, valid error 075.090%, best valid error 074.100%, avg grad norm   0.184, avg grad norm (post clip)   0.195, rho_Whh  0.93, Omega  0.00, alpha  2.000, steps in the past 0.010, valid nll 1.387
  [diag] log10|dL/dh_t| hist bins=60 range=(-12.00,-2.50) mean=-11.90 p50=-12.00 p05=-12.00 p95=-12.00
  [diag] sat-dist hist bins=60 sat<0.05=0.0% mean=0.985 p10=0.984 p90=0.986
Iter 0006020: train nll 1.386, valid error 075.090%, best valid error 074.100%, avg grad norm   0.188, avg grad norm (post clip)   0.198, rho_Whh  0.93, Omega  0.00, alpha  2.000, steps in the past 0.010, valid nll 1.387
  [diag] log10|dL/dh_t| hist bins=60 range=(-12.00,-2.50) mean=-11.90 p50=-12.00 p05=-12.00 p95=-12.00
  [diag] sat-dist hist bins=60 sat<0.05=0.0% mean=0.985 p10=0.984 p90=0.986
Iter 0006040: train nll 1.386, valid error 075.090%, best valid error 074.100%, avg grad norm   0.184, avg grad norm (post clip)   0.194, rho_Whh  0.93, Omega  0.00, alpha  2.000, steps in the past 0.010, valid nll 1.387
  [diag] log10|dL/dh_t| hist bins=60 range=(-12.00,-2.50) mean=-11.90 p50=-12.00 p05=-12.00 p95=-12.00
  [diag] sat-dist hist bins=60 sat<0.05=0.0% mean=0.985 p10=0.985 p90=0.986
Iter 0006060: train nll 1.387, valid error 075.090%, best valid error 074.100%, avg grad norm   0.202, avg grad norm (post clip)   0.212, rho_Whh  0.93, Omega  0.00, alpha  2.000, steps in the past 0.010, valid nll 1.387
  [diag] log10|dL/dh_t| hist bins=60 range=(-12.00,-2.50) mean=-11.90 p50=-12.00 p05=-12.00 p95=-12.00
  [diag] sat-dist hist bins=60 sat<0.05=0.0% mean=0.985 p10=0.984 p90=0.986
Iter 0006080: train nll 1.386, valid error 075.090%, best valid error 074.100%, avg grad norm   0.207, avg grad norm (post clip)   0.217, rho_Whh  0.93, Omega  0.00, alpha  2.000, steps in the past 0.010, valid nll 1.387
  [diag] log10|dL/dh_t| hist bins=60 range=(-12.00,-2.50) mean=-11.90 p50=-12.00 p05=-12.00 p95=-12.00
  [diag] sat-dist hist bins=60 sat<0.05=0.0% mean=0.985 p10=0.984 p90=0.986
Iter 0006100: train nll 1.386, valid error 075.090%, best valid error 074.100%, avg grad norm   0.185, avg grad norm (post clip)   0.195, rho_Whh  0.93, Omega  0.00, alpha  2.000, steps in the past 0.010, valid nll 1.387
  [diag] log10|dL/dh_t| hist bins=60 range=(-12.00,-2.50) mean=-11.90 p50=-12.00 p05=-12.00 p95=-12.00
  [diag] sat-dist hist bins=60 sat<0.05=0.0% mean=0.985 p10=0.984 p90=0.986
Iter 0006120: train nll 1.386, valid error 075.090%, best valid error 074.100%, avg grad norm   0.164, avg grad norm (post clip)   0.174, rho_Whh  0.93, Omega  0.00, alpha  2.000, steps in the past 0.010, valid nll 1.386
  [diag] log10|dL/dh_t| hist bins=60 range=(-12.00,-2.50) mean=-11.90 p50=-12.00 p05=-12.00 p95=-12.00
  [diag] sat-dist hist bins=60 sat<0.05=0.0% mean=0.985 p10=0.985 p90=0.986
Iter 0006140: train nll 1.386, valid error 075.090%, best valid error 074.100%, avg grad norm   0.187, avg grad norm (post clip)   0.195, rho_Whh  0.93, Omega  0.00, alpha  2.000, steps in the past 0.010, valid nll 1.387
  [diag] log10|dL/dh_t| hist bins=60 range=(-12.00,-2.50) mean=-11.90 p50=-12.00 p05=-12.00 p95=-12.00
  [diag] sat-dist hist bins=60 sat<0.05=0.0% mean=0.985 p10=0.985 p90=0.986
Iter 0006160: train nll 1.386, valid error 075.090%, best valid error 074.100%, avg grad norm   0.183, avg grad norm (post clip)   0.193, rho_Whh  0.93, Omega  0.00, alpha  2.000, steps in the past 0.010, valid nll 1.387
  [diag] log10|dL/dh_t| hist bins=60 range=(-12.00,-2.50) mean=-11.90 p50=-12.00 p05=-12.00 p95=-12.00
  [diag] sat-dist hist bins=60 sat<0.05=0.0% mean=0.985 p10=0.985 p90=0.986
Iter 0006180: train nll 1.386, valid error 075.090%, best valid error 074.100%, avg grad norm   0.213, avg grad norm (post clip)   0.222, rho_Whh  0.93, Omega  0.00, alpha  2.000, steps in the past 0.010, valid nll 1.387
  [diag] log10|dL/dh_t| hist bins=60 range=(-12.00,-2.50) mean=-11.90 p50=-12.00 p05=-12.00 p95=-12.00
  [diag] sat-dist hist bins=60 sat<0.05=0.0% mean=0.986 p10=0.985 p90=0.986
Iter 0006200: train nll 1.388, valid error 075.090%, best valid error 074.100%, avg grad norm   0.197, avg grad norm (post clip)   0.209, rho_Whh  0.93, Omega  0.00, alpha  2.000, steps in the past 0.010, valid nll 1.387
  [diag] log10|dL/dh_t| hist bins=60 range=(-12.00,-2.50) mean=-11.90 p50=-12.00 p05=-12.00 p95=-12.00
  [diag] sat-dist hist bins=60 sat<0.05=0.0% mean=0.985 p10=0.985 p90=0.986
Iter 0006220: train nll 1.387, valid error 075.090%, best valid error 074.100%, avg grad norm   0.179, avg grad norm (post clip)   0.189, rho_Whh  0.93, Omega  0.00, alpha  2.000, steps in the past 0.010, valid nll 1.387
  [diag] log10|dL/dh_t| hist bins=60 range=(-12.00,-2.50) mean=-11.90 p50=-12.00 p05=-12.00 p95=-12.00
  [diag] sat-dist hist bins=60 sat<0.05=0.0% mean=0.985 p10=0.985 p90=0.986
Iter 0006240: train nll 1.388, valid error 075.090%, best valid error 074.100%, avg grad norm   0.198, avg grad norm (post clip)   0.207, rho_Whh  0.93, Omega  0.00, alpha  2.000, steps in the past 0.010, valid nll 1.386
  [diag] log10|dL/dh_t| hist bins=60 range=(-12.00,-2.50) mean=-11.90 p50=-12.00 p05=-12.00 p95=-12.00
  [diag] sat-dist hist bins=60 sat<0.05=0.0% mean=0.985 p10=0.985 p90=0.986
Iter 0006260: train nll 1.386, valid error 075.080%, best valid error 074.100%, avg grad norm   0.185, avg grad norm (post clip)   0.195, rho_Whh  0.93, Omega  0.00, alpha  2.000, steps in the past 0.010, valid nll 1.386
  [diag] log10|dL/dh_t| hist bins=60 range=(-12.00,-2.50) mean=-11.90 p50=-12.00 p05=-12.00 p95=-12.00
  [diag] sat-dist hist bins=60 sat<0.05=0.0% mean=0.985 p10=0.985 p90=0.986
Iter 0006280: train nll 1.387, valid error 075.090%, best valid error 074.100%, avg grad norm   0.191, avg grad norm (post clip)   0.201, rho_Whh  0.93, Omega  0.00, alpha  2.000, steps in the past 0.010, valid nll 1.386
  [diag] log10|dL/dh_t| hist bins=60 range=(-12.00,-2.50) mean=-11.90 p50=-12.00 p05=-12.00 p95=-12.00
  [diag] sat-dist hist bins=60 sat<0.05=0.0% mean=0.985 p10=0.985 p90=0.986
Iter 0006300: train nll 1.386, valid error 075.130%, best valid error 074.100%, avg grad norm   0.184, avg grad norm (post clip)   0.194, rho_Whh  0.93, Omega  0.00, alpha  2.000, steps in the past 0.010, valid nll 1.386
  [diag] log10|dL/dh_t| hist bins=60 range=(-12.00,-2.50) mean=-11.90 p50=-12.00 p05=-12.00 p95=-12.00
  [diag] sat-dist hist bins=60 sat<0.05=0.0% mean=0.985 p10=0.985 p90=0.986
Iter 0006320: train nll 1.387, valid error 074.950%, best valid error 074.100%, avg grad norm   0.199, avg grad norm (post clip)   0.209, rho_Whh  0.93, Omega  0.00, alpha  2.000, steps in the past 0.010, valid nll 1.386
  [diag] log10|dL/dh_t| hist bins=60 range=(-12.00,-2.50) mean=-11.90 p50=-12.00 p05=-12.00 p95=-12.00
  [diag] sat-dist hist bins=60 sat<0.05=0.0% mean=0.985 p10=0.985 p90=0.986
Iter 0006340: train nll 1.386, valid error 074.950%, best valid error 074.100%, avg grad norm   0.189, avg grad norm (post clip)   0.199, rho_Whh  0.93, Omega  0.00, alpha  2.000, steps in the past 0.010, valid nll 1.386
  [diag] log10|dL/dh_t| hist bins=60 range=(-12.00,-2.50) mean=-11.90 p50=-12.00 p05=-12.00 p95=-12.00
  [diag] sat-dist hist bins=60 sat<0.05=0.0% mean=0.985 p10=0.985 p90=0.986
Iter 0006360: train nll 1.387, valid error 074.950%, best valid error 074.100%, avg grad norm   0.187, avg grad norm (post clip)   0.196, rho_Whh  0.93, Omega  0.00, alpha  2.000, steps in the past 0.010, valid nll 1.386
  [diag] log10|dL/dh_t| hist bins=60 range=(-12.00,-2.50) mean=-11.90 p50=-12.00 p05=-12.00 p95=-12.00
  [diag] sat-dist hist bins=60 sat<0.05=0.0% mean=0.985 p10=0.985 p90=0.986
Iter 0006380: train nll 1.387, valid error 074.770%, best valid error 074.100%, avg grad norm   0.179, avg grad norm (post clip)   0.189, rho_Whh  0.93, Omega  0.00, alpha  2.000, steps in the past 0.010, valid nll 1.386
  [diag] log10|dL/dh_t| hist bins=60 range=(-12.00,-2.50) mean=-11.90 p50=-12.00 p05=-12.00 p95=-12.00
  [diag] sat-dist hist bins=60 sat<0.05=0.0% mean=0.985 p10=0.985 p90=0.986
Iter 0006400: train nll 1.387, valid error 075.510%, best valid error 074.100%, avg grad norm   0.190, avg grad norm (post clip)   0.199, rho_Whh  0.93, Omega  0.00, alpha  2.000, steps in the past 0.010, valid nll 1.386
  [diag] log10|dL/dh_t| hist bins=60 range=(-12.00,-2.50) mean=-11.90 p50=-12.00 p05=-12.00 p95=-12.00
  [diag] sat-dist hist bins=60 sat<0.05=0.0% mean=0.985 p10=0.985 p90=0.986
