Starting to train (PyTorch).
  [diag] log10|dL/dh_t| hist bins=60 range=(-12.00,-2.36) mean=-11.90 p50=-12.00 p05=-12.00 p95=-12.00
  [diag] sat-dist hist bins=60 sat<0.05=0.0% mean=0.981 p10=0.979 p90=0.983
Iter 0000020: train nll 1.456, valid error 075.460%, best valid error 100.000%, avg grad norm   1.035, avg grad norm (post clip)   0.945, rho_Whh  0.95, Omega  0.07, alpha  2.000, steps in the past 0.011, valid nll 1.386
  [diag] log10|dL/dh_t| hist bins=60 range=(-12.00,-2.36) mean=-11.90 p50=-12.00 p05=-12.00 p95=-12.00
  [diag] sat-dist hist bins=60 sat<0.05=0.0% mean=0.980 p10=0.979 p90=0.982
Iter 0000040: train nll 1.386, valid error 075.090%, best valid error 075.460%, avg grad norm   0.541, avg grad norm (post clip)   0.588, rho_Whh  0.95, Omega  0.01, alpha  2.000, steps in the past 0.010, valid nll 1.386
  [diag] log10|dL/dh_t| hist bins=60 range=(-12.00,-2.36) mean=-11.90 p50=-12.00 p05=-12.00 p95=-12.00
  [diag] sat-dist hist bins=60 sat<0.05=0.0% mean=0.977 p10=0.974 p90=0.981
Iter 0000060: train nll 1.386, valid error 075.180%, best valid error 075.090%, avg grad norm   0.346, avg grad norm (post clip)   0.375, rho_Whh  0.95, Omega  0.00, alpha  2.000, steps in the past 0.010, valid nll 1.386
  [diag] log10|dL/dh_t| hist bins=60 range=(-12.00,-2.36) mean=-11.90 p50=-12.00 p05=-12.00 p95=-12.00
  [diag] sat-dist hist bins=60 sat<0.05=0.0% mean=0.982 p10=0.980 p90=0.982
Iter 0000080: train nll 1.386, valid error 075.090%, best valid error 075.090%, avg grad norm   0.215, avg grad norm (post clip)   0.234, rho_Whh  0.95, Omega  0.00, alpha  2.000, steps in the past 0.010, valid nll 1.386
  [diag] log10|dL/dh_t| hist bins=60 range=(-12.00,-2.36) mean=-11.90 p50=-12.00 p05=-12.00 p95=-12.00
  [diag] sat-dist hist bins=60 sat<0.05=0.0% mean=0.982 p10=0.980 p90=0.982
Iter 0000100: train nll 1.387, valid error 075.090%, best valid error 075.090%, avg grad norm   0.226, avg grad norm (post clip)   0.237, rho_Whh  0.95, Omega  0.00, alpha  2.000, steps in the past 0.010, valid nll 1.386
  [diag] log10|dL/dh_t| hist bins=60 range=(-12.00,-2.36) mean=-11.90 p50=-12.00 p05=-12.00 p95=-12.00
  [diag] sat-dist hist bins=60 sat<0.05=0.0% mean=0.979 p10=0.976 p90=0.981
Iter 0000120: train nll 1.386, valid error 075.070%, best valid error 075.090%, avg grad norm   0.221, avg grad norm (post clip)   0.233, rho_Whh  0.95, Omega  0.00, alpha  2.000, steps in the past 0.010, valid nll 1.386
  [diag] log10|dL/dh_t| hist bins=60 range=(-12.00,-2.36) mean=-11.90 p50=-12.00 p05=-12.00 p95=-12.00
  [diag] sat-dist hist bins=60 sat<0.05=0.0% mean=0.981 p10=0.979 p90=0.981
Iter 0000140: train nll 1.386, valid error 075.090%, best valid error 075.070%, avg grad norm   0.216, avg grad norm (post clip)   0.228, rho_Whh  0.95, Omega  0.00, alpha  2.000, steps in the past 0.010, valid nll 1.386
  [diag] log10|dL/dh_t| hist bins=60 range=(-12.00,-2.36) mean=-11.90 p50=-12.00 p05=-12.00 p95=-12.00
  [diag] sat-dist hist bins=60 sat<0.05=0.0% mean=0.978 p10=0.976 p90=0.980
Iter 0000160: train nll 1.385, valid error 075.090%, best valid error 075.070%, avg grad norm   0.193, avg grad norm (post clip)   0.204, rho_Whh  0.95, Omega  0.00, alpha  2.000, steps in the past 0.010, valid nll 1.387
  [diag] log10|dL/dh_t| hist bins=60 range=(-12.00,-2.36) mean=-11.90 p50=-12.00 p05=-12.00 p95=-12.00
  [diag] sat-dist hist bins=60 sat<0.05=0.0% mean=0.980 p10=0.978 p90=0.980
Iter 0000180: train nll 1.385, valid error 075.090%, best valid error 075.070%, avg grad norm   0.193, avg grad norm (post clip)   0.204, rho_Whh  0.95, Omega  0.00, alpha  2.000, steps in the past 0.010, valid nll 1.387
  [diag] log10|dL/dh_t| hist bins=60 range=(-12.00,-2.36) mean=-11.90 p50=-12.00 p05=-12.00 p95=-12.00
  [diag] sat-dist hist bins=60 sat<0.05=0.0% mean=0.977 p10=0.975 p90=0.979
Iter 0000200: train nll 1.387, valid error 075.090%, best valid error 075.070%, avg grad norm   0.212, avg grad norm (post clip)   0.223, rho_Whh  0.95, Omega  0.00, alpha  2.000, steps in the past 0.010, valid nll 1.387
  [diag] log10|dL/dh_t| hist bins=60 range=(-12.00,-2.36) mean=-11.90 p50=-12.00 p05=-12.00 p95=-12.00
  [diag] sat-dist hist bins=60 sat<0.05=0.0% mean=0.975 p10=0.973 p90=0.978
Iter 0000220: train nll 1.386, valid error 075.090%, best valid error 075.070%, avg grad norm   0.200, avg grad norm (post clip)   0.211, rho_Whh  0.95, Omega  0.00, alpha  2.000, steps in the past 0.010, valid nll 1.387
  [diag] log10|dL/dh_t| hist bins=60 range=(-12.00,-2.35) mean=-11.90 p50=-12.00 p05=-12.00 p95=-12.00
  [diag] sat-dist hist bins=60 sat<0.05=0.0% mean=0.970 p10=0.966 p90=0.976
Iter 0000240: train nll 1.386, valid error 075.090%, best valid error 075.070%, avg grad norm   0.231, avg grad norm (post clip)   0.241, rho_Whh  0.95, Omega  0.00, alpha  2.000, steps in the past 0.010, valid nll 1.387
  [diag] log10|dL/dh_t| hist bins=60 range=(-12.00,-2.36) mean=-11.90 p50=-12.00 p05=-12.00 p95=-12.00
  [diag] sat-dist hist bins=60 sat<0.05=0.0% mean=0.973 p10=0.969 p90=0.977
Iter 0000260: train nll 1.387, valid error 075.090%, best valid error 075.070%, avg grad norm   0.216, avg grad norm (post clip)   0.228, rho_Whh  0.95, Omega  0.00, alpha  2.000, steps in the past 0.010, valid nll 1.387
  [diag] log10|dL/dh_t| hist bins=60 range=(-12.00,-2.35) mean=-11.90 p50=-12.00 p05=-12.00 p95=-12.00
  [diag] sat-dist hist bins=60 sat<0.05=0.0% mean=0.965 p10=0.959 p90=0.975
Iter 0000280: train nll 1.385, valid error 075.090%, best valid error 075.070%, avg grad norm   0.203, avg grad norm (post clip)   0.215, rho_Whh  0.95, Omega  0.00, alpha  2.000, steps in the past 0.010, valid nll 1.387
  [diag] log10|dL/dh_t| hist bins=60 range=(-12.00,-2.35) mean=-11.90 p50=-12.00 p05=-12.00 p95=-12.00
  [diag] sat-dist hist bins=60 sat<0.05=0.0% mean=0.967 p10=0.963 p90=0.975
Iter 0000300: train nll 1.386, valid error 075.090%, best valid error 075.070%, avg grad norm   0.191, avg grad norm (post clip)   0.202, rho_Whh  0.95, Omega  0.00, alpha  2.000, steps in the past 0.010, valid nll 1.387
  [diag] log10|dL/dh_t| hist bins=60 range=(-12.00,-2.36) mean=-11.90 p50=-12.00 p05=-12.00 p95=-12.00
  [diag] sat-dist hist bins=60 sat<0.05=0.0% mean=0.969 p10=0.965 p90=0.976
Iter 0000320: train nll 1.387, valid error 075.090%, best valid error 075.070%, avg grad norm   0.188, avg grad norm (post clip)   0.198, rho_Whh  0.95, Omega  0.00, alpha  2.000, steps in the past 0.010, valid nll 1.387
  [diag] log10|dL/dh_t| hist bins=60 range=(-12.00,-2.36) mean=-11.90 p50=-12.00 p05=-12.00 p95=-12.00
  [diag] sat-dist hist bins=60 sat<0.05=0.0% mean=0.978 p10=0.977 p90=0.980
Iter 0000340: train nll 1.388, valid error 075.060%, best valid error 075.070%, avg grad norm   0.209, avg grad norm (post clip)   0.218, rho_Whh  0.95, Omega  0.00, alpha  2.000, steps in the past 0.010, valid nll 1.387
  [diag] log10|dL/dh_t| hist bins=60 range=(-12.00,-2.36) mean=-11.90 p50=-12.00 p05=-12.00 p95=-12.00
  [diag] sat-dist hist bins=60 sat<0.05=0.0% mean=0.980 p10=0.979 p90=0.981
Iter 0000360: train nll 1.387, valid error 075.220%, best valid error 075.060%, avg grad norm   0.206, avg grad norm (post clip)   0.217, rho_Whh  0.95, Omega  0.00, alpha  2.000, steps in the past 0.010, valid nll 1.387
  [diag] log10|dL/dh_t| hist bins=60 range=(-12.00,-2.36) mean=-11.90 p50=-12.00 p05=-12.00 p95=-12.00
  [diag] sat-dist hist bins=60 sat<0.05=0.0% mean=0.979 p10=0.978 p90=0.981
Iter 0000380: train nll 1.386, valid error 075.130%, best valid error 075.060%, avg grad norm   0.198, avg grad norm (post clip)   0.209, rho_Whh  0.95, Omega  0.00, alpha  2.000, steps in the past 0.010, valid nll 1.387
  [diag] log10|dL/dh_t| hist bins=60 range=(-12.00,-2.36) mean=-11.90 p50=-12.00 p05=-12.00 p95=-12.00
  [diag] sat-dist hist bins=60 sat<0.05=0.0% mean=0.980 p10=0.978 p90=0.982
Iter 0000400: train nll 1.388, valid error 075.170%, best valid error 075.060%, avg grad norm   0.255, avg grad norm (post clip)   0.265, rho_Whh  0.95, Omega  0.00, alpha  2.000, steps in the past 0.010, valid nll 1.386
  [diag] log10|dL/dh_t| hist bins=60 range=(-12.00,-2.36) mean=-11.90 p50=-12.00 p05=-12.00 p95=-12.00
  [diag] sat-dist hist bins=60 sat<0.05=0.0% mean=0.974 p10=0.970 p90=0.980
Iter 0000420: train nll 1.386, valid error 074.590%, best valid error 075.060%, avg grad norm   0.220, avg grad norm (post clip)   0.233, rho_Whh  0.95, Omega  0.00, alpha  2.000, steps in the past 0.010, valid nll 1.386
  [diag] log10|dL/dh_t| hist bins=60 range=(-12.00,-2.36) mean=-11.90 p50=-12.00 p05=-12.00 p95=-12.00
  [diag] sat-dist hist bins=60 sat<0.05=0.0% mean=0.969 p10=0.963 p90=0.977
Iter 0000440: train nll 1.386, valid error 074.710%, best valid error 074.590%, avg grad norm   0.208, avg grad norm (post clip)   0.219, rho_Whh  0.95, Omega  0.00, alpha  2.000, steps in the past 0.010, valid nll 1.386
  [diag] log10|dL/dh_t| hist bins=60 range=(-12.00,-2.35) mean=-11.90 p50=-12.00 p05=-12.00 p95=-12.00
  [diag] sat-dist hist bins=60 sat<0.05=0.0% mean=0.962 p10=0.955 p90=0.973
Iter 0000460: train nll 1.385, valid error 074.820%, best valid error 074.590%, avg grad norm   0.232, avg grad norm (post clip)   0.243, rho_Whh  0.95, Omega  0.00, alpha  2.000, steps in the past 0.010, valid nll 1.386
  [diag] log10|dL/dh_t| hist bins=60 range=(-12.00,-2.36) mean=-11.90 p50=-12.00 p05=-12.00 p95=-12.00
  [diag] sat-dist hist bins=60 sat<0.05=0.0% mean=0.968 p10=0.962 p90=0.976
Iter 0000480: train nll 1.387, valid error 074.750%, best valid error 074.590%, avg grad norm   0.199, avg grad norm (post clip)   0.211, rho_Whh  0.95, Omega  0.00, alpha  2.000, steps in the past 0.010, valid nll 1.386
  [diag] log10|dL/dh_t| hist bins=60 range=(-12.00,-2.36) mean=-11.90 p50=-12.00 p05=-12.00 p95=-12.00
  [diag] sat-dist hist bins=60 sat<0.05=0.0% mean=0.976 p10=0.973 p90=0.980
Iter 0000500: train nll 1.387, valid error 075.090%, best valid error 074.590%, avg grad norm   0.219, avg grad norm (post clip)   0.229, rho_Whh  0.95, Omega  0.00, alpha  2.000, steps in the past 0.010, valid nll 1.386
  [diag] log10|dL/dh_t| hist bins=60 range=(-12.00,-2.36) mean=-11.90 p50=-12.00 p05=-12.00 p95=-12.00
  [diag] sat-dist hist bins=60 sat<0.05=0.0% mean=0.980 p10=0.978 p90=0.981
Iter 0000520: train nll 1.386, valid error 075.090%, best valid error 074.590%, avg grad norm   0.189, avg grad norm (post clip)   0.200, rho_Whh  0.95, Omega  0.00, alpha  2.000, steps in the past 0.010, valid nll 1.386
  [diag] log10|dL/dh_t| hist bins=60 range=(-12.00,-2.36) mean=-11.90 p50=-12.00 p05=-12.00 p95=-12.00
  [diag] sat-dist hist bins=60 sat<0.05=0.0% mean=0.981 p10=0.980 p90=0.982
Iter 0000540: train nll 1.387, valid error 075.090%, best valid error 074.590%, avg grad norm   0.244, avg grad norm (post clip)   0.254, rho_Whh  0.95, Omega  0.00, alpha  2.000, steps in the past 0.010, valid nll 1.386
  [diag] log10|dL/dh_t| hist bins=60 range=(-12.00,-2.36) mean=-11.90 p50=-12.00 p05=-12.00 p95=-12.00
  [diag] sat-dist hist bins=60 sat<0.05=0.0% mean=0.982 p10=0.980 p90=0.982
Iter 0000560: train nll 1.387, valid error 075.080%, best valid error 074.590%, avg grad norm   0.201, avg grad norm (post clip)   0.214, rho_Whh  0.95, Omega  0.00, alpha  2.000, steps in the past 0.010, valid nll 1.386
  [diag] log10|dL/dh_t| hist bins=60 range=(-12.00,-2.36) mean=-11.90 p50=-12.00 p05=-12.00 p95=-12.00
  [diag] sat-dist hist bins=60 sat<0.05=0.0% mean=0.982 p10=0.980 p90=0.982
Iter 0000580: train nll 1.387, valid error 075.230%, best valid error 074.590%, avg grad norm   0.189, avg grad norm (post clip)   0.199, rho_Whh  0.95, Omega  0.00, alpha  2.000, steps in the past 0.010, valid nll 1.386
  [diag] log10|dL/dh_t| hist bins=60 range=(-12.00,-2.36) mean=-11.90 p50=-12.00 p05=-12.00 p95=-12.00
  [diag] sat-dist hist bins=60 sat<0.05=0.0% mean=0.980 p10=0.978 p90=0.982
Iter 0000600: train nll 1.386, valid error 074.930%, best valid error 074.590%, avg grad norm   0.203, avg grad norm (post clip)   0.213, rho_Whh  0.95, Omega  0.00, alpha  2.000, steps in the past 0.010, valid nll 1.386
  [diag] log10|dL/dh_t| hist bins=60 range=(-12.00,-2.36) mean=-11.90 p50=-12.00 p05=-12.00 p95=-12.00
  [diag] sat-dist hist bins=60 sat<0.05=0.0% mean=0.977 p10=0.974 p90=0.980
Iter 0000620: train nll 1.386, valid error 074.500%, best valid error 074.590%, avg grad norm   0.208, avg grad norm (post clip)   0.219, rho_Whh  0.95, Omega  0.00, alpha  2.000, steps in the past 0.010, valid nll 1.386
  [diag] log10|dL/dh_t| hist bins=60 range=(-12.00,-2.36) mean=-11.90 p50=-12.00 p05=-12.00 p95=-12.00
  [diag] sat-dist hist bins=60 sat<0.05=0.0% mean=0.979 p10=0.976 p90=0.981
Iter 0000640: train nll 1.386, valid error 074.940%, best valid error 074.500%, avg grad norm   0.223, avg grad norm (post clip)   0.234, rho_Whh  0.96, Omega  0.00, alpha  2.000, steps in the past 0.010, valid nll 1.386
  [diag] log10|dL/dh_t| hist bins=60 range=(-12.00,-2.36) mean=-11.90 p50=-12.00 p05=-12.00 p95=-12.00
  [diag] sat-dist hist bins=60 sat<0.05=0.0% mean=0.981 p10=0.980 p90=0.982
Iter 0000660: train nll 1.386, valid error 074.950%, best valid error 074.500%, avg grad norm   0.196, avg grad norm (post clip)   0.208, rho_Whh  0.96, Omega  0.00, alpha  2.000, steps in the past 0.010, valid nll 1.386
  [diag] log10|dL/dh_t| hist bins=60 range=(-12.00,-2.36) mean=-11.90 p50=-12.00 p05=-12.00 p95=-12.00
  [diag] sat-dist hist bins=60 sat<0.05=0.0% mean=0.979 p10=0.977 p90=0.981
Iter 0000680: train nll 1.386, valid error 074.950%, best valid error 074.500%, avg grad norm   0.228, avg grad norm (post clip)   0.238, rho_Whh  0.96, Omega  0.00, alpha  2.000, steps in the past 0.010, valid nll 1.386
  [diag] log10|dL/dh_t| hist bins=60 range=(-12.00,-2.36) mean=-11.90 p50=-12.00 p05=-12.00 p95=-12.00
  [diag] sat-dist hist bins=60 sat<0.05=0.0% mean=0.976 p10=0.972 p90=0.980
Iter 0000700: train nll 1.387, valid error 074.570%, best valid error 074.500%, avg grad norm   0.218, avg grad norm (post clip)   0.229, rho_Whh  0.96, Omega  0.00, alpha  2.000, steps in the past 0.010, valid nll 1.386
  [diag] log10|dL/dh_t| hist bins=60 range=(-12.00,-2.36) mean=-11.90 p50=-12.00 p05=-12.00 p95=-12.00
  [diag] sat-dist hist bins=60 sat<0.05=0.0% mean=0.977 p10=0.973 p90=0.980
Iter 0000720: train nll 1.387, valid error 074.380%, best valid error 074.500%, avg grad norm   0.202, avg grad norm (post clip)   0.213, rho_Whh  0.96, Omega  0.00, alpha  2.000, steps in the past 0.010, valid nll 1.386
  [diag] log10|dL/dh_t| hist bins=60 range=(-12.00,-2.36) mean=-11.90 p50=-12.00 p05=-12.00 p95=-12.00
  [diag] sat-dist hist bins=60 sat<0.05=0.0% mean=0.980 p10=0.978 p90=0.982
Iter 0000740: train nll 1.385, valid error 074.950%, best valid error 074.380%, avg grad norm   0.221, avg grad norm (post clip)   0.231, rho_Whh  0.96, Omega  0.00, alpha  2.000, steps in the past 0.010, valid nll 1.386
  [diag] log10|dL/dh_t| hist bins=60 range=(-12.00,-2.36) mean=-11.90 p50=-12.00 p05=-12.00 p95=-12.00
  [diag] sat-dist hist bins=60 sat<0.05=0.0% mean=0.980 p10=0.978 p90=0.981
Iter 0000760: train nll 1.386, valid error 074.950%, best valid error 074.380%, avg grad norm   0.201, avg grad norm (post clip)   0.213, rho_Whh  0.96, Omega  0.00, alpha  2.000, steps in the past 0.010, valid nll 1.386
  [diag] log10|dL/dh_t| hist bins=60 range=(-12.00,-2.36) mean=-11.90 p50=-12.00 p05=-12.00 p95=-12.00
  [diag] sat-dist hist bins=60 sat<0.05=0.0% mean=0.979 p10=0.977 p90=0.981
Iter 0000780: train nll 1.385, valid error 074.950%, best valid error 074.380%, avg grad norm   0.211, avg grad norm (post clip)   0.221, rho_Whh  0.96, Omega  0.00, alpha  2.000, steps in the past 0.010, valid nll 1.386
  [diag] log10|dL/dh_t| hist bins=60 range=(-12.00,-2.36) mean=-11.90 p50=-12.00 p05=-12.00 p95=-12.00
  [diag] sat-dist hist bins=60 sat<0.05=0.0% mean=0.980 p10=0.977 p90=0.981
Iter 0000800: train nll 1.386, valid error 074.950%, best valid error 074.380%, avg grad norm   0.212, avg grad norm (post clip)   0.223, rho_Whh  0.96, Omega  0.00, alpha  2.000, steps in the past 0.010, valid nll 1.386
  [diag] log10|dL/dh_t| hist bins=60 range=(-12.00,-2.36) mean=-11.90 p50=-12.00 p05=-12.00 p95=-12.00
  [diag] sat-dist hist bins=60 sat<0.05=0.0% mean=0.980 p10=0.978 p90=0.982
Iter 0000820: train nll 1.386, valid error 074.950%, best valid error 074.380%, avg grad norm   0.200, avg grad norm (post clip)   0.211, rho_Whh  0.96, Omega  0.00, alpha  2.000, steps in the past 0.010, valid nll 1.386
  [diag] log10|dL/dh_t| hist bins=60 range=(-12.00,-2.36) mean=-11.90 p50=-12.00 p05=-12.00 p95=-12.00
  [diag] sat-dist hist bins=60 sat<0.05=0.0% mean=0.979 p10=0.977 p90=0.981
Iter 0000840: train nll 1.386, valid error 074.950%, best valid error 074.380%, avg grad norm   0.207, avg grad norm (post clip)   0.218, rho_Whh  0.96, Omega  0.00, alpha  2.000, steps in the past 0.010, valid nll 1.386
  [diag] log10|dL/dh_t| hist bins=60 range=(-12.00,-2.36) mean=-11.90 p50=-12.00 p05=-12.00 p95=-12.00
  [diag] sat-dist hist bins=60 sat<0.05=0.0% mean=0.977 p10=0.974 p90=0.980
Iter 0000860: train nll 1.387, valid error 074.950%, best valid error 074.380%, avg grad norm   0.201, avg grad norm (post clip)   0.212, rho_Whh  0.96, Omega  0.00, alpha  2.000, steps in the past 0.010, valid nll 1.386
  [diag] log10|dL/dh_t| hist bins=60 range=(-12.00,-2.36) mean=-11.90 p50=-12.00 p05=-12.00 p95=-12.00
  [diag] sat-dist hist bins=60 sat<0.05=0.0% mean=0.980 p10=0.978 p90=0.982
Iter 0000880: train nll 1.387, valid error 074.950%, best valid error 074.380%, avg grad norm   0.222, avg grad norm (post clip)   0.232, rho_Whh  0.96, Omega  0.00, alpha  2.000, steps in the past 0.010, valid nll 1.386
  [diag] log10|dL/dh_t| hist bins=60 range=(-12.00,-2.36) mean=-11.90 p50=-12.00 p05=-12.00 p95=-12.00
  [diag] sat-dist hist bins=60 sat<0.05=0.0% mean=0.980 p10=0.979 p90=0.982
Iter 0000900: train nll 1.387, valid error 074.950%, best valid error 074.380%, avg grad norm   0.197, avg grad norm (post clip)   0.209, rho_Whh  0.96, Omega  0.00, alpha  2.000, steps in the past 0.010, valid nll 1.386
  [diag] log10|dL/dh_t| hist bins=60 range=(-12.00,-2.36) mean=-11.90 p50=-12.00 p05=-12.00 p95=-12.00
  [diag] sat-dist hist bins=60 sat<0.05=0.0% mean=0.981 p10=0.980 p90=0.982
Iter 0000920: train nll 1.386, valid error 074.950%, best valid error 074.380%, avg grad norm   0.194, avg grad norm (post clip)   0.204, rho_Whh  0.96, Omega  0.00, alpha  2.000, steps in the past 0.010, valid nll 1.386
  [diag] log10|dL/dh_t| hist bins=60 range=(-12.00,-2.36) mean=-11.90 p50=-12.00 p05=-12.00 p95=-12.00
  [diag] sat-dist hist bins=60 sat<0.05=0.0% mean=0.981 p10=0.980 p90=0.982
Iter 0000940: train nll 1.386, valid error 074.950%, best valid error 074.380%, avg grad norm   0.193, avg grad norm (post clip)   0.203, rho_Whh  0.97, Omega  0.00, alpha  2.000, steps in the past 0.010, valid nll 1.386
  [diag] log10|dL/dh_t| hist bins=60 range=(-12.00,-2.35) mean=-11.90 p50=-12.00 p05=-12.00 p95=-12.00
  [diag] sat-dist hist bins=60 sat<0.05=0.0% mean=0.980 p10=0.979 p90=0.981
Iter 0000960: train nll 1.386, valid error 074.950%, best valid error 074.380%, avg grad norm   0.197, avg grad norm (post clip)   0.207, rho_Whh  0.97, Omega  0.00, alpha  2.000, steps in the past 0.010, valid nll 1.386
  [diag] log10|dL/dh_t| hist bins=60 range=(-12.00,-2.35) mean=-11.90 p50=-12.00 p05=-12.00 p95=-12.00
  [diag] sat-dist hist bins=60 sat<0.05=0.0% mean=0.978 p10=0.975 p90=0.980
Iter 0000980: train nll 1.386, valid error 074.950%, best valid error 074.380%, avg grad norm   0.194, avg grad norm (post clip)   0.204, rho_Whh  0.97, Omega  0.00, alpha  2.000, steps in the past 0.010, valid nll 1.386
  [diag] log10|dL/dh_t| hist bins=60 range=(-12.00,-2.35) mean=-11.90 p50=-12.00 p05=-12.00 p95=-12.00
  [diag] sat-dist hist bins=60 sat<0.05=0.0% mean=0.980 p10=0.978 p90=0.981
Iter 0001000: train nll 1.386, valid error 074.950%, best valid error 074.380%, avg grad norm   0.184, avg grad norm (post clip)   0.194, rho_Whh  0.97, Omega  0.00, alpha  2.000, steps in the past 0.010, valid nll 1.386
  [diag] log10|dL/dh_t| hist bins=60 range=(-12.00,-2.35) mean=-11.90 p50=-12.00 p05=-12.00 p95=-12.00
  [diag] sat-dist hist bins=60 sat<0.05=0.0% mean=0.981 p10=0.979 p90=0.982
Iter 0001020: train nll 1.387, valid error 074.950%, best valid error 074.380%, avg grad norm   0.207, avg grad norm (post clip)   0.217, rho_Whh  0.97, Omega  0.00, alpha  2.000, steps in the past 0.010, valid nll 1.386
  [diag] log10|dL/dh_t| hist bins=60 range=(-12.00,-2.35) mean=-11.90 p50=-12.00 p05=-12.00 p95=-12.00
  [diag] sat-dist hist bins=60 sat<0.05=0.0% mean=0.981 p10=0.980 p90=0.983
Iter 0001040: train nll 1.386, valid error 074.950%, best valid error 074.380%, avg grad norm   0.205, avg grad norm (post clip)   0.216, rho_Whh  0.98, Omega  0.00, alpha  2.000, steps in the past 0.010, valid nll 1.386
  [diag] log10|dL/dh_t| hist bins=60 range=(-12.00,-2.35) mean=-11.90 p50=-12.00 p05=-12.00 p95=-12.00
  [diag] sat-dist hist bins=60 sat<0.05=0.0% mean=0.981 p10=0.979 p90=0.982
Iter 0001060: train nll 1.387, valid error 074.930%, best valid error 074.380%, avg grad norm   0.241, avg grad norm (post clip)   0.251, rho_Whh  0.98, Omega  0.00, alpha  2.000, steps in the past 0.010, valid nll 1.386
  [diag] log10|dL/dh_t| hist bins=60 range=(-12.00,-2.35) mean=-11.90 p50=-12.00 p05=-12.00 p95=-12.00
  [diag] sat-dist hist bins=60 sat<0.05=0.0% mean=0.975 p10=0.969 p90=0.980
Iter 0001080: train nll 1.386, valid error 073.680%, best valid error 074.380%, avg grad norm   0.248, avg grad norm (post clip)   0.260, rho_Whh  0.99, Omega  0.00, alpha  2.000, steps in the past 0.010, valid nll 1.386
  [diag] log10|dL/dh_t| hist bins=60 range=(-12.00,-2.35) mean=-11.90 p50=-12.00 p05=-12.00 p95=-12.00
  [diag] sat-dist hist bins=60 sat<0.05=0.0% mean=0.978 p10=0.974 p90=0.981
Iter 0001100: train nll 1.385, valid error 070.940%, best valid error 073.680%, avg grad norm   0.229, avg grad norm (post clip)   0.242, rho_Whh  0.99, Omega  0.00, alpha  2.000, steps in the past 0.010, valid nll 1.385
  [diag] log10|dL/dh_t| hist bins=60 range=(-12.00,-2.34) mean=-11.90 p50=-12.00 p05=-12.00 p95=-12.00
  [diag] sat-dist hist bins=60 sat<0.05=0.0% mean=0.971 p10=0.957 p90=0.982
Iter 0001120: train nll 1.385, valid error 069.720%, best valid error 070.940%, avg grad norm   0.421, avg grad norm (post clip)   0.422, rho_Whh  1.02, Omega  0.00, alpha  2.000, steps in the past 0.010, valid nll 1.380
  [diag] log10|dL/dh_t| hist bins=60 range=(-12.00,-2.33) mean=-11.90 p50=-12.00 p05=-12.00 p95=-12.00
  [diag] sat-dist hist bins=60 sat<0.05=0.0% mean=0.953 p10=0.907 p90=0.983
Iter 0001140: train nll 1.376, valid error 039.420%, best valid error 069.720%, avg grad norm   2.277, avg grad norm (post clip)   0.966, rho_Whh  1.04, Omega  0.00, alpha  2.000, steps in the past 0.010, valid nll 1.353
  [diag] log10|dL/dh_t| hist bins=60 range=(-12.00,-2.33) mean=-11.90 p50=-12.00 p05=-12.00 p95=-12.00
  [diag] sat-dist hist bins=60 sat<0.05=0.0% mean=0.952 p10=0.913 p90=0.983
Iter 0001160: train nll 1.361, valid error 039.750%, best valid error 039.420%, avg grad norm   5.715, avg grad norm (post clip)   1.048, rho_Whh  1.04, Omega  0.00, alpha  2.000, steps in the past 0.010, valid nll 1.331
  [diag] log10|dL/dh_t| hist bins=60 range=(-12.00,-2.32) mean=-11.90 p50=-12.00 p05=-12.00 p95=-12.00
  [diag] sat-dist hist bins=60 sat<0.05=0.0% mean=0.933 p10=0.865 p90=0.982
Iter 0001180: train nll 1.351, valid error 059.040%, best valid error 039.420%, avg grad norm   9.875, avg grad norm (post clip)   1.052, rho_Whh  1.04, Omega  0.00, alpha  2.000, steps in the past 0.010, valid nll 1.341
  [diag] log10|dL/dh_t| hist bins=60 range=(-12.00,-2.32) mean=-11.90 p50=-12.00 p05=-12.00 p95=-12.00
  [diag] sat-dist hist bins=60 sat<0.05=0.0% mean=0.925 p10=0.861 p90=0.980
Iter 0001200: train nll 1.337, valid error 053.320%, best valid error 039.420%, avg grad norm  14.555, avg grad norm (post clip)   1.053, rho_Whh  1.05, Omega  0.01, alpha  2.000, steps in the past 0.010, valid nll 1.327
  [diag] log10|dL/dh_t| hist bins=60 range=(-12.00,-2.31) mean=-11.90 p50=-12.00 p05=-12.00 p95=-12.00
  [diag] sat-dist hist bins=60 sat<0.05=0.0% mean=0.917 p10=0.840 p90=0.982
Iter 0001220: train nll 1.320, valid error 046.330%, best valid error 039.420%, avg grad norm  15.647, avg grad norm (post clip)   1.053, rho_Whh  1.05, Omega  0.01, alpha  2.000, steps in the past 0.010, valid nll 1.305
  [diag] log10|dL/dh_t| hist bins=60 range=(-12.00,-2.29) mean=-11.90 p50=-12.00 p05=-12.00 p95=-12.00
  [diag] sat-dist hist bins=60 sat<0.05=0.0% mean=0.907 p10=0.820 p90=0.981
Iter 0001240: train nll 1.299, valid error 057.220%, best valid error 039.420%, avg grad norm  13.028, avg grad norm (post clip)   1.053, rho_Whh  1.06, Omega  0.01, alpha  2.000, steps in the past 0.010, valid nll 1.313
  [diag] log10|dL/dh_t| hist bins=60 range=(-12.00,-2.29) mean=-11.90 p50=-12.00 p05=-12.00 p95=-12.00
  [diag] sat-dist hist bins=60 sat<0.05=0.0% mean=0.894 p10=0.798 p90=0.983
Iter 0001260: train nll 1.287, valid error 046.730%, best valid error 039.420%, avg grad norm  16.810, avg grad norm (post clip)   1.053, rho_Whh  1.06, Omega  0.01, alpha  2.000, steps in the past 0.010, valid nll 1.255
  [diag] log10|dL/dh_t| hist bins=60 range=(-12.00,-2.29) mean=-11.90 p50=-12.00 p05=-12.00 p95=-12.00
  [diag] sat-dist hist bins=60 sat<0.05=0.0% mean=0.890 p10=0.789 p90=0.982
Iter 0001280: train nll 1.267, valid error 049.020%, best valid error 039.420%, avg grad norm  18.210, avg grad norm (post clip)   1.053, rho_Whh  1.06, Omega  0.01, alpha  2.000, steps in the past 0.010, valid nll 1.238
  [diag] log10|dL/dh_t| hist bins=60 range=(-12.00,-2.29) mean=-11.90 p50=-12.00 p05=-12.00 p95=-12.00
  [diag] sat-dist hist bins=60 sat<0.05=0.0% mean=0.883 p10=0.778 p90=0.983
Iter 0001300: train nll 1.258, valid error 046.360%, best valid error 039.420%, avg grad norm  19.611, avg grad norm (post clip)   1.053, rho_Whh  1.07, Omega  0.01, alpha  2.000, steps in the past 0.010, valid nll 1.208
  [diag] log10|dL/dh_t| hist bins=60 range=(-12.00,-2.28) mean=-11.90 p50=-12.00 p05=-12.00 p95=-12.00
  [diag] sat-dist hist bins=60 sat<0.05=0.0% mean=0.879 p10=0.771 p90=0.983
Iter 0001320: train nll 1.244, valid error 046.480%, best valid error 039.420%, avg grad norm  19.481, avg grad norm (post clip)   1.053, rho_Whh  1.07, Omega  0.02, alpha  2.000, steps in the past 0.010, valid nll 1.188
  [diag] log10|dL/dh_t| hist bins=60 range=(-12.00,-2.27) mean=-11.90 p50=-12.00 p05=-12.00 p95=-12.00
  [diag] sat-dist hist bins=60 sat<0.05=0.0% mean=0.874 p10=0.771 p90=0.983
Iter 0001340: train nll 1.225, valid error 044.070%, best valid error 039.420%, avg grad norm  20.233, avg grad norm (post clip)   1.053, rho_Whh  1.07, Omega  0.02, alpha  2.000, steps in the past 0.010, valid nll 1.182
  [diag] log10|dL/dh_t| hist bins=60 range=(-12.00,-2.25) mean=-11.90 p50=-12.00 p05=-12.00 p95=-12.00
  [diag] sat-dist hist bins=60 sat<0.05=0.0% mean=0.867 p10=0.775 p90=0.979
Iter 0001360: train nll 1.212, valid error 047.580%, best valid error 039.420%, avg grad norm  21.477, avg grad norm (post clip)   1.053, rho_Whh  1.08, Omega  0.02, alpha  2.000, steps in the past 0.010, valid nll 1.213
  [diag] log10|dL/dh_t| hist bins=60 range=(-12.00,-2.25) mean=-11.90 p50=-12.00 p05=-12.00 p95=-12.00
  [diag] sat-dist hist bins=60 sat<0.05=0.0% mean=0.857 p10=0.764 p90=0.982
Iter 0001380: train nll 1.198, valid error 047.520%, best valid error 039.420%, avg grad norm  22.005, avg grad norm (post clip)   1.053, rho_Whh  1.08, Omega  0.02, alpha  2.000, steps in the past 0.010, valid nll 1.173
  [diag] log10|dL/dh_t| hist bins=60 range=(-12.00,-2.26) mean=-11.90 p50=-12.00 p05=-12.00 p95=-12.00
  [diag] sat-dist hist bins=60 sat<0.05=0.0% mean=0.860 p10=0.751 p90=0.983
Iter 0001400: train nll 1.198, valid error 044.280%, best valid error 039.420%, avg grad norm  22.374, avg grad norm (post clip)   1.053, rho_Whh  1.08, Omega  0.02, alpha  2.000, steps in the past 0.010, valid nll 1.152
  [diag] log10|dL/dh_t| hist bins=60 range=(-12.00,-2.23) mean=-11.90 p50=-12.00 p05=-12.00 p95=-12.00
  [diag] sat-dist hist bins=60 sat<0.05=0.0% mean=0.851 p10=0.765 p90=0.980
Iter 0001420: train nll 1.172, valid error 047.170%, best valid error 039.420%, avg grad norm  24.422, avg grad norm (post clip)   1.053, rho_Whh  1.08, Omega  0.02, alpha  2.000, steps in the past 0.010, valid nll 1.180
  [diag] log10|dL/dh_t| hist bins=60 range=(-12.00,-2.19) mean=-11.90 p50=-12.00 p05=-12.00 p95=-12.00
  [diag] sat-dist hist bins=60 sat<0.05=0.0% mean=0.855 p10=0.762 p90=0.981
Iter 0001440: train nll 1.167, valid error 063.180%, best valid error 039.420%, avg grad norm  21.703, avg grad norm (post clip)   1.053, rho_Whh  1.08, Omega  0.02, alpha  2.000, steps in the past 0.010, valid nll 1.254
  [diag] log10|dL/dh_t| hist bins=60 range=(-12.00,-2.23) mean=-11.90 p50=-12.00 p05=-12.00 p95=-12.00
  [diag] sat-dist hist bins=60 sat<0.05=0.0% mean=0.853 p10=0.750 p90=0.983
Iter 0001460: train nll 1.172, valid error 042.650%, best valid error 039.420%, avg grad norm  32.757, avg grad norm (post clip)   1.053, rho_Whh  1.08, Omega  0.03, alpha  2.000, steps in the past 0.010, valid nll 1.127
  [diag] log10|dL/dh_t| hist bins=60 range=(-12.00,-2.24) mean=-11.90 p50=-12.00 p05=-12.00 p95=-12.00
  [diag] sat-dist hist bins=60 sat<0.05=0.0% mean=0.856 p10=0.744 p90=0.983
Iter 0001480: train nll 1.136, valid error 047.450%, best valid error 039.420%, avg grad norm  21.835, avg grad norm (post clip)   1.053, rho_Whh  1.08, Omega  0.03, alpha  2.000, steps in the past 0.010, valid nll 1.107
  [diag] log10|dL/dh_t| hist bins=60 range=(-12.00,-2.19) mean=-11.90 p50=-12.00 p05=-12.00 p95=-12.00
  [diag] sat-dist hist bins=60 sat<0.05=0.0% mean=0.842 p10=0.757 p90=0.978
Iter 0001500: train nll 1.140, valid error 052.420%, best valid error 039.420%, avg grad norm  27.594, avg grad norm (post clip)   1.053, rho_Whh  1.08, Omega  0.03, alpha  2.000, steps in the past 0.010, valid nll 1.170
  [diag] log10|dL/dh_t| hist bins=60 range=(-12.00,-2.22) mean=-11.90 p50=-12.00 p05=-12.00 p95=-12.00
  [diag] sat-dist hist bins=60 sat<0.05=0.0% mean=0.848 p10=0.753 p90=0.978
Iter 0001520: train nll 1.130, valid error 047.980%, best valid error 039.420%, avg grad norm  27.685, avg grad norm (post clip)   1.053, rho_Whh  1.08, Omega  0.03, alpha  2.000, steps in the past 0.010, valid nll 1.140
  [diag] log10|dL/dh_t| hist bins=60 range=(-12.00,-2.23) mean=-11.90 p50=-12.00 p05=-12.00 p95=-12.00
  [diag] sat-dist hist bins=60 sat<0.05=0.0% mean=0.847 p10=0.731 p90=0.983
Iter 0001540: train nll 1.132, valid error 045.060%, best valid error 039.420%, avg grad norm  31.646, avg grad norm (post clip)   1.053, rho_Whh  1.08, Omega  0.03, alpha  2.000, steps in the past 0.010, valid nll 1.080
  [diag] log10|dL/dh_t| hist bins=60 range=(-12.00,-2.21) mean=-11.90 p50=-12.00 p05=-12.00 p95=-12.00
  [diag] sat-dist hist bins=60 sat<0.05=0.0% mean=0.845 p10=0.750 p90=0.980
Iter 0001560: train nll 1.116, valid error 048.070%, best valid error 039.420%, avg grad norm  23.708, avg grad norm (post clip)   1.053, rho_Whh  1.08, Omega  0.03, alpha  2.000, steps in the past 0.010, valid nll 1.132
  [diag] log10|dL/dh_t| hist bins=60 range=(-12.00,-2.23) mean=-11.90 p50=-12.00 p05=-12.00 p95=-12.00
  [diag] sat-dist hist bins=60 sat<0.05=0.0% mean=0.845 p10=0.731 p90=0.982
Iter 0001580: train nll 1.113, valid error 048.050%, best valid error 039.420%, avg grad norm  32.378, avg grad norm (post clip)   1.053, rho_Whh  1.08, Omega  0.04, alpha  2.000, steps in the past 0.010, valid nll 1.075
  [diag] log10|dL/dh_t| hist bins=60 range=(-12.00,-2.20) mean=-11.90 p50=-12.00 p05=-12.00 p95=-12.00
  [diag] sat-dist hist bins=60 sat<0.05=0.0% mean=0.841 p10=0.753 p90=0.979
Iter 0001600: train nll 1.088, valid error 047.560%, best valid error 039.420%, avg grad norm  26.617, avg grad norm (post clip)   1.053, rho_Whh  1.08, Omega  0.03, alpha  2.000, steps in the past 0.010, valid nll 1.102
  [diag] log10|dL/dh_t| hist bins=60 range=(-12.00,-2.22) mean=-11.90 p50=-12.00 p05=-12.00 p95=-12.00
  [diag] sat-dist hist bins=60 sat<0.05=0.0% mean=0.841 p10=0.732 p90=0.983
Iter 0001620: train nll 1.087, valid error 046.770%, best valid error 039.420%, avg grad norm  31.247, avg grad norm (post clip)   1.053, rho_Whh  1.08, Omega  0.03, alpha  2.000, steps in the past 0.010, valid nll 1.057
  [diag] log10|dL/dh_t| hist bins=60 range=(-12.00,-2.20) mean=-11.90 p50=-12.00 p05=-12.00 p95=-12.00
  [diag] sat-dist hist bins=60 sat<0.05=0.0% mean=0.834 p10=0.741 p90=0.980
Iter 0001640: train nll 1.085, valid error 048.140%, best valid error 039.420%, avg grad norm  31.186, avg grad norm (post clip)   1.053, rho_Whh  1.09, Omega  0.03, alpha  2.000, steps in the past 0.010, valid nll 1.078
  [diag] log10|dL/dh_t| hist bins=60 range=(-12.00,-2.23) mean=-11.90 p50=-12.00 p05=-12.00 p95=-12.00
  [diag] sat-dist hist bins=60 sat<0.05=0.0% mean=0.841 p10=0.721 p90=0.982
Iter 0001660: train nll 1.078, valid error 045.560%, best valid error 039.420%, avg grad norm  33.796, avg grad norm (post clip)   1.053, rho_Whh  1.09, Omega  0.04, alpha  2.000, steps in the past 0.010, valid nll 1.023
  [diag] log10|dL/dh_t| hist bins=60 range=(-12.00,-2.24) mean=-11.90 p50=-12.00 p05=-12.00 p95=-12.00
  [diag] sat-dist hist bins=60 sat<0.05=0.0% mean=0.834 p10=0.710 p90=0.982
Iter 0001680: train nll 1.061, valid error 047.310%, best valid error 039.420%, avg grad norm  31.537, avg grad norm (post clip)   1.053, rho_Whh  1.09, Omega  0.03, alpha  2.000, steps in the past 0.010, valid nll 1.020
  [diag] log10|dL/dh_t| hist bins=60 range=(-12.00,-2.22) mean=-11.90 p50=-12.00 p05=-12.00 p95=-12.00
  [diag] sat-dist hist bins=60 sat<0.05=0.0% mean=0.832 p10=0.722 p90=0.982
Iter 0001700: train nll 1.063, valid error 042.490%, best valid error 039.420%, avg grad norm  30.324, avg grad norm (post clip)   1.053, rho_Whh  1.09, Omega  0.04, alpha  2.000, steps in the past 0.010, valid nll 1.026
  [diag] log10|dL/dh_t| hist bins=60 range=(-12.00,-2.21) mean=-11.90 p50=-12.00 p05=-12.00 p95=-12.00
  [diag] sat-dist hist bins=60 sat<0.05=0.0% mean=0.837 p10=0.720 p90=0.982
Iter 0001720: train nll 1.051, valid error 048.280%, best valid error 039.420%, avg grad norm  28.453, avg grad norm (post clip)   1.053, rho_Whh  1.09, Omega  0.04, alpha  2.000, steps in the past 0.010, valid nll 1.038
  [diag] log10|dL/dh_t| hist bins=60 range=(-12.00,-2.21) mean=-11.90 p50=-12.00 p05=-12.00 p95=-12.00
  [diag] sat-dist hist bins=60 sat<0.05=0.0% mean=0.836 p10=0.724 p90=0.979
Iter 0001740: train nll 1.043, valid error 048.100%, best valid error 039.420%, avg grad norm  32.629, avg grad norm (post clip)   1.053, rho_Whh  1.09, Omega  0.03, alpha  2.000, steps in the past 0.010, valid nll 1.060
  [diag] log10|dL/dh_t| hist bins=60 range=(-12.00,-2.20) mean=-11.90 p50=-12.00 p05=-12.00 p95=-12.00
  [diag] sat-dist hist bins=60 sat<0.05=0.0% mean=0.833 p10=0.719 p90=0.981
Iter 0001760: train nll 1.038, valid error 047.970%, best valid error 039.420%, avg grad norm  30.605, avg grad norm (post clip)   1.053, rho_Whh  1.09, Omega  0.03, alpha  2.000, steps in the past 0.010, valid nll 1.031
  [diag] log10|dL/dh_t| hist bins=60 range=(-12.00,-2.22) mean=-11.90 p50=-12.00 p05=-12.00 p95=-12.00
  [diag] sat-dist hist bins=60 sat<0.05=0.0% mean=0.830 p10=0.708 p90=0.982
Iter 0001780: train nll 1.060, valid error 045.260%, best valid error 039.420%, avg grad norm  41.532, avg grad norm (post clip)   1.053, rho_Whh  1.09, Omega  0.05, alpha  2.000, steps in the past 0.010, valid nll 1.013
  [diag] log10|dL/dh_t| hist bins=60 range=(-12.00,-2.24) mean=-11.90 p50=-12.00 p05=-12.00 p95=-12.00
  [diag] sat-dist hist bins=60 sat<0.05=0.0% mean=0.829 p10=0.706 p90=0.983
Iter 0001800: train nll 1.036, valid error 045.360%, best valid error 039.420%, avg grad norm  34.003, avg grad norm (post clip)   1.053, rho_Whh  1.09, Omega  0.04, alpha  2.000, steps in the past 0.010, valid nll 0.973
  [diag] log10|dL/dh_t| hist bins=60 range=(-12.00,-2.24) mean=-11.90 p50=-12.00 p05=-12.00 p95=-12.00
  [diag] sat-dist hist bins=60 sat<0.05=0.0% mean=0.832 p10=0.706 p90=0.983
Iter 0001820: train nll 1.036, valid error 044.990%, best valid error 039.420%, avg grad norm  36.180, avg grad norm (post clip)   1.053, rho_Whh  1.09, Omega  0.04, alpha  2.000, steps in the past 0.010, valid nll 0.964
  [diag] log10|dL/dh_t| hist bins=60 range=(-12.00,-2.13) mean=-11.90 p50=-12.00 p05=-12.00 p95=-12.00
  [diag] sat-dist hist bins=60 sat<0.05=0.0% mean=0.827 p10=0.727 p90=0.981
Iter 0001840: train nll 1.025, valid error 046.190%, best valid error 039.420%, avg grad norm  35.945, avg grad norm (post clip)   1.053, rho_Whh  1.09, Omega  0.04, alpha  2.000, steps in the past 0.010, valid nll 1.099
  [diag] log10|dL/dh_t| hist bins=60 range=(-12.00,-2.18) mean=-11.90 p50=-12.00 p05=-12.00 p95=-12.00
  [diag] sat-dist hist bins=60 sat<0.05=0.0% mean=0.821 p10=0.729 p90=0.975
Iter 0001860: train nll 1.014, valid error 048.820%, best valid error 039.420%, avg grad norm  36.740, avg grad norm (post clip)   1.053, rho_Whh  1.09, Omega  0.04, alpha  2.000, steps in the past 0.010, valid nll 1.038
  [diag] log10|dL/dh_t| hist bins=60 range=(-12.00,-2.20) mean=-11.90 p50=-12.00 p05=-12.00 p95=-12.00
  [diag] sat-dist hist bins=60 sat<0.05=0.0% mean=0.826 p10=0.721 p90=0.981
Iter 0001880: train nll 1.007, valid error 047.400%, best valid error 039.420%, avg grad norm  35.443, avg grad norm (post clip)   1.053, rho_Whh  1.09, Omega  0.04, alpha  2.000, steps in the past 0.010, valid nll 0.991
  [diag] log10|dL/dh_t| hist bins=60 range=(-12.00,-2.20) mean=-11.90 p50=-12.00 p05=-12.00 p95=-12.00
  [diag] sat-dist hist bins=60 sat<0.05=0.0% mean=0.828 p10=0.714 p90=0.981
Iter 0001900: train nll 1.014, valid error 047.110%, best valid error 039.420%, avg grad norm  36.956, avg grad norm (post clip)   1.053, rho_Whh  1.09, Omega  0.04, alpha  2.000, steps in the past 0.010, valid nll 0.993
  [diag] log10|dL/dh_t| hist bins=60 range=(-12.00,-2.22) mean=-11.90 p50=-12.00 p05=-12.00 p95=-12.00
  [diag] sat-dist hist bins=60 sat<0.05=0.0% mean=0.825 p10=0.705 p90=0.982
Iter 0001920: train nll 0.996, valid error 044.690%, best valid error 039.420%, avg grad norm  35.707, avg grad norm (post clip)   1.053, rho_Whh  1.09, Omega  0.04, alpha  2.000, steps in the past 0.010, valid nll 0.963
  [diag] log10|dL/dh_t| hist bins=60 range=(-12.00,-2.21) mean=-11.90 p50=-12.00 p05=-12.00 p95=-12.00
  [diag] sat-dist hist bins=60 sat<0.05=0.0% mean=0.822 p10=0.710 p90=0.979
Iter 0001940: train nll 0.980, valid error 048.100%, best valid error 039.420%, avg grad norm  28.290, avg grad norm (post clip)   1.053, rho_Whh  1.09, Omega  0.03, alpha  2.000, steps in the past 0.010, valid nll 0.985
  [diag] log10|dL/dh_t| hist bins=60 range=(-12.00,-2.23) mean=-11.90 p50=-12.00 p05=-12.00 p95=-12.00
  [diag] sat-dist hist bins=60 sat<0.05=0.0% mean=0.823 p10=0.696 p90=0.982
Iter 0001960: train nll 0.978, valid error 044.510%, best valid error 039.420%, avg grad norm  30.470, avg grad norm (post clip)   1.053, rho_Whh  1.09, Omega  0.03, alpha  2.000, steps in the past 0.010, valid nll 0.961
  [diag] log10|dL/dh_t| hist bins=60 range=(-12.00,-2.22) mean=-11.90 p50=-12.00 p05=-12.00 p95=-12.00
  [diag] sat-dist hist bins=60 sat<0.05=0.0% mean=0.818 p10=0.703 p90=0.982
Iter 0001980: train nll 0.976, valid error 046.900%, best valid error 039.420%, avg grad norm  36.717, avg grad norm (post clip)   1.053, rho_Whh  1.09, Omega  0.03, alpha  2.000, steps in the past 0.010, valid nll 0.949
  [diag] log10|dL/dh_t| hist bins=60 range=(-12.00,-2.20) mean=-11.90 p50=-12.00 p05=-12.00 p95=-12.00
  [diag] sat-dist hist bins=60 sat<0.05=0.0% mean=0.817 p10=0.707 p90=0.978
Iter 0002000: train nll 0.972, valid error 051.150%, best valid error 039.420%, avg grad norm  33.217, avg grad norm (post clip)   1.053, rho_Whh  1.09, Omega  0.03, alpha  2.000, steps in the past 0.010, valid nll 1.010
  [diag] log10|dL/dh_t| hist bins=60 range=(-12.00,-2.21) mean=-11.90 p50=-12.00 p05=-12.00 p95=-12.00
  [diag] sat-dist hist bins=60 sat<0.05=0.0% mean=0.817 p10=0.704 p90=0.982
Iter 0002020: train nll 0.988, valid error 047.740%, best valid error 039.420%, avg grad norm  38.632, avg grad norm (post clip)   1.053, rho_Whh  1.09, Omega  0.04, alpha  2.000, steps in the past 0.010, valid nll 0.947
  [diag] log10|dL/dh_t| hist bins=60 range=(-12.00,-2.22) mean=-11.90 p50=-12.00 p05=-12.00 p95=-12.00
  [diag] sat-dist hist bins=60 sat<0.05=0.0% mean=0.819 p10=0.699 p90=0.980
Iter 0002040: train nll 0.962, valid error 047.960%, best valid error 039.420%, avg grad norm  29.961, avg grad norm (post clip)   1.053, rho_Whh  1.09, Omega  0.03, alpha  2.000, steps in the past 0.010, valid nll 0.955
  [diag] log10|dL/dh_t| hist bins=60 range=(-12.00,-2.24) mean=-11.90 p50=-12.00 p05=-12.00 p95=-12.00
  [diag] sat-dist hist bins=60 sat<0.05=0.0% mean=0.816 p10=0.686 p90=0.982
Iter 0002060: train nll 0.953, valid error 045.380%, best valid error 039.420%, avg grad norm  26.142, avg grad norm (post clip)   1.053, rho_Whh  1.09, Omega  0.03, alpha  2.000, steps in the past 0.010, valid nll 0.929
  [diag] log10|dL/dh_t| hist bins=60 range=(-12.00,-2.20) mean=-11.90 p50=-12.00 p05=-12.00 p95=-12.00
  [diag] sat-dist hist bins=60 sat<0.05=0.0% mean=0.814 p10=0.705 p90=0.981
Iter 0002080: train nll 0.949, valid error 047.910%, best valid error 039.420%, avg grad norm  31.645, avg grad norm (post clip)   1.053, rho_Whh  1.09, Omega  0.03, alpha  2.000, steps in the past 0.010, valid nll 0.944
  [diag] log10|dL/dh_t| hist bins=60 range=(-12.00,-2.15) mean=-11.90 p50=-12.00 p05=-12.00 p95=-12.00
  [diag] sat-dist hist bins=60 sat<0.05=0.0% mean=0.816 p10=0.705 p90=0.982
Iter 0002100: train nll 0.952, valid error 047.130%, best valid error 039.420%, avg grad norm  27.815, avg grad norm (post clip)   1.053, rho_Whh  1.09, Omega  0.03, alpha  2.000, steps in the past 0.010, valid nll 0.989
  [diag] log10|dL/dh_t| hist bins=60 range=(-12.00,-2.24) mean=-11.90 p50=-12.00 p05=-12.00 p95=-12.00
  [diag] sat-dist hist bins=60 sat<0.05=0.0% mean=0.817 p10=0.692 p90=0.983
Iter 0002120: train nll 0.959, valid error 043.120%, best valid error 039.420%, avg grad norm  37.796, avg grad norm (post clip)   1.053, rho_Whh  1.09, Omega  0.04, alpha  2.000, steps in the past 0.010, valid nll 0.906
  [diag] log10|dL/dh_t| hist bins=60 range=(-12.00,-2.23) mean=-11.90 p50=-12.00 p05=-12.00 p95=-12.00
  [diag] sat-dist hist bins=60 sat<0.05=0.0% mean=0.818 p10=0.690 p90=0.982
Iter 0002140: train nll 0.931, valid error 047.400%, best valid error 039.420%, avg grad norm  27.583, avg grad norm (post clip)   1.053, rho_Whh  1.09, Omega  0.03, alpha  2.000, steps in the past 0.010, valid nll 0.973
  [diag] log10|dL/dh_t| hist bins=60 range=(-12.00,-2.22) mean=-11.90 p50=-12.00 p05=-12.00 p95=-12.00
  [diag] sat-dist hist bins=60 sat<0.05=0.0% mean=0.814 p10=0.687 p90=0.981
Iter 0002160: train nll 0.936, valid error 046.080%, best valid error 039.420%, avg grad norm  32.162, avg grad norm (post clip)   1.053, rho_Whh  1.09, Omega  0.02, alpha  2.000, steps in the past 0.010, valid nll 0.976
  [diag] log10|dL/dh_t| hist bins=60 range=(-12.00,-2.24) mean=-11.90 p50=-12.00 p05=-12.00 p95=-12.00
  [diag] sat-dist hist bins=60 sat<0.05=0.0% mean=0.815 p10=0.691 p90=0.982
Iter 0002180: train nll 0.939, valid error 047.600%, best valid error 039.420%, avg grad norm  31.953, avg grad norm (post clip)   1.053, rho_Whh  1.09, Omega  0.03, alpha  2.000, steps in the past 0.010, valid nll 0.901
  [diag] log10|dL/dh_t| hist bins=60 range=(-12.00,-2.24) mean=-11.90 p50=-12.00 p05=-12.00 p95=-12.00
  [diag] sat-dist hist bins=60 sat<0.05=0.0% mean=0.810 p10=0.685 p90=0.981
Iter 0002200: train nll 0.914, valid error 047.920%, best valid error 039.420%, avg grad norm  24.829, avg grad norm (post clip)   1.053, rho_Whh  1.09, Omega  0.02, alpha  2.000, steps in the past 0.010, valid nll 0.908
  [diag] log10|dL/dh_t| hist bins=60 range=(-12.00,-2.20) mean=-11.90 p50=-12.00 p05=-12.00 p95=-12.00
  [diag] sat-dist hist bins=60 sat<0.05=0.0% mean=0.808 p10=0.700 p90=0.980
Iter 0002220: train nll 0.940, valid error 047.880%, best valid error 039.420%, avg grad norm  36.126, avg grad norm (post clip)   1.053, rho_Whh  1.09, Omega  0.03, alpha  2.000, steps in the past 0.010, valid nll 0.923
  [diag] log10|dL/dh_t| hist bins=60 range=(-12.00,-2.24) mean=-11.90 p50=-12.00 p05=-12.00 p95=-12.00
  [diag] sat-dist hist bins=60 sat<0.05=0.0% mean=0.812 p10=0.682 p90=0.983
Iter 0002240: train nll 0.947, valid error 046.800%, best valid error 039.420%, avg grad norm  37.780, avg grad norm (post clip)   1.053, rho_Whh  1.09, Omega  0.04, alpha  2.000, steps in the past 0.010, valid nll 0.900
  [diag] log10|dL/dh_t| hist bins=60 range=(-12.00,-2.23) mean=-11.90 p50=-12.00 p05=-12.00 p95=-12.00
  [diag] sat-dist hist bins=60 sat<0.05=0.0% mean=0.811 p10=0.687 p90=0.982
Iter 0002260: train nll 0.905, valid error 047.680%, best valid error 039.420%, avg grad norm  24.887, avg grad norm (post clip)   1.053, rho_Whh  1.09, Omega  0.02, alpha  2.000, steps in the past 0.010, valid nll 0.893
  [diag] log10|dL/dh_t| hist bins=60 range=(-12.00,-2.25) mean=-11.90 p50=-12.00 p05=-12.00 p95=-12.00
  [diag] sat-dist hist bins=60 sat<0.05=0.0% mean=0.809 p10=0.679 p90=0.983
Iter 0002280: train nll 0.903, valid error 044.490%, best valid error 039.420%, avg grad norm  28.178, avg grad norm (post clip)   1.053, rho_Whh  1.09, Omega  0.03, alpha  2.000, steps in the past 0.010, valid nll 0.871
  [diag] log10|dL/dh_t| hist bins=60 range=(-12.00,-2.23) mean=-11.90 p50=-12.00 p05=-12.00 p95=-12.00
  [diag] sat-dist hist bins=60 sat<0.05=0.0% mean=0.811 p10=0.690 p90=0.981
Iter 0002300: train nll 0.935, valid error 047.330%, best valid error 039.420%, avg grad norm  51.699, avg grad norm (post clip)   1.053, rho_Whh  1.09, Omega  0.04, alpha  2.000, steps in the past 0.010, valid nll 0.893
  [diag] log10|dL/dh_t| hist bins=60 range=(-12.00,-2.23) mean=-11.90 p50=-12.00 p05=-12.00 p95=-12.00
  [diag] sat-dist hist bins=60 sat<0.05=0.0% mean=0.810 p10=0.680 p90=0.983
Iter 0002320: train nll 0.905, valid error 048.080%, best valid error 039.420%, avg grad norm  31.377, avg grad norm (post clip)   1.053, rho_Whh  1.09, Omega  0.03, alpha  2.000, steps in the past 0.010, valid nll 0.887
  [diag] log10|dL/dh_t| hist bins=60 range=(-12.00,-2.20) mean=-11.90 p50=-12.00 p05=-12.00 p95=-12.00
  [diag] sat-dist hist bins=60 sat<0.05=0.0% mean=0.812 p10=0.689 p90=0.982
Iter 0002340: train nll 0.906, valid error 047.510%, best valid error 039.420%, avg grad norm  28.886, avg grad norm (post clip)   1.053, rho_Whh  1.09, Omega  0.03, alpha  2.000, steps in the past 0.010, valid nll 0.923
  [diag] log10|dL/dh_t| hist bins=60 range=(-12.00,-2.18) mean=-11.90 p50=-12.00 p05=-12.00 p95=-12.00
  [diag] sat-dist hist bins=60 sat<0.05=0.0% mean=0.805 p10=0.691 p90=0.982
Iter 0002360: train nll 0.890, valid error 045.950%, best valid error 039.420%, avg grad norm  27.277, avg grad norm (post clip)   1.053, rho_Whh  1.09, Omega  0.02, alpha  2.000, steps in the past 0.010, valid nll 0.914
  [diag] log10|dL/dh_t| hist bins=60 range=(-12.00,-2.19) mean=-11.90 p50=-12.00 p05=-12.00 p95=-12.00
  [diag] sat-dist hist bins=60 sat<0.05=0.0% mean=0.802 p10=0.704 p90=0.976
Iter 0002380: train nll 0.902, valid error 048.340%, best valid error 039.420%, avg grad norm  33.596, avg grad norm (post clip)   1.053, rho_Whh  1.09, Omega  0.03, alpha  2.000, steps in the past 0.010, valid nll 0.913
  [diag] log10|dL/dh_t| hist bins=60 range=(-12.00,-2.14) mean=-11.90 p50=-12.00 p05=-12.00 p95=-12.00
  [diag] sat-dist hist bins=60 sat<0.05=0.0% mean=0.799 p10=0.700 p90=0.977
Iter 0002400: train nll 0.906, valid error 050.510%, best valid error 039.420%, avg grad norm  34.259, avg grad norm (post clip)   1.053, rho_Whh  1.09, Omega  0.04, alpha  2.000, steps in the past 0.010, valid nll 0.955
  [diag] log10|dL/dh_t| hist bins=60 range=(-12.00,-2.23) mean=-11.90 p50=-12.00 p05=-12.00 p95=-12.00
  [diag] sat-dist hist bins=60 sat<0.05=0.0% mean=0.803 p10=0.675 p90=0.983
Iter 0002420: train nll 0.878, valid error 046.140%, best valid error 039.420%, avg grad norm  30.656, avg grad norm (post clip)   1.053, rho_Whh  1.09, Omega  0.02, alpha  2.000, steps in the past 0.010, valid nll 0.867
  [diag] log10|dL/dh_t| hist bins=60 range=(-12.00,-2.23) mean=-11.90 p50=-12.00 p05=-12.00 p95=-12.00
  [diag] sat-dist hist bins=60 sat<0.05=0.0% mean=0.803 p10=0.687 p90=0.981
Iter 0002440: train nll 0.897, valid error 044.710%, best valid error 039.420%, avg grad norm  34.968, avg grad norm (post clip)   1.053, rho_Whh  1.09, Omega  0.03, alpha  2.000, steps in the past 0.010, valid nll 0.866
  [diag] log10|dL/dh_t| hist bins=60 range=(-12.00,-2.24) mean=-11.90 p50=-12.00 p05=-12.00 p95=-12.00
  [diag] sat-dist hist bins=60 sat<0.05=0.0% mean=0.802 p10=0.686 p90=0.981
Iter 0002460: train nll 0.883, valid error 047.360%, best valid error 039.420%, avg grad norm  35.459, avg grad norm (post clip)   1.053, rho_Whh  1.09, Omega  0.03, alpha  2.000, steps in the past 0.010, valid nll 0.860
  [diag] log10|dL/dh_t| hist bins=60 range=(-12.00,-2.22) mean=-11.90 p50=-12.00 p05=-12.00 p95=-12.00
  [diag] sat-dist hist bins=60 sat<0.05=0.0% mean=0.808 p10=0.685 p90=0.980
Iter 0002480: train nll 0.905, valid error 043.390%, best valid error 039.420%, avg grad norm  43.597, avg grad norm (post clip)   1.053, rho_Whh  1.09, Omega  0.04, alpha  2.000, steps in the past 0.010, valid nll 0.900
  [diag] log10|dL/dh_t| hist bins=60 range=(-12.00,-2.20) mean=-11.90 p50=-12.00 p05=-12.00 p95=-12.00
  [diag] sat-dist hist bins=60 sat<0.05=0.0% mean=0.805 p10=0.680 p90=0.983
Iter 0002500: train nll 0.879, valid error 046.950%, best valid error 039.420%, avg grad norm  31.491, avg grad norm (post clip)   1.053, rho_Whh  1.09, Omega  0.03, alpha  2.000, steps in the past 0.010, valid nll 0.890
  [diag] log10|dL/dh_t| hist bins=60 range=(-12.00,-2.23) mean=-11.90 p50=-12.00 p05=-12.00 p95=-12.00
  [diag] sat-dist hist bins=60 sat<0.05=0.0% mean=0.799 p10=0.686 p90=0.980
Iter 0002520: train nll 0.869, valid error 047.700%, best valid error 039.420%, avg grad norm  25.507, avg grad norm (post clip)   1.053, rho_Whh  1.09, Omega  0.02, alpha  2.000, steps in the past 0.010, valid nll 0.864
  [diag] log10|dL/dh_t| hist bins=60 range=(-12.00,-2.17) mean=-11.90 p50=-12.00 p05=-12.00 p95=-12.00
  [diag] sat-dist hist bins=60 sat<0.05=0.0% mean=0.800 p10=0.679 p90=0.982
Iter 0002540: train nll 0.869, valid error 052.030%, best valid error 039.420%, avg grad norm  28.735, avg grad norm (post clip)   1.053, rho_Whh  1.09, Omega  0.03, alpha  2.000, steps in the past 0.010, valid nll 0.924
  [diag] log10|dL/dh_t| hist bins=60 range=(-12.00,-2.26) mean=-11.90 p50=-12.00 p05=-12.00 p95=-12.00
  [diag] sat-dist hist bins=60 sat<0.05=0.0% mean=0.797 p10=0.666 p90=0.982
Iter 0002560: train nll 0.859, valid error 046.820%, best valid error 039.420%, avg grad norm  27.274, avg grad norm (post clip)   1.053, rho_Whh  1.09, Omega  0.02, alpha  2.000, steps in the past 0.010, valid nll 0.848
  [diag] log10|dL/dh_t| hist bins=60 range=(-12.00,-2.27) mean=-11.90 p50=-12.00 p05=-12.00 p95=-12.00
  [diag] sat-dist hist bins=60 sat<0.05=0.0% mean=0.798 p10=0.667 p90=0.983
Iter 0002580: train nll 0.877, valid error 045.510%, best valid error 039.420%, avg grad norm  37.087, avg grad norm (post clip)   1.053, rho_Whh  1.09, Omega  0.03, alpha  2.000, steps in the past 0.010, valid nll 0.833
  [diag] log10|dL/dh_t| hist bins=60 range=(-12.00,-2.24) mean=-11.90 p50=-12.00 p05=-12.00 p95=-12.00
  [diag] sat-dist hist bins=60 sat<0.05=0.0% mean=0.798 p10=0.666 p90=0.983
Iter 0002600: train nll 0.865, valid error 047.430%, best valid error 039.420%, avg grad norm  28.822, avg grad norm (post clip)   1.053, rho_Whh  1.09, Omega  0.02, alpha  2.000, steps in the past 0.010, valid nll 0.863
  [diag] log10|dL/dh_t| hist bins=60 range=(-12.00,-2.26) mean=-11.90 p50=-12.00 p05=-12.00 p95=-12.00
  [diag] sat-dist hist bins=60 sat<0.05=0.0% mean=0.799 p10=0.671 p90=0.982
Iter 0002620: train nll 0.866, valid error 043.120%, best valid error 039.420%, avg grad norm  36.022, avg grad norm (post clip)   1.053, rho_Whh  1.09, Omega  0.03, alpha  2.000, steps in the past 0.010, valid nll 0.833
  [diag] log10|dL/dh_t| hist bins=60 range=(-12.00,-2.25) mean=-11.90 p50=-12.00 p05=-12.00 p95=-12.00
  [diag] sat-dist hist bins=60 sat<0.05=0.0% mean=0.794 p10=0.673 p90=0.982
Iter 0002640: train nll 0.845, valid error 042.720%, best valid error 039.420%, avg grad norm  22.674, avg grad norm (post clip)   1.053, rho_Whh  1.09, Omega  0.02, alpha  2.000, steps in the past 0.010, valid nll 0.830
  [diag] log10|dL/dh_t| hist bins=60 range=(-12.00,-2.25) mean=-11.90 p50=-12.00 p05=-12.00 p95=-12.00
  [diag] sat-dist hist bins=60 sat<0.05=0.0% mean=0.799 p10=0.674 p90=0.980
Iter 0002660: train nll 0.884, valid error 047.660%, best valid error 039.420%, avg grad norm  38.540, avg grad norm (post clip)   1.053, rho_Whh  1.09, Omega  0.04, alpha  2.000, steps in the past 0.010, valid nll 0.841
  [diag] log10|dL/dh_t| hist bins=60 range=(-12.00,-2.25) mean=-11.90 p50=-12.00 p05=-12.00 p95=-12.00
  [diag] sat-dist hist bins=60 sat<0.05=0.0% mean=0.796 p10=0.665 p90=0.983
Iter 0002680: train nll 0.854, valid error 046.710%, best valid error 039.420%, avg grad norm  31.374, avg grad norm (post clip)   1.053, rho_Whh  1.09, Omega  0.03, alpha  2.000, steps in the past 0.010, valid nll 0.847
  [diag] log10|dL/dh_t| hist bins=60 range=(-12.00,-2.26) mean=-11.90 p50=-12.00 p05=-12.00 p95=-12.00
  [diag] sat-dist hist bins=60 sat<0.05=0.0% mean=0.794 p10=0.664 p90=0.983
Iter 0002700: train nll 0.854, valid error 044.970%, best valid error 039.420%, avg grad norm  35.588, avg grad norm (post clip)   1.053, rho_Whh  1.09, Omega  0.03, alpha  2.000, steps in the past 0.010, valid nll 0.824
  [diag] log10|dL/dh_t| hist bins=60 range=(-12.00,-2.21) mean=-11.90 p50=-12.00 p05=-12.00 p95=-12.00
  [diag] sat-dist hist bins=60 sat<0.05=0.0% mean=0.794 p10=0.667 p90=0.983
Iter 0002720: train nll 0.840, valid error 047.910%, best valid error 039.420%, avg grad norm  25.419, avg grad norm (post clip)   1.053, rho_Whh  1.09, Omega  0.02, alpha  2.000, steps in the past 0.010, valid nll 0.864
  [diag] log10|dL/dh_t| hist bins=60 range=(-12.00,-2.27) mean=-11.90 p50=-12.00 p05=-12.00 p95=-12.00
  [diag] sat-dist hist bins=60 sat<0.05=0.0% mean=0.792 p10=0.664 p90=0.983
Iter 0002740: train nll 0.842, valid error 043.930%, best valid error 039.420%, avg grad norm  27.904, avg grad norm (post clip)   1.053, rho_Whh  1.09, Omega  0.02, alpha  2.000, steps in the past 0.010, valid nll 0.812
  [diag] log10|dL/dh_t| hist bins=60 range=(-12.00,-2.10) mean=-11.90 p50=-12.00 p05=-12.00 p95=-12.00
  [diag] sat-dist hist bins=60 sat<0.05=0.0% mean=0.795 p10=0.686 p90=0.979
Iter 0002760: train nll 0.864, valid error 053.840%, best valid error 039.420%, avg grad norm  33.392, avg grad norm (post clip)   1.053, rho_Whh  1.09, Omega  0.04, alpha  2.000, steps in the past 0.010, valid nll 0.952
  [diag] log10|dL/dh_t| hist bins=60 range=(-12.00,-2.28) mean=-11.90 p50=-12.00 p05=-12.00 p95=-12.00
  [diag] sat-dist hist bins=60 sat<0.05=0.0% mean=0.795 p10=0.661 p90=0.983
Iter 0002780: train nll 0.834, valid error 044.750%, best valid error 039.420%, avg grad norm  26.500, avg grad norm (post clip)   1.053, rho_Whh  1.09, Omega  0.02, alpha  2.000, steps in the past 0.010, valid nll 0.822
  [diag] log10|dL/dh_t| hist bins=60 range=(-12.00,-2.13) mean=-11.90 p50=-12.00 p05=-12.00 p95=-12.00
  [diag] sat-dist hist bins=60 sat<0.05=0.0% mean=0.796 p10=0.669 p90=0.983
Iter 0002800: train nll 0.834, valid error 049.440%, best valid error 039.420%, avg grad norm  28.842, avg grad norm (post clip)   1.053, rho_Whh  1.09, Omega  0.02, alpha  2.000, steps in the past 0.010, valid nll 0.922
  [diag] log10|dL/dh_t| hist bins=60 range=(-12.00,-2.20) mean=-11.90 p50=-12.00 p05=-12.00 p95=-12.00
  [diag] sat-dist hist bins=60 sat<0.05=0.0% mean=0.784 p10=0.683 p90=0.974
Iter 0002820: train nll 0.852, valid error 048.110%, best valid error 039.420%, avg grad norm  43.064, avg grad norm (post clip)   1.053, rho_Whh  1.09, Omega  0.05, alpha  2.000, steps in the past 0.010, valid nll 0.857
  [diag] log10|dL/dh_t| hist bins=60 range=(-12.00,-2.27) mean=-11.90 p50=-12.00 p05=-12.00 p95=-12.00
  [diag] sat-dist hist bins=60 sat<0.05=0.0% mean=0.792 p10=0.663 p90=0.982
Iter 0002840: train nll 0.836, valid error 046.680%, best valid error 039.420%, avg grad norm  31.627, avg grad norm (post clip)   1.053, rho_Whh  1.09, Omega  0.03, alpha  2.000, steps in the past 0.010, valid nll 0.812
  [diag] log10|dL/dh_t| hist bins=60 range=(-12.00,-2.25) mean=-11.90 p50=-12.00 p05=-12.00 p95=-12.00
  [diag] sat-dist hist bins=60 sat<0.05=0.0% mean=0.791 p10=0.660 p90=0.981
Iter 0002860: train nll 0.825, valid error 046.180%, best valid error 039.420%, avg grad norm  28.836, avg grad norm (post clip)   1.053, rho_Whh  1.09, Omega  0.02, alpha  2.000, steps in the past 0.010, valid nll 0.853
  [diag] log10|dL/dh_t| hist bins=60 range=(-12.00,-2.30) mean=-11.90 p50=-12.00 p05=-12.00 p95=-12.00
  [diag] sat-dist hist bins=60 sat<0.05=0.0% mean=0.789 p10=0.654 p90=0.983
Iter 0002880: train nll 0.835, valid error 044.410%, best valid error 039.420%, avg grad norm  35.983, avg grad norm (post clip)   1.053, rho_Whh  1.09, Omega  0.03, alpha  2.000, steps in the past 0.010, valid nll 0.788
  [diag] log10|dL/dh_t| hist bins=60 range=(-12.00,-2.23) mean=-11.90 p50=-12.00 p05=-12.00 p95=-12.00
  [diag] sat-dist hist bins=60 sat<0.05=0.0% mean=0.785 p10=0.682 p90=0.974
Iter 0002900: train nll 0.821, valid error 048.010%, best valid error 039.420%, avg grad norm  28.196, avg grad norm (post clip)   1.053, rho_Whh  1.09, Omega  0.03, alpha  2.000, steps in the past 0.010, valid nll 0.841
  [diag] log10|dL/dh_t| hist bins=60 range=(-12.00,-2.29) mean=-11.90 p50=-12.00 p05=-12.00 p95=-12.00
  [diag] sat-dist hist bins=60 sat<0.05=0.0% mean=0.787 p10=0.660 p90=0.980
Iter 0002920: train nll 0.836, valid error 047.810%, best valid error 039.420%, avg grad norm  42.062, avg grad norm (post clip)   1.053, rho_Whh  1.09, Omega  0.04, alpha  2.000, steps in the past 0.010, valid nll 0.801
  [diag] log10|dL/dh_t| hist bins=60 range=(-12.00,-2.22) mean=-11.90 p50=-12.00 p05=-12.00 p95=-12.00
  [diag] sat-dist hist bins=60 sat<0.05=0.0% mean=0.786 p10=0.663 p90=0.981
Iter 0002940: train nll 0.815, valid error 046.470%, best valid error 039.420%, avg grad norm  31.594, avg grad norm (post clip)   1.053, rho_Whh  1.09, Omega  0.02, alpha  2.000, steps in the past 0.010, valid nll 0.839
  [diag] log10|dL/dh_t| hist bins=60 range=(-12.00,-2.25) mean=-11.90 p50=-12.00 p05=-12.00 p95=-12.00
  [diag] sat-dist hist bins=60 sat<0.05=0.0% mean=0.787 p10=0.668 p90=0.980
Iter 0002960: train nll 0.821, valid error 047.180%, best valid error 039.420%, avg grad norm  37.933, avg grad norm (post clip)   1.053, rho_Whh  1.09, Omega  0.03, alpha  2.000, steps in the past 0.010, valid nll 0.815
  [diag] log10|dL/dh_t| hist bins=60 range=(-12.00,-2.28) mean=-11.90 p50=-12.00 p05=-12.00 p95=-12.00
  [diag] sat-dist hist bins=60 sat<0.05=0.0% mean=0.783 p10=0.649 p90=0.982
Iter 0002980: train nll 0.817, valid error 045.490%, best valid error 039.420%, avg grad norm  30.048, avg grad norm (post clip)   1.053, rho_Whh  1.10, Omega  0.02, alpha  2.000, steps in the past 0.010, valid nll 0.815
  [diag] log10|dL/dh_t| hist bins=60 range=(-12.00,-2.25) mean=-11.90 p50=-12.00 p05=-12.00 p95=-12.00
  [diag] sat-dist hist bins=60 sat<0.05=0.0% mean=0.780 p10=0.665 p90=0.976
Iter 0003000: train nll 0.818, valid error 049.460%, best valid error 039.420%, avg grad norm  28.934, avg grad norm (post clip)   1.053, rho_Whh  1.09, Omega  0.03, alpha  2.000, steps in the past 0.010, valid nll 0.843
  [diag] log10|dL/dh_t| hist bins=60 range=(-12.00,-2.28) mean=-11.90 p50=-12.00 p05=-12.00 p95=-12.00
  [diag] sat-dist hist bins=60 sat<0.05=0.0% mean=0.786 p10=0.654 p90=0.981
Iter 0003020: train nll 0.823, valid error 045.970%, best valid error 039.420%, avg grad norm  32.939, avg grad norm (post clip)   1.053, rho_Whh  1.09, Omega  0.03, alpha  2.000, steps in the past 0.010, valid nll 0.796
  [diag] log10|dL/dh_t| hist bins=60 range=(-12.00,-2.25) mean=-11.90 p50=-12.00 p05=-12.00 p95=-12.00
  [diag] sat-dist hist bins=60 sat<0.05=0.0% mean=0.786 p10=0.657 p90=0.982
Iter 0003040: train nll 0.813, valid error 044.760%, best valid error 039.420%, avg grad norm  33.748, avg grad norm (post clip)   1.053, rho_Whh  1.09, Omega  0.03, alpha  2.000, steps in the past 0.010, valid nll 0.796
  [diag] log10|dL/dh_t| hist bins=60 range=(-12.00,-2.22) mean=-11.90 p50=-12.00 p05=-12.00 p95=-12.00
  [diag] sat-dist hist bins=60 sat<0.05=0.0% mean=0.784 p10=0.651 p90=0.980
Iter 0003060: train nll 0.808, valid error 049.900%, best valid error 039.420%, avg grad norm  31.593, avg grad norm (post clip)   1.053, rho_Whh  1.09, Omega  0.02, alpha  2.000, steps in the past 0.010, valid nll 0.910
  [diag] log10|dL/dh_t| hist bins=60 range=(-12.00,-2.29) mean=-11.90 p50=-12.00 p05=-12.00 p95=-12.00
  [diag] sat-dist hist bins=60 sat<0.05=0.0% mean=0.782 p10=0.655 p90=0.981
Iter 0003080: train nll 0.821, valid error 044.250%, best valid error 039.420%, avg grad norm  38.903, avg grad norm (post clip)   1.053, rho_Whh  1.09, Omega  0.03, alpha  2.000, steps in the past 0.010, valid nll 0.777
  [diag] log10|dL/dh_t| hist bins=60 range=(-12.00,-2.25) mean=-11.90 p50=-12.00 p05=-12.00 p95=-12.00
  [diag] sat-dist hist bins=60 sat<0.05=0.0% mean=0.782 p10=0.652 p90=0.982
Iter 0003100: train nll 0.793, valid error 044.600%, best valid error 039.420%, avg grad norm  22.715, avg grad norm (post clip)   1.053, rho_Whh  1.10, Omega  0.02, alpha  2.000, steps in the past 0.010, valid nll 0.801
  [diag] log10|dL/dh_t| hist bins=60 range=(-12.00,-2.31) mean=-11.90 p50=-12.00 p05=-12.00 p95=-12.00
  [diag] sat-dist hist bins=60 sat<0.05=0.0% mean=0.783 p10=0.648 p90=0.982
Iter 0003120: train nll 0.811, valid error 042.980%, best valid error 039.420%, avg grad norm  34.534, avg grad norm (post clip)   1.053, rho_Whh  1.09, Omega  0.03, alpha  2.000, steps in the past 0.010, valid nll 0.764
  [diag] log10|dL/dh_t| hist bins=60 range=(-12.00,-2.26) mean=-11.90 p50=-12.00 p05=-12.00 p95=-12.00
  [diag] sat-dist hist bins=60 sat<0.05=0.0% mean=0.782 p10=0.645 p90=0.982
Iter 0003140: train nll 0.803, valid error 046.120%, best valid error 039.420%, avg grad norm  25.721, avg grad norm (post clip)   1.053, rho_Whh  1.09, Omega  0.02, alpha  2.000, steps in the past 0.010, valid nll 0.800
  [diag] log10|dL/dh_t| hist bins=60 range=(-12.00,-2.26) mean=-11.90 p50=-12.00 p05=-12.00 p95=-12.00
  [diag] sat-dist hist bins=60 sat<0.05=0.0% mean=0.773 p10=0.658 p90=0.979
Iter 0003160: train nll 0.800, valid error 048.470%, best valid error 039.420%, avg grad norm  37.731, avg grad norm (post clip)   1.053, rho_Whh  1.10, Omega  0.03, alpha  2.000, steps in the past 0.010, valid nll 0.791
  [diag] log10|dL/dh_t| hist bins=60 range=(-12.00,-2.29) mean=-11.90 p50=-12.00 p05=-12.00 p95=-12.00
  [diag] sat-dist hist bins=60 sat<0.05=0.0% mean=0.774 p10=0.646 p90=0.981
Iter 0003180: train nll 0.797, valid error 046.960%, best valid error 039.420%, avg grad norm  27.732, avg grad norm (post clip)   1.053, rho_Whh  1.10, Omega  0.02, alpha  2.000, steps in the past 0.010, valid nll 0.771
  [diag] log10|dL/dh_t| hist bins=60 range=(-12.00,-2.29) mean=-11.90 p50=-12.00 p05=-12.00 p95=-12.00
  [diag] sat-dist hist bins=60 sat<0.05=0.0% mean=0.772 p10=0.645 p90=0.981
Iter 0003200: train nll 0.799, valid error 047.290%, best valid error 039.420%, avg grad norm  31.941, avg grad norm (post clip)   1.053, rho_Whh  1.10, Omega  0.03, alpha  2.000, steps in the past 0.010, valid nll 0.771
  [diag] log10|dL/dh_t| hist bins=60 range=(-12.00,-2.28) mean=-11.90 p50=-12.00 p05=-12.00 p95=-12.00
  [diag] sat-dist hist bins=60 sat<0.05=0.0% mean=0.778 p10=0.641 p90=0.983
Iter 0003220: train nll 0.794, valid error 044.820%, best valid error 039.420%, avg grad norm  33.608, avg grad norm (post clip)   1.053, rho_Whh  1.09, Omega  0.02, alpha  2.000, steps in the past 0.010, valid nll 0.775
  [diag] log10|dL/dh_t| hist bins=60 range=(-12.00,-2.25) mean=-11.90 p50=-12.00 p05=-12.00 p95=-12.00
  [diag] sat-dist hist bins=60 sat<0.05=0.0% mean=0.777 p10=0.639 p90=0.981
Iter 0003240: train nll 0.793, valid error 046.310%, best valid error 039.420%, avg grad norm  32.410, avg grad norm (post clip)   1.053, rho_Whh  1.10, Omega  0.02, alpha  2.000, steps in the past 0.010, valid nll 0.814
  [diag] log10|dL/dh_t| hist bins=60 range=(-12.00,-2.31) mean=-11.90 p50=-12.00 p05=-12.00 p95=-12.00
  [diag] sat-dist hist bins=60 sat<0.05=0.0% mean=0.778 p10=0.639 p90=0.982
Iter 0003260: train nll 0.801, valid error 041.680%, best valid error 039.420%, avg grad norm  30.717, avg grad norm (post clip)   1.053, rho_Whh  1.09, Omega  0.02, alpha  2.000, steps in the past 0.010, valid nll 0.760
  [diag] log10|dL/dh_t| hist bins=60 range=(-12.00,-2.29) mean=-11.90 p50=-12.00 p05=-12.00 p95=-12.00
  [diag] sat-dist hist bins=60 sat<0.05=0.0% mean=0.773 p10=0.632 p90=0.982
Iter 0003280: train nll 0.782, valid error 044.830%, best valid error 039.420%, avg grad norm  32.488, avg grad norm (post clip)   1.053, rho_Whh  1.10, Omega  0.02, alpha  2.000, steps in the past 0.010, valid nll 0.782
  [diag] log10|dL/dh_t| hist bins=60 range=(-12.00,-2.29) mean=-11.90 p50=-12.00 p05=-12.00 p95=-12.00
  [diag] sat-dist hist bins=60 sat<0.05=0.0% mean=0.772 p10=0.631 p90=0.982
Iter 0003300: train nll 0.820, valid error 044.630%, best valid error 039.420%, avg grad norm  38.900, avg grad norm (post clip)   1.053, rho_Whh  1.10, Omega  0.03, alpha  2.000, steps in the past 0.010, valid nll 0.772
  [diag] log10|dL/dh_t| hist bins=60 range=(-12.00,-2.29) mean=-11.90 p50=-12.00 p05=-12.00 p95=-12.00
  [diag] sat-dist hist bins=60 sat<0.05=0.0% mean=0.772 p10=0.640 p90=0.979
Iter 0003320: train nll 0.784, valid error 045.660%, best valid error 039.420%, avg grad norm  32.610, avg grad norm (post clip)   1.053, rho_Whh  1.10, Omega  0.02, alpha  2.000, steps in the past 0.010, valid nll 0.781
  [diag] log10|dL/dh_t| hist bins=60 range=(-12.00,-2.32) mean=-11.90 p50=-12.00 p05=-12.00 p95=-12.00
  [diag] sat-dist hist bins=60 sat<0.05=0.0% mean=0.771 p10=0.630 p90=0.983
Iter 0003340: train nll 0.771, valid error 043.210%, best valid error 039.420%, avg grad norm  25.053, avg grad norm (post clip)   1.053, rho_Whh  1.10, Omega  0.01, alpha  2.000, steps in the past 0.010, valid nll 0.741
  [diag] log10|dL/dh_t| hist bins=60 range=(-12.00,-2.31) mean=-11.90 p50=-12.00 p05=-12.00 p95=-12.00
  [diag] sat-dist hist bins=60 sat<0.05=0.0% mean=0.770 p10=0.630 p90=0.983
Iter 0003360: train nll 0.795, valid error 043.610%, best valid error 039.420%, avg grad norm  40.542, avg grad norm (post clip)   1.053, rho_Whh  1.10, Omega  0.03, alpha  2.000, steps in the past 0.010, valid nll 0.742
  [diag] log10|dL/dh_t| hist bins=60 range=(-12.00,-2.30) mean=-11.90 p50=-12.00 p05=-12.00 p95=-12.00
  [diag] sat-dist hist bins=60 sat<0.05=0.0% mean=0.769 p10=0.630 p90=0.982
Iter 0003380: train nll 0.789, valid error 043.420%, best valid error 039.420%, avg grad norm  30.278, avg grad norm (post clip)   1.053, rho_Whh  1.10, Omega  0.02, alpha  2.000, steps in the past 0.010, valid nll 0.753
  [diag] log10|dL/dh_t| hist bins=60 range=(-12.00,-2.26) mean=-11.90 p50=-12.00 p05=-12.00 p95=-12.00
  [diag] sat-dist hist bins=60 sat<0.05=0.0% mean=0.760 p10=0.654 p90=0.973
Iter 0003400: train nll 0.782, valid error 047.810%, best valid error 039.420%, avg grad norm  32.111, avg grad norm (post clip)   1.053, rho_Whh  1.10, Omega  0.02, alpha  2.000, steps in the past 0.010, valid nll 0.784
  [diag] log10|dL/dh_t| hist bins=60 range=(-12.00,-2.15) mean=-11.90 p50=-12.00 p05=-12.00 p95=-12.00
  [diag] sat-dist hist bins=60 sat<0.05=0.0% mean=0.770 p10=0.638 p90=0.979
Iter 0003420: train nll 0.788, valid error 053.780%, best valid error 039.420%, avg grad norm  35.844, avg grad norm (post clip)   1.053, rho_Whh  1.10, Omega  0.03, alpha  2.000, steps in the past 0.010, valid nll 0.882
  [diag] log10|dL/dh_t| hist bins=60 range=(-12.00,-2.30) mean=-11.90 p50=-12.00 p05=-12.00 p95=-12.00
  [diag] sat-dist hist bins=60 sat<0.05=0.0% mean=0.767 p10=0.628 p90=0.980
Iter 0003440: train nll 0.791, valid error 046.710%, best valid error 039.420%, avg grad norm  33.849, avg grad norm (post clip)   1.053, rho_Whh  1.10, Omega  0.03, alpha  2.000, steps in the past 0.010, valid nll 0.750
  [diag] log10|dL/dh_t| hist bins=60 range=(-12.00,-2.30) mean=-11.90 p50=-12.00 p05=-12.00 p95=-12.00
  [diag] sat-dist hist bins=60 sat<0.05=0.0% mean=0.769 p10=0.630 p90=0.980
Iter 0003460: train nll 0.797, valid error 045.870%, best valid error 039.420%, avg grad norm  41.693, avg grad norm (post clip)   1.053, rho_Whh  1.10, Omega  0.04, alpha  2.000, steps in the past 0.010, valid nll 0.749
  [diag] log10|dL/dh_t| hist bins=60 range=(-12.00,-2.31) mean=-11.90 p50=-12.00 p05=-12.00 p95=-12.00
  [diag] sat-dist hist bins=60 sat<0.05=0.0% mean=0.763 p10=0.621 p90=0.982
Iter 0003480: train nll 0.776, valid error 041.730%, best valid error 039.420%, avg grad norm  37.797, avg grad norm (post clip)   1.053, rho_Whh  1.10, Omega  0.03, alpha  2.000, steps in the past 0.010, valid nll 0.735
  [diag] log10|dL/dh_t| hist bins=60 range=(-12.00,-2.32) mean=-11.90 p50=-12.00 p05=-12.00 p95=-12.00
  [diag] sat-dist hist bins=60 sat<0.05=0.0% mean=0.762 p10=0.616 p90=0.982
Iter 0003500: train nll 0.810, valid error 042.700%, best valid error 039.420%, avg grad norm  47.592, avg grad norm (post clip)   1.053, rho_Whh  1.10, Omega  0.04, alpha  2.000, steps in the past 0.010, valid nll 0.741
  [diag] log10|dL/dh_t| hist bins=60 range=(-12.00,-2.19) mean=-11.90 p50=-12.00 p05=-12.00 p95=-12.00
  [diag] sat-dist hist bins=60 sat<0.05=0.0% mean=0.759 p10=0.643 p90=0.979
Iter 0003520: train nll 0.795, valid error 042.860%, best valid error 039.420%, avg grad norm  45.268, avg grad norm (post clip)   1.053, rho_Whh  1.10, Omega  0.03, alpha  2.000, steps in the past 0.010, valid nll 0.824
  [diag] log10|dL/dh_t| hist bins=60 range=(-12.00,-2.31) mean=-11.90 p50=-12.00 p05=-12.00 p95=-12.00
  [diag] sat-dist hist bins=60 sat<0.05=0.0% mean=0.761 p10=0.623 p90=0.981
Iter 0003540: train nll 0.775, valid error 042.010%, best valid error 039.420%, avg grad norm  36.588, avg grad norm (post clip)   1.053, rho_Whh  1.10, Omega  0.02, alpha  2.000, steps in the past 0.010, valid nll 0.742
  [diag] log10|dL/dh_t| hist bins=60 range=(-12.00,-2.31) mean=-11.90 p50=-12.00 p05=-12.00 p95=-12.00
  [diag] sat-dist hist bins=60 sat<0.05=0.0% mean=0.761 p10=0.623 p90=0.979
Iter 0003560: train nll 0.753, valid error 047.000%, best valid error 039.420%, avg grad norm  21.051, avg grad norm (post clip)   1.053, rho_Whh  1.10, Omega  0.01, alpha  2.000, steps in the past 0.010, valid nll 0.744
  [diag] log10|dL/dh_t| hist bins=60 range=(-12.00,-2.28) mean=-11.90 p50=-12.00 p05=-12.00 p95=-12.00
  [diag] sat-dist hist bins=60 sat<0.05=0.0% mean=0.764 p10=0.623 p90=0.982
Iter 0003580: train nll 0.754, valid error 044.040%, best valid error 039.420%, avg grad norm  23.359, avg grad norm (post clip)   1.053, rho_Whh  1.10, Omega  0.01, alpha  2.000, steps in the past 0.010, valid nll 0.759
  [diag] log10|dL/dh_t| hist bins=60 range=(-12.00,-2.31) mean=-11.90 p50=-12.00 p05=-12.00 p95=-12.00
  [diag] sat-dist hist bins=60 sat<0.05=0.0% mean=0.762 p10=0.618 p90=0.982
Iter 0003600: train nll 0.764, valid error 043.630%, best valid error 039.420%, avg grad norm  32.504, avg grad norm (post clip)   1.053, rho_Whh  1.10, Omega  0.02, alpha  2.000, steps in the past 0.010, valid nll 0.732
  [diag] log10|dL/dh_t| hist bins=60 range=(-12.00,-2.30) mean=-11.90 p50=-12.00 p05=-12.00 p95=-12.00
  [diag] sat-dist hist bins=60 sat<0.05=0.0% mean=0.760 p10=0.618 p90=0.980
Iter 0003620: train nll 0.764, valid error 040.090%, best valid error 039.420%, avg grad norm  29.718, avg grad norm (post clip)   1.053, rho_Whh  1.10, Omega  0.02, alpha  2.000, steps in the past 0.010, valid nll 0.755
  [diag] log10|dL/dh_t| hist bins=60 range=(-12.00,-2.29) mean=-11.90 p50=-12.00 p05=-12.00 p95=-12.00
  [diag] sat-dist hist bins=60 sat<0.05=0.0% mean=0.758 p10=0.610 p90=0.982
Iter 0003640: train nll 0.747, valid error 043.700%, best valid error 039.420%, avg grad norm  20.577, avg grad norm (post clip)   1.053, rho_Whh  1.10, Omega  0.01, alpha  2.000, steps in the past 0.010, valid nll 0.752
  [diag] log10|dL/dh_t| hist bins=60 range=(-12.00,-2.26) mean=-11.90 p50=-12.00 p05=-12.00 p95=-12.00
  [diag] sat-dist hist bins=60 sat<0.05=0.0% mean=0.756 p10=0.616 p90=0.982
Iter 0003660: train nll 0.764, valid error 045.440%, best valid error 039.420%, avg grad norm  28.140, avg grad norm (post clip)   1.053, rho_Whh  1.10, Omega  0.02, alpha  2.000, steps in the past 0.010, valid nll 0.777
  [diag] log10|dL/dh_t| hist bins=60 range=(-12.00,-2.31) mean=-11.90 p50=-12.00 p05=-12.00 p95=-12.00
  [diag] sat-dist hist bins=60 sat<0.05=0.0% mean=0.757 p10=0.608 p90=0.982
Iter 0003680: train nll 0.773, valid error 042.290%, best valid error 039.420%, avg grad norm  35.461, avg grad norm (post clip)   1.053, rho_Whh  1.10, Omega  0.03, alpha  2.000, steps in the past 0.010, valid nll 0.723
  [diag] log10|dL/dh_t| hist bins=60 range=(-12.00,-2.30) mean=-11.90 p50=-12.00 p05=-12.00 p95=-12.00
  [diag] sat-dist hist bins=60 sat<0.05=0.0% mean=0.752 p10=0.621 p90=0.980
Iter 0003700: train nll 0.760, valid error 047.060%, best valid error 039.420%, avg grad norm  36.104, avg grad norm (post clip)   1.053, rho_Whh  1.10, Omega  0.02, alpha  2.000, steps in the past 0.010, valid nll 0.735
  [diag] log10|dL/dh_t| hist bins=60 range=(-12.00,-2.14) mean=-11.90 p50=-12.00 p05=-12.00 p95=-12.00
  [diag] sat-dist hist bins=60 sat<0.05=0.0% mean=0.755 p10=0.630 p90=0.980
Iter 0003720: train nll 0.776, valid error 048.260%, best valid error 039.420%, avg grad norm  44.741, avg grad norm (post clip)   1.053, rho_Whh  1.09, Omega  0.03, alpha  2.000, steps in the past 0.010, valid nll 0.823
  [diag] log10|dL/dh_t| hist bins=60 range=(-12.00,-2.29) mean=-11.90 p50=-12.00 p05=-12.00 p95=-12.00
  [diag] sat-dist hist bins=60 sat<0.05=0.0% mean=0.757 p10=0.610 p90=0.981
Iter 0003740: train nll 0.779, valid error 046.020%, best valid error 039.420%, avg grad norm  40.936, avg grad norm (post clip)   1.053, rho_Whh  1.09, Omega  0.03, alpha  2.000, steps in the past 0.010, valid nll 0.745
  [diag] log10|dL/dh_t| hist bins=60 range=(-12.00,-2.28) mean=-11.90 p50=-12.00 p05=-12.00 p95=-12.00
  [diag] sat-dist hist bins=60 sat<0.05=0.0% mean=0.745 p10=0.631 p90=0.975
Iter 0003760: train nll 0.749, valid error 047.950%, best valid error 039.420%, avg grad norm  28.395, avg grad norm (post clip)   1.053, rho_Whh  1.10, Omega  0.02, alpha  2.000, steps in the past 0.010, valid nll 0.751
  [diag] log10|dL/dh_t| hist bins=60 range=(-12.00,-1.95) mean=-11.90 p50=-12.00 p05=-12.00 p95=-12.00
  [diag] sat-dist hist bins=60 sat<0.05=0.0% mean=0.742 p10=0.633 p90=0.973
Iter 0003780: train nll 0.752, valid error 054.780%, best valid error 039.420%, avg grad norm  22.456, avg grad norm (post clip)   1.053, rho_Whh  1.10, Omega  0.02, alpha  2.000, steps in the past 0.010, valid nll 1.042
  [diag] log10|dL/dh_t| hist bins=60 range=(-12.00,-2.29) mean=-11.90 p50=-12.00 p05=-12.00 p95=-12.00
  [diag] sat-dist hist bins=60 sat<0.05=0.0% mean=0.748 p10=0.615 p90=0.971
Iter 0003800: train nll 0.789, valid error 047.090%, best valid error 039.420%, avg grad norm  41.673, avg grad norm (post clip)   1.053, rho_Whh  1.10, Omega  0.03, alpha  2.000, steps in the past 0.010, valid nll 0.757
  [diag] log10|dL/dh_t| hist bins=60 range=(-12.00,-2.10) mean=-11.90 p50=-12.00 p05=-12.00 p95=-12.00
  [diag] sat-dist hist bins=60 sat<0.05=0.0% mean=0.749 p10=0.627 p90=0.977
Iter 0003820: train nll 0.767, valid error 046.190%, best valid error 039.420%, avg grad norm  39.923, avg grad norm (post clip)   1.053, rho_Whh  1.10, Omega  0.03, alpha  2.000, steps in the past 0.010, valid nll 0.856
  [diag] log10|dL/dh_t| hist bins=60 range=(-12.00,-2.30) mean=-11.90 p50=-12.00 p05=-12.00 p95=-12.00
  [diag] sat-dist hist bins=60 sat<0.05=0.0% mean=0.750 p10=0.606 p90=0.982
Iter 0003840: train nll 0.757, valid error 044.400%, best valid error 039.420%, avg grad norm  28.992, avg grad norm (post clip)   1.053, rho_Whh  1.09, Omega  0.02, alpha  2.000, steps in the past 0.010, valid nll 0.719
  [diag] log10|dL/dh_t| hist bins=60 range=(-12.00,-2.29) mean=-11.90 p50=-12.00 p05=-12.00 p95=-12.00
  [diag] sat-dist hist bins=60 sat<0.05=0.0% mean=0.751 p10=0.608 p90=0.981
Iter 0003860: train nll 0.773, valid error 046.210%, best valid error 039.420%, avg grad norm  36.150, avg grad norm (post clip)   1.053, rho_Whh  1.09, Omega  0.03, alpha  2.000, steps in the past 0.010, valid nll 0.721
  [diag] log10|dL/dh_t| hist bins=60 range=(-12.00,-2.28) mean=-11.90 p50=-12.00 p05=-12.00 p95=-12.00
  [diag] sat-dist hist bins=60 sat<0.05=0.0% mean=0.750 p10=0.609 p90=0.981
Iter 0003880: train nll 0.755, valid error 046.330%, best valid error 039.420%, avg grad norm  29.718, avg grad norm (post clip)   1.053, rho_Whh  1.09, Omega  0.02, alpha  2.000, steps in the past 0.010, valid nll 0.736
  [diag] log10|dL/dh_t| hist bins=60 range=(-12.00,-2.29) mean=-11.90 p50=-12.00 p05=-12.00 p95=-12.00
  [diag] sat-dist hist bins=60 sat<0.05=0.0% mean=0.750 p10=0.601 p90=0.981
Iter 0003900: train nll 0.796, valid error 042.950%, best valid error 039.420%, avg grad norm  42.064, avg grad norm (post clip)   1.053, rho_Whh  1.09, Omega  0.03, alpha  2.000, steps in the past 0.010, valid nll 0.716
  [diag] log10|dL/dh_t| hist bins=60 range=(-12.00,-2.25) mean=-11.90 p50=-12.00 p05=-12.00 p95=-12.00
  [diag] sat-dist hist bins=60 sat<0.05=0.0% mean=0.751 p10=0.605 p90=0.982
Iter 0003920: train nll 0.768, valid error 048.820%, best valid error 039.420%, avg grad norm  38.260, avg grad norm (post clip)   1.053, rho_Whh  1.09, Omega  0.03, alpha  2.000, steps in the past 0.010, valid nll 0.761
  [diag] log10|dL/dh_t| hist bins=60 range=(-12.00,-2.28) mean=-11.90 p50=-12.00 p05=-12.00 p95=-12.00
  [diag] sat-dist hist bins=60 sat<0.05=0.0% mean=0.747 p10=0.597 p90=0.981
Iter 0003940: train nll 0.757, valid error 043.620%, best valid error 039.420%, avg grad norm  40.274, avg grad norm (post clip)   1.053, rho_Whh  1.09, Omega  0.02, alpha  2.000, steps in the past 0.010, valid nll 0.732
  [diag] log10|dL/dh_t| hist bins=60 range=(-12.00,-2.28) mean=-11.90 p50=-12.00 p05=-12.00 p95=-12.00
  [diag] sat-dist hist bins=60 sat<0.05=0.0% mean=0.750 p10=0.599 p90=0.983
Iter 0003960: train nll 0.773, valid error 045.560%, best valid error 039.420%, avg grad norm  32.642, avg grad norm (post clip)   1.053, rho_Whh  1.09, Omega  0.02, alpha  2.000, steps in the past 0.010, valid nll 0.731
  [diag] log10|dL/dh_t| hist bins=60 range=(-12.00,-2.28) mean=-11.90 p50=-12.00 p05=-12.00 p95=-12.00
  [diag] sat-dist hist bins=60 sat<0.05=0.0% mean=0.745 p10=0.601 p90=0.975
Iter 0003980: train nll 0.753, valid error 047.140%, best valid error 039.420%, avg grad norm  31.711, avg grad norm (post clip)   1.053, rho_Whh  1.09, Omega  0.02, alpha  2.000, steps in the past 0.010, valid nll 0.744
  [diag] log10|dL/dh_t| hist bins=60 range=(-12.00,-2.24) mean=-11.90 p50=-12.00 p05=-12.00 p95=-12.00
  [diag] sat-dist hist bins=60 sat<0.05=0.0% mean=0.743 p10=0.614 p90=0.976
Iter 0004000: train nll 0.767, valid error 046.500%, best valid error 039.420%, avg grad norm  46.747, avg grad norm (post clip)   1.053, rho_Whh  1.09, Omega  0.04, alpha  2.000, steps in the past 0.010, valid nll 0.755
  [diag] log10|dL/dh_t| hist bins=60 range=(-12.00,-2.00) mean=-11.90 p50=-12.00 p05=-12.00 p95=-12.00
  [diag] sat-dist hist bins=60 sat<0.05=0.0% mean=0.737 p10=0.629 p90=0.964
Iter 0004020: train nll 0.773, valid error 063.620%, best valid error 039.420%, avg grad norm  35.675, avg grad norm (post clip)   1.053, rho_Whh  1.09, Omega  0.02, alpha  2.000, steps in the past 0.010, valid nll 1.178
  [diag] log10|dL/dh_t| hist bins=60 range=(-12.00,-2.28) mean=-11.90 p50=-12.00 p05=-12.00 p95=-12.00
  [diag] sat-dist hist bins=60 sat<0.05=0.0% mean=0.746 p10=0.592 p90=0.981
Iter 0004040: train nll 0.773, valid error 045.470%, best valid error 039.420%, avg grad norm  35.497, avg grad norm (post clip)   1.053, rho_Whh  1.09, Omega  0.03, alpha  2.000, steps in the past 0.010, valid nll 0.722
  [diag] log10|dL/dh_t| hist bins=60 range=(-12.00,-2.28) mean=-11.90 p50=-12.00 p05=-12.00 p95=-12.00
  [diag] sat-dist hist bins=60 sat<0.05=0.0% mean=0.743 p10=0.592 p90=0.982
Iter 0004060: train nll 0.748, valid error 042.060%, best valid error 039.420%, avg grad norm  41.809, avg grad norm (post clip)   1.053, rho_Whh  1.09, Omega  0.02, alpha  2.000, steps in the past 0.010, valid nll 0.706
  [diag] log10|dL/dh_t| hist bins=60 range=(-12.00,-2.26) mean=-11.90 p50=-12.00 p05=-12.00 p95=-12.00
  [diag] sat-dist hist bins=60 sat<0.05=0.0% mean=0.748 p10=0.600 p90=0.982
Iter 0004080: train nll 0.755, valid error 047.460%, best valid error 039.420%, avg grad norm  30.178, avg grad norm (post clip)   1.053, rho_Whh  1.09, Omega  0.02, alpha  2.000, steps in the past 0.010, valid nll 0.736
  [diag] log10|dL/dh_t| hist bins=60 range=(-12.00,-2.28) mean=-11.90 p50=-12.00 p05=-12.00 p95=-12.00
  [diag] sat-dist hist bins=60 sat<0.05=0.0% mean=0.744 p10=0.596 p90=0.969
Iter 0004100: train nll 0.734, valid error 046.290%, best valid error 039.420%, avg grad norm  32.762, avg grad norm (post clip)   1.053, rho_Whh  1.09, Omega  0.02, alpha  2.000, steps in the past 0.010, valid nll 0.722
  [diag] log10|dL/dh_t| hist bins=60 range=(-12.00,-2.27) mean=-11.90 p50=-12.00 p05=-12.00 p95=-12.00
  [diag] sat-dist hist bins=60 sat<0.05=0.0% mean=0.745 p10=0.587 p90=0.978
Iter 0004120: train nll 0.747, valid error 044.710%, best valid error 039.420%, avg grad norm  40.377, avg grad norm (post clip)   1.053, rho_Whh  1.09, Omega  0.02, alpha  2.000, steps in the past 0.010, valid nll 0.719
  [diag] log10|dL/dh_t| hist bins=60 range=(-12.00,-2.26) mean=-11.90 p50=-12.00 p05=-12.00 p95=-12.00
  [diag] sat-dist hist bins=60 sat<0.05=0.0% mean=0.733 p10=0.594 p90=0.968
Iter 0004140: train nll 0.787, valid error 046.940%, best valid error 039.420%, avg grad norm  45.755, avg grad norm (post clip)   1.053, rho_Whh  1.09, Omega  0.03, alpha  2.000, steps in the past 0.010, valid nll 0.736
  [diag] log10|dL/dh_t| hist bins=60 range=(-12.00,-2.26) mean=-11.90 p50=-12.00 p05=-12.00 p95=-12.00
  [diag] sat-dist hist bins=60 sat<0.05=0.0% mean=0.739 p10=0.585 p90=0.982
Iter 0004160: train nll 0.808, valid error 042.390%, best valid error 039.420%, avg grad norm  55.662, avg grad norm (post clip)   1.053, rho_Whh  1.09, Omega  0.04, alpha  2.000, steps in the past 0.010, valid nll 0.713
  [diag] log10|dL/dh_t| hist bins=60 range=(-12.00,-1.94) mean=-11.90 p50=-12.00 p05=-12.00 p95=-12.00
  [diag] sat-dist hist bins=60 sat<0.05=0.0% mean=0.731 p10=0.618 p90=0.973
Iter 0004180: train nll 0.793, valid error 046.440%, best valid error 039.420%, avg grad norm  63.581, avg grad norm (post clip)   1.053, rho_Whh  1.09, Omega  0.05, alpha  2.000, steps in the past 0.010, valid nll 1.037
  [diag] log10|dL/dh_t| hist bins=60 range=(-12.00,-2.24) mean=-11.90 p50=-12.00 p05=-12.00 p95=-12.00
  [diag] sat-dist hist bins=60 sat<0.05=0.0% mean=0.746 p10=0.591 p90=0.981
Iter 0004200: train nll 0.772, valid error 046.720%, best valid error 039.420%, avg grad norm  37.914, avg grad norm (post clip)   1.053, rho_Whh  1.08, Omega  0.02, alpha  2.000, steps in the past 0.010, valid nll 0.741
  [diag] log10|dL/dh_t| hist bins=60 range=(-12.00,-2.15) mean=-11.90 p50=-12.00 p05=-12.00 p95=-12.00
  [diag] sat-dist hist bins=60 sat<0.05=0.0% mean=0.740 p10=0.596 p90=0.971
Iter 0004220: train nll 0.748, valid error 045.590%, best valid error 039.420%, avg grad norm  30.199, avg grad norm (post clip)   1.053, rho_Whh  1.09, Omega  0.02, alpha  2.000, steps in the past 0.010, valid nll 0.944
  [diag] log10|dL/dh_t| hist bins=60 range=(-12.00,-2.18) mean=-11.90 p50=-12.00 p05=-12.00 p95=-12.00
  [diag] sat-dist hist bins=60 sat<0.05=0.0% mean=0.739 p10=0.599 p90=0.974
Iter 0004240: train nll 0.816, valid error 048.130%, best valid error 039.420%, avg grad norm  65.804, avg grad norm (post clip)   1.053, rho_Whh  1.08, Omega  0.05, alpha  2.000, steps in the past 0.010, valid nll 0.877
  [diag] log10|dL/dh_t| hist bins=60 range=(-12.00,-2.21) mean=-11.90 p50=-12.00 p05=-12.00 p95=-12.00
  [diag] sat-dist hist bins=60 sat<0.05=0.0% mean=0.742 p10=0.590 p90=0.978
Iter 0004260: train nll 0.730, valid error 049.450%, best valid error 039.420%, avg grad norm  23.162, avg grad norm (post clip)   1.053, rho_Whh  1.08, Omega  0.01, alpha  2.000, steps in the past 0.010, valid nll 0.787
  [diag] log10|dL/dh_t| hist bins=60 range=(-12.00,-2.22) mean=-11.90 p50=-12.00 p05=-12.00 p95=-12.00
  [diag] sat-dist hist bins=60 sat<0.05=0.0% mean=0.730 p10=0.616 p90=0.973
Iter 0004280: train nll 0.770, valid error 047.860%, best valid error 039.420%, avg grad norm  43.557, avg grad norm (post clip)   1.053, rho_Whh  1.08, Omega  0.03, alpha  2.000, steps in the past 0.010, valid nll 0.755
  [diag] log10|dL/dh_t| hist bins=60 range=(-12.00,-2.24) mean=-11.90 p50=-12.00 p05=-12.00 p95=-12.00
  [diag] sat-dist hist bins=60 sat<0.05=0.0% mean=0.736 p10=0.605 p90=0.978
Iter 0004300: train nll 0.811, valid error 042.970%, best valid error 039.420%, avg grad norm  56.662, avg grad norm (post clip)   1.053, rho_Whh  1.08, Omega  0.04, alpha  2.000, steps in the past 0.010, valid nll 0.741
  [diag] log10|dL/dh_t| hist bins=60 range=(-12.00,-2.25) mean=-11.90 p50=-12.00 p05=-12.00 p95=-12.00
  [diag] sat-dist hist bins=60 sat<0.05=0.0% mean=0.733 p10=0.592 p90=0.967
Iter 0004320: train nll 0.749, valid error 047.050%, best valid error 039.420%, avg grad norm  33.674, avg grad norm (post clip)   1.053, rho_Whh  1.08, Omega  0.02, alpha  2.000, steps in the past 0.010, valid nll 0.730
  [diag] log10|dL/dh_t| hist bins=60 range=(-12.00,-2.25) mean=-11.90 p50=-12.00 p05=-12.00 p95=-12.00
  [diag] sat-dist hist bins=60 sat<0.05=0.0% mean=0.738 p10=0.582 p90=0.978
Iter 0004340: train nll 0.723, valid error 046.260%, best valid error 039.420%, avg grad norm  23.041, avg grad norm (post clip)   1.053, rho_Whh  1.08, Omega  0.01, alpha  2.000, steps in the past 0.010, valid nll 0.719
  [diag] log10|dL/dh_t| hist bins=60 range=(-12.00,-2.26) mean=-11.90 p50=-12.00 p05=-12.00 p95=-12.00
  [diag] sat-dist hist bins=60 sat<0.05=0.0% mean=0.737 p10=0.579 p90=0.979
Iter 0004360: train nll 0.729, valid error 041.530%, best valid error 039.420%, avg grad norm  31.159, avg grad norm (post clip)   1.053, rho_Whh  1.08, Omega  0.02, alpha  2.000, steps in the past 0.010, valid nll 0.702
  [diag] log10|dL/dh_t| hist bins=60 range=(-12.00,-2.24) mean=-11.90 p50=-12.00 p05=-12.00 p95=-12.00
  [diag] sat-dist hist bins=60 sat<0.05=0.0% mean=0.738 p10=0.595 p90=0.973
Iter 0004380: train nll 0.781, valid error 045.150%, best valid error 039.420%, avg grad norm  55.617, avg grad norm (post clip)   1.053, rho_Whh  1.08, Omega  0.03, alpha  2.000, steps in the past 0.010, valid nll 0.725
  [diag] log10|dL/dh_t| hist bins=60 range=(-12.00,-2.20) mean=-11.90 p50=-12.00 p05=-12.00 p95=-12.00
  [diag] sat-dist hist bins=60 sat<0.05=0.0% mean=0.735 p10=0.596 p90=0.971
Iter 0004400: train nll 0.754, valid error 045.600%, best valid error 039.420%, avg grad norm  38.675, avg grad norm (post clip)   1.053, rho_Whh  1.08, Omega  0.02, alpha  2.000, steps in the past 0.010, valid nll 0.775
  [diag] log10|dL/dh_t| hist bins=60 range=(-12.00,-2.25) mean=-11.90 p50=-12.00 p05=-12.00 p95=-12.00
  [diag] sat-dist hist bins=60 sat<0.05=0.0% mean=0.737 p10=0.587 p90=0.976
Iter 0004420: train nll 0.772, valid error 046.620%, best valid error 039.420%, avg grad norm  65.453, avg grad norm (post clip)   1.053, rho_Whh  1.08, Omega  0.04, alpha  2.000, steps in the past 0.010, valid nll 0.714
  [diag] log10|dL/dh_t| hist bins=60 range=(-12.00,-2.20) mean=-11.90 p50=-12.00 p05=-12.00 p95=-12.00
  [diag] sat-dist hist bins=60 sat<0.05=0.0% mean=0.739 p10=0.589 p90=0.980
Iter 0004440: train nll 0.726, valid error 047.120%, best valid error 039.420%, avg grad norm  25.470, avg grad norm (post clip)   1.053, rho_Whh  1.07, Omega  0.01, alpha  2.000, steps in the past 0.010, valid nll 0.804
  [diag] log10|dL/dh_t| hist bins=60 range=(-12.00,-2.25) mean=-11.90 p50=-12.00 p05=-12.00 p95=-12.00
  [diag] sat-dist hist bins=60 sat<0.05=0.0% mean=0.737 p10=0.581 p90=0.973
Iter 0004460: train nll 0.726, valid error 044.660%, best valid error 039.420%, avg grad norm  38.681, avg grad norm (post clip)   1.053, rho_Whh  1.07, Omega  0.02, alpha  2.000, steps in the past 0.010, valid nll 0.701
  [diag] log10|dL/dh_t| hist bins=60 range=(-12.00,-2.25) mean=-11.90 p50=-12.00 p05=-12.00 p95=-12.00
  [diag] sat-dist hist bins=60 sat<0.05=0.0% mean=0.734 p10=0.575 p90=0.980
Iter 0004480: train nll 0.747, valid error 041.830%, best valid error 039.420%, avg grad norm  39.524, avg grad norm (post clip)   1.053, rho_Whh  1.08, Omega  0.02, alpha  2.000, steps in the past 0.010, valid nll 0.701
  [diag] log10|dL/dh_t| hist bins=60 range=(-12.00,-2.24) mean=-11.90 p50=-12.00 p05=-12.00 p95=-12.00
  [diag] sat-dist hist bins=60 sat<0.05=0.0% mean=0.733 p10=0.581 p90=0.978
Iter 0004500: train nll 0.713, valid error 044.980%, best valid error 039.420%, avg grad norm  23.169, avg grad norm (post clip)   1.053, rho_Whh  1.08, Omega  0.01, alpha  2.000, steps in the past 0.010, valid nll 0.715
  [diag] log10|dL/dh_t| hist bins=60 range=(-12.00,-2.24) mean=-11.90 p50=-12.00 p05=-12.00 p95=-12.00
  [diag] sat-dist hist bins=60 sat<0.05=0.0% mean=0.729 p10=0.577 p90=0.978
Iter 0004520: train nll 0.734, valid error 044.620%, best valid error 039.420%, avg grad norm  27.354, avg grad norm (post clip)   1.053, rho_Whh  1.08, Omega  0.01, alpha  2.000, steps in the past 0.010, valid nll 0.705
  [diag] log10|dL/dh_t| hist bins=60 range=(-12.00,-2.22) mean=-11.90 p50=-12.00 p05=-12.00 p95=-12.00
  [diag] sat-dist hist bins=60 sat<0.05=0.0% mean=0.733 p10=0.577 p90=0.979
Iter 0004540: train nll 0.728, valid error 044.960%, best valid error 039.420%, avg grad norm  19.033, avg grad norm (post clip)   1.053, rho_Whh  1.08, Omega  0.01, alpha  2.000, steps in the past 0.010, valid nll 0.770
  [diag] log10|dL/dh_t| hist bins=60 range=(-12.00,-2.24) mean=-11.90 p50=-12.00 p05=-12.00 p95=-12.00
  [diag] sat-dist hist bins=60 sat<0.05=0.0% mean=0.733 p10=0.571 p90=0.981
Iter 0004560: train nll 0.754, valid error 041.250%, best valid error 039.420%, avg grad norm  49.224, avg grad norm (post clip)   1.053, rho_Whh  1.08, Omega  0.03, alpha  2.000, steps in the past 0.010, valid nll 0.699
  [diag] log10|dL/dh_t| hist bins=60 range=(-12.00,-2.24) mean=-11.90 p50=-12.00 p05=-12.00 p95=-12.00
  [diag] sat-dist hist bins=60 sat<0.05=0.0% mean=0.734 p10=0.573 p90=0.977
Iter 0004580: train nll 0.773, valid error 042.160%, best valid error 039.420%, avg grad norm  62.851, avg grad norm (post clip)   1.053, rho_Whh  1.08, Omega  0.04, alpha  2.000, steps in the past 0.010, valid nll 0.709
  [diag] log10|dL/dh_t| hist bins=60 range=(-12.00,-2.23) mean=-11.90 p50=-12.00 p05=-12.00 p95=-12.00
  [diag] sat-dist hist bins=60 sat<0.05=0.0% mean=0.727 p10=0.575 p90=0.975
Iter 0004600: train nll 0.732, valid error 043.830%, best valid error 039.420%, avg grad norm  30.980, avg grad norm (post clip)   1.053, rho_Whh  1.08, Omega  0.02, alpha  2.000, steps in the past 0.010, valid nll 0.716
  [diag] log10|dL/dh_t| hist bins=60 range=(-12.00,-2.23) mean=-11.90 p50=-12.00 p05=-12.00 p95=-12.00
  [diag] sat-dist hist bins=60 sat<0.05=0.0% mean=0.734 p10=0.572 p90=0.980
Iter 0004620: train nll 0.748, valid error 042.610%, best valid error 039.420%, avg grad norm  32.410, avg grad norm (post clip)   1.053, rho_Whh  1.08, Omega  0.02, alpha  2.000, steps in the past 0.010, valid nll 0.703
  [diag] log10|dL/dh_t| hist bins=60 range=(-12.00,-2.24) mean=-11.90 p50=-12.00 p05=-12.00 p95=-12.00
  [diag] sat-dist hist bins=60 sat<0.05=0.0% mean=0.733 p10=0.570 p90=0.981
Iter 0004640: train nll 0.735, valid error 040.710%, best valid error 039.420%, avg grad norm  36.691, avg grad norm (post clip)   1.053, rho_Whh  1.07, Omega  0.02, alpha  2.000, steps in the past 0.010, valid nll 0.692
  [diag] log10|dL/dh_t| hist bins=60 range=(-12.00,-2.13) mean=-11.90 p50=-12.00 p05=-12.00 p95=-12.00
  [diag] sat-dist hist bins=60 sat<0.05=0.0% mean=0.729 p10=0.585 p90=0.976
Iter 0004660: train nll 0.726, valid error 054.560%, best valid error 039.420%, avg grad norm  33.872, avg grad norm (post clip)   1.053, rho_Whh  1.07, Omega  0.02, alpha  2.000, steps in the past 0.010, valid nll 0.990
  [diag] log10|dL/dh_t| hist bins=60 range=(-12.00,-2.24) mean=-11.90 p50=-12.00 p05=-12.00 p95=-12.00
  [diag] sat-dist hist bins=60 sat<0.05=0.0% mean=0.732 p10=0.575 p90=0.981
Iter 0004680: train nll 0.770, valid error 040.980%, best valid error 039.420%, avg grad norm  41.399, avg grad norm (post clip)   1.053, rho_Whh  1.07, Omega  0.02, alpha  2.000, steps in the past 0.010, valid nll 0.693
  [diag] log10|dL/dh_t| hist bins=60 range=(-12.00,-2.23) mean=-11.90 p50=-12.00 p05=-12.00 p95=-12.00
  [diag] sat-dist hist bins=60 sat<0.05=0.0% mean=0.732 p10=0.571 p90=0.981
Iter 0004700: train nll 0.722, valid error 042.100%, best valid error 039.420%, avg grad norm  27.167, avg grad norm (post clip)   1.053, rho_Whh  1.07, Omega  0.01, alpha  2.000, steps in the past 0.010, valid nll 0.706
  [diag] log10|dL/dh_t| hist bins=60 range=(-12.00,-2.24) mean=-11.90 p50=-12.00 p05=-12.00 p95=-12.00
  [diag] sat-dist hist bins=60 sat<0.05=0.0% mean=0.731 p10=0.574 p90=0.978
Iter 0004720: train nll 0.724, valid error 041.180%, best valid error 039.420%, avg grad norm  34.172, avg grad norm (post clip)   1.053, rho_Whh  1.07, Omega  0.02, alpha  2.000, steps in the past 0.010, valid nll 0.698
  [diag] log10|dL/dh_t| hist bins=60 range=(-12.00,-2.23) mean=-11.90 p50=-12.00 p05=-12.00 p95=-12.00
  [diag] sat-dist hist bins=60 sat<0.05=0.0% mean=0.724 p10=0.571 p90=0.974
Iter 0004740: train nll 0.717, valid error 043.830%, best valid error 039.420%, avg grad norm  25.068, avg grad norm (post clip)   1.053, rho_Whh  1.07, Omega  0.02, alpha  2.000, steps in the past 0.010, valid nll 0.708
  [diag] log10|dL/dh_t| hist bins=60 range=(-12.00,-2.23) mean=-11.90 p50=-12.00 p05=-12.00 p95=-12.00
  [diag] sat-dist hist bins=60 sat<0.05=0.0% mean=0.735 p10=0.574 p90=0.982
Iter 0004760: train nll 0.742, valid error 039.620%, best valid error 039.420%, avg grad norm  28.764, avg grad norm (post clip)   1.053, rho_Whh  1.07, Omega  0.01, alpha  2.000, steps in the past 0.010, valid nll 0.697
  [diag] log10|dL/dh_t| hist bins=60 range=(-12.00,-2.23) mean=-11.90 p50=-12.00 p05=-12.00 p95=-12.00
  [diag] sat-dist hist bins=60 sat<0.05=0.0% mean=0.734 p10=0.577 p90=0.978
Iter 0004780: train nll 0.741, valid error 042.460%, best valid error 039.420%, avg grad norm  30.869, avg grad norm (post clip)   1.053, rho_Whh  1.07, Omega  0.02, alpha  2.000, steps in the past 0.010, valid nll 0.698
  [diag] log10|dL/dh_t| hist bins=60 range=(-12.00,-1.81) mean=-11.90 p50=-12.00 p05=-12.00 p95=-12.00
  [diag] sat-dist hist bins=60 sat<0.05=0.0% mean=0.723 p10=0.600 p90=0.973
Iter 0004800: train nll 0.722, valid error 060.060%, best valid error 039.420%, avg grad norm  39.111, avg grad norm (post clip)   1.053, rho_Whh  1.06, Omega  0.02, alpha  2.000, steps in the past 0.010, valid nll 1.268
  [diag] log10|dL/dh_t| hist bins=60 range=(-12.00,-2.21) mean=-11.90 p50=-12.00 p05=-12.00 p95=-12.00
  [diag] sat-dist hist bins=60 sat<0.05=0.0% mean=0.730 p10=0.571 p90=0.978
Iter 0004820: train nll 0.748, valid error 047.110%, best valid error 039.420%, avg grad norm  30.304, avg grad norm (post clip)   1.053, rho_Whh  1.07, Omega  0.01, alpha  2.000, steps in the past 0.010, valid nll 0.724
  [diag] log10|dL/dh_t| hist bins=60 range=(-12.00,-2.22) mean=-11.90 p50=-12.00 p05=-12.00 p95=-12.00
  [diag] sat-dist hist bins=60 sat<0.05=0.0% mean=0.729 p10=0.574 p90=0.979
Iter 0004840: train nll 0.725, valid error 041.950%, best valid error 039.420%, avg grad norm  26.198, avg grad norm (post clip)   1.053, rho_Whh  1.06, Omega  0.02, alpha  2.000, steps in the past 0.010, valid nll 0.712
  [diag] log10|dL/dh_t| hist bins=60 range=(-12.00,-2.22) mean=-11.90 p50=-12.00 p05=-12.00 p95=-12.00
  [diag] sat-dist hist bins=60 sat<0.05=0.0% mean=0.729 p10=0.576 p90=0.980
Iter 0004860: train nll 0.715, valid error 045.540%, best valid error 039.420%, avg grad norm  28.678, avg grad norm (post clip)   1.053, rho_Whh  1.06, Omega  0.02, alpha  2.000, steps in the past 0.010, valid nll 0.725
  [diag] log10|dL/dh_t| hist bins=60 range=(-12.00,-2.21) mean=-11.90 p50=-12.00 p05=-12.00 p95=-12.00
  [diag] sat-dist hist bins=60 sat<0.05=0.0% mean=0.727 p10=0.577 p90=0.980
Iter 0004880: train nll 0.731, valid error 048.240%, best valid error 039.420%, avg grad norm  30.777, avg grad norm (post clip)   1.053, rho_Whh  1.07, Omega  0.02, alpha  2.000, steps in the past 0.010, valid nll 0.738
  [diag] log10|dL/dh_t| hist bins=60 range=(-12.00,-2.21) mean=-11.90 p50=-12.00 p05=-12.00 p95=-12.00
  [diag] sat-dist hist bins=60 sat<0.05=0.0% mean=0.720 p10=0.563 p90=0.974
Iter 0004900: train nll 0.744, valid error 044.650%, best valid error 039.420%, avg grad norm  25.335, avg grad norm (post clip)   1.053, rho_Whh  1.07, Omega  0.01, alpha  2.000, steps in the past 0.010, valid nll 0.693
  [diag] log10|dL/dh_t| hist bins=60 range=(-12.00,-2.20) mean=-11.90 p50=-12.00 p05=-12.00 p95=-12.00
  [diag] sat-dist hist bins=60 sat<0.05=0.0% mean=0.716 p10=0.568 p90=0.969
Iter 0004920: train nll 0.734, valid error 043.160%, best valid error 039.420%, avg grad norm  38.081, avg grad norm (post clip)   1.053, rho_Whh  1.07, Omega  0.02, alpha  2.000, steps in the past 0.010, valid nll 0.695
  [diag] log10|dL/dh_t| hist bins=60 range=(-12.00,-2.20) mean=-11.90 p50=-12.00 p05=-12.00 p95=-12.00
  [diag] sat-dist hist bins=60 sat<0.05=0.0% mean=0.728 p10=0.568 p90=0.981
Iter 0004940: train nll 0.713, valid error 038.710%, best valid error 039.420%, avg grad norm  24.808, avg grad norm (post clip)   1.053, rho_Whh  1.07, Omega  0.01, alpha  2.000, steps in the past 0.010, valid nll 0.681
  [diag] log10|dL/dh_t| hist bins=60 range=(-12.00,-2.19) mean=-11.90 p50=-12.00 p05=-12.00 p95=-12.00
  [diag] sat-dist hist bins=60 sat<0.05=0.0% mean=0.719 p10=0.559 p90=0.980
Iter 0004960: train nll 0.699, valid error 040.740%, best valid error 038.710%, avg grad norm  17.385, avg grad norm (post clip)   1.053, rho_Whh  1.07, Omega  0.01, alpha  2.000, steps in the past 0.010, valid nll 0.693
  [diag] log10|dL/dh_t| hist bins=60 range=(-12.00,-2.19) mean=-11.90 p50=-12.00 p05=-12.00 p95=-12.00
  [diag] sat-dist hist bins=60 sat<0.05=0.0% mean=0.721 p10=0.557 p90=0.970
Iter 0004980: train nll 0.723, valid error 043.800%, best valid error 038.710%, avg grad norm  29.642, avg grad norm (post clip)   1.053, rho_Whh  1.07, Omega  0.01, alpha  2.000, steps in the past 0.010, valid nll 0.696
  [diag] log10|dL/dh_t| hist bins=60 range=(-12.00,-2.16) mean=-11.90 p50=-12.00 p05=-12.00 p95=-12.00
  [diag] sat-dist hist bins=60 sat<0.05=0.0% mean=0.728 p10=0.574 p90=0.968
Iter 0005000: train nll 0.737, valid error 050.730%, best valid error 038.710%, avg grad norm  34.026, avg grad norm (post clip)   1.053, rho_Whh  1.08, Omega  0.02, alpha  2.000, steps in the past 0.010, valid nll 0.790
  [diag] log10|dL/dh_t| hist bins=60 range=(-12.00,-2.04) mean=-11.90 p50=-12.00 p05=-12.00 p95=-12.00
  [diag] sat-dist hist bins=60 sat<0.05=0.0% mean=0.725 p10=0.567 p90=0.977
Iter 0005020: train nll 0.708, valid error 055.720%, best valid error 038.710%, avg grad norm  28.897, avg grad norm (post clip)   1.053, rho_Whh  1.08, Omega  0.02, alpha  2.000, steps in the past 0.010, valid nll 0.948
  [diag] log10|dL/dh_t| hist bins=60 range=(-12.00,-2.19) mean=-11.90 p50=-12.00 p05=-12.00 p95=-12.00
  [diag] sat-dist hist bins=60 sat<0.05=0.0% mean=0.718 p10=0.563 p90=0.979
Iter 0005040: train nll 0.750, valid error 039.560%, best valid error 038.710%, avg grad norm  56.853, avg grad norm (post clip)   1.053, rho_Whh  1.06, Omega  0.03, alpha  2.000, steps in the past 0.010, valid nll 0.683
  [diag] log10|dL/dh_t| hist bins=60 range=(-12.00,-2.11) mean=-11.90 p50=-12.00 p05=-12.00 p95=-12.00
  [diag] sat-dist hist bins=60 sat<0.05=0.0% mean=0.715 p10=0.586 p90=0.964
Iter 0005060: train nll 0.723, valid error 042.560%, best valid error 038.710%, avg grad norm  42.524, avg grad norm (post clip)   1.053, rho_Whh  1.06, Omega  0.02, alpha  2.000, steps in the past 0.010, valid nll 0.740
  [diag] log10|dL/dh_t| hist bins=60 range=(-12.00,-2.18) mean=-11.90 p50=-12.00 p05=-12.00 p95=-12.00
  [diag] sat-dist hist bins=60 sat<0.05=0.0% mean=0.726 p10=0.575 p90=0.981
Iter 0005080: train nll 0.706, valid error 042.710%, best valid error 038.710%, avg grad norm  20.439, avg grad norm (post clip)   1.053, rho_Whh  1.07, Omega  0.01, alpha  2.000, steps in the past 0.010, valid nll 0.712
  [diag] log10|dL/dh_t| hist bins=60 range=(-12.00,-2.17) mean=-11.90 p50=-12.00 p05=-12.00 p95=-12.00
  [diag] sat-dist hist bins=60 sat<0.05=0.0% mean=0.720 p10=0.563 p90=0.979
Iter 0005100: train nll 0.716, valid error 047.410%, best valid error 038.710%, avg grad norm  31.675, avg grad norm (post clip)   1.053, rho_Whh  1.07, Omega  0.02, alpha  2.000, steps in the past 0.010, valid nll 0.715
  [diag] log10|dL/dh_t| hist bins=60 range=(-12.00,-2.18) mean=-11.90 p50=-12.00 p05=-12.00 p95=-12.00
  [diag] sat-dist hist bins=60 sat<0.05=0.0% mean=0.723 p10=0.567 p90=0.979
Iter 0005120: train nll 0.737, valid error 037.720%, best valid error 038.710%, avg grad norm  41.517, avg grad norm (post clip)   1.053, rho_Whh  1.07, Omega  0.02, alpha  2.000, steps in the past 0.010, valid nll 0.678
  [diag] log10|dL/dh_t| hist bins=60 range=(-12.00,-2.17) mean=-11.90 p50=-12.00 p05=-12.00 p95=-12.00
  [diag] sat-dist hist bins=60 sat<0.05=0.0% mean=0.724 p10=0.574 p90=0.968
Iter 0005140: train nll 0.769, valid error 039.620%, best valid error 037.720%, avg grad norm  46.525, avg grad norm (post clip)   1.053, rho_Whh  1.08, Omega  0.03, alpha  2.000, steps in the past 0.010, valid nll 0.698
  [diag] log10|dL/dh_t| hist bins=60 range=(-12.00,-2.16) mean=-11.90 p50=-12.00 p05=-12.00 p95=-12.00
  [diag] sat-dist hist bins=60 sat<0.05=0.0% mean=0.715 p10=0.560 p90=0.962
Iter 0005160: train nll 0.699, valid error 041.820%, best valid error 037.720%, avg grad norm  17.639, avg grad norm (post clip)   1.053, rho_Whh  1.07, Omega  0.01, alpha  2.000, steps in the past 0.010, valid nll 0.696
  [diag] log10|dL/dh_t| hist bins=60 range=(-12.00,-2.16) mean=-11.90 p50=-12.00 p05=-12.00 p95=-12.00
  [diag] sat-dist hist bins=60 sat<0.05=0.0% mean=0.717 p10=0.553 p90=0.979
Iter 0005180: train nll 0.714, valid error 040.290%, best valid error 037.720%, avg grad norm  23.932, avg grad norm (post clip)   1.053, rho_Whh  1.07, Omega  0.01, alpha  2.000, steps in the past 0.010, valid nll 0.687
  [diag] log10|dL/dh_t| hist bins=60 range=(-12.00,-2.16) mean=-11.90 p50=-12.00 p05=-12.00 p95=-12.00
  [diag] sat-dist hist bins=60 sat<0.05=0.0% mean=0.720 p10=0.564 p90=0.968
Iter 0005200: train nll 0.756, valid error 037.900%, best valid error 037.720%, avg grad norm  33.661, avg grad norm (post clip)   1.053, rho_Whh  1.08, Omega  0.01, alpha  2.000, steps in the past 0.010, valid nll 0.688
  [diag] log10|dL/dh_t| hist bins=60 range=(-12.00,-2.17) mean=-11.90 p50=-12.00 p05=-12.00 p95=-12.00
  [diag] sat-dist hist bins=60 sat<0.05=0.0% mean=0.724 p10=0.566 p90=0.959
Iter 0005220: train nll 0.777, valid error 037.980%, best valid error 037.720%, avg grad norm  43.742, avg grad norm (post clip)   1.053, rho_Whh  1.08, Omega  0.02, alpha  2.000, steps in the past 0.010, valid nll 0.674
  [diag] log10|dL/dh_t| hist bins=60 range=(-12.00,-2.16) mean=-11.90 p50=-12.00 p05=-12.00 p95=-12.00
  [diag] sat-dist hist bins=60 sat<0.05=0.0% mean=0.723 p10=0.558 p90=0.968
Iter 0005240: train nll 0.707, valid error 040.630%, best valid error 037.720%, avg grad norm  24.039, avg grad norm (post clip)   1.053, rho_Whh  1.08, Omega  0.01, alpha  2.000, steps in the past 0.010, valid nll 0.676
  [diag] log10|dL/dh_t| hist bins=60 range=(-12.00,-2.09) mean=-11.90 p50=-12.00 p05=-12.00 p95=-12.00
  [diag] sat-dist hist bins=60 sat<0.05=0.0% mean=0.704 p10=0.575 p90=0.952
Iter 0005260: train nll 0.730, valid error 045.860%, best valid error 037.720%, avg grad norm  43.185, avg grad norm (post clip)   1.053, rho_Whh  1.07, Omega  0.02, alpha  2.000, steps in the past 0.010, valid nll 0.776
  [diag] log10|dL/dh_t| hist bins=60 range=(-12.00,-2.16) mean=-11.90 p50=-12.00 p05=-12.00 p95=-12.00
  [diag] sat-dist hist bins=60 sat<0.05=0.0% mean=0.712 p10=0.558 p90=0.959
Iter 0005280: train nll 0.723, valid error 040.060%, best valid error 037.720%, avg grad norm  36.570, avg grad norm (post clip)   1.053, rho_Whh  1.06, Omega  0.02, alpha  2.000, steps in the past 0.010, valid nll 0.685
  [diag] log10|dL/dh_t| hist bins=60 range=(-12.00,-2.13) mean=-11.90 p50=-12.00 p05=-12.00 p95=-12.00
  [diag] sat-dist hist bins=60 sat<0.05=0.0% mean=0.723 p10=0.582 p90=0.951
Iter 0005300: train nll 0.734, valid error 047.830%, best valid error 037.720%, avg grad norm  43.993, avg grad norm (post clip)   1.053, rho_Whh  1.08, Omega  0.03, alpha  2.000, steps in the past 0.010, valid nll 0.775
  [diag] log10|dL/dh_t| hist bins=60 range=(-12.00,-2.04) mean=-11.90 p50=-12.00 p05=-12.00 p95=-12.00
  [diag] sat-dist hist bins=60 sat<0.05=0.0% mean=0.712 p10=0.556 p90=0.959
Iter 0005320: train nll 0.751, valid error 051.950%, best valid error 037.720%, avg grad norm  23.042, avg grad norm (post clip)   1.053, rho_Whh  1.06, Omega  0.01, alpha  2.000, steps in the past 0.010, valid nll 0.861
  [diag] log10|dL/dh_t| hist bins=60 range=(-12.00,-2.16) mean=-11.90 p50=-12.00 p05=-12.00 p95=-12.00
  [diag] sat-dist hist bins=60 sat<0.05=0.0% mean=0.717 p10=0.569 p90=0.958
Iter 0005340: train nll 0.689, valid error 041.740%, best valid error 037.720%, avg grad norm  23.469, avg grad norm (post clip)   1.053, rho_Whh  1.08, Omega  0.01, alpha  2.000, steps in the past 0.010, valid nll 0.682
  [diag] log10|dL/dh_t| hist bins=60 range=(-12.00,-2.13) mean=-11.90 p50=-12.00 p05=-12.00 p95=-12.00
  [diag] sat-dist hist bins=60 sat<0.05=0.0% mean=0.714 p10=0.574 p90=0.966
Iter 0005360: train nll 0.723, valid error 041.960%, best valid error 037.720%, avg grad norm  38.998, avg grad norm (post clip)   1.053, rho_Whh  1.07, Omega  0.02, alpha  2.000, steps in the past 0.010, valid nll 0.730
  [diag] log10|dL/dh_t| hist bins=60 range=(-12.00,-2.16) mean=-11.90 p50=-12.00 p05=-12.00 p95=-12.00
  [diag] sat-dist hist bins=60 sat<0.05=0.0% mean=0.721 p10=0.571 p90=0.961
Iter 0005380: train nll 0.700, valid error 041.490%, best valid error 037.720%, avg grad norm  29.176, avg grad norm (post clip)   1.053, rho_Whh  1.08, Omega  0.01, alpha  2.000, steps in the past 0.010, valid nll 0.686
  [diag] log10|dL/dh_t| hist bins=60 range=(-12.00,-2.14) mean=-11.90 p50=-12.00 p05=-12.00 p95=-12.00
  [diag] sat-dist hist bins=60 sat<0.05=0.0% mean=0.714 p10=0.552 p90=0.955
Iter 0005400: train nll 0.756, valid error 043.640%, best valid error 037.720%, avg grad norm  27.508, avg grad norm (post clip)   1.053, rho_Whh  1.07, Omega  0.01, alpha  2.000, steps in the past 0.010, valid nll 0.693
  [diag] log10|dL/dh_t| hist bins=60 range=(-12.00,-2.12) mean=-11.90 p50=-12.00 p05=-12.00 p95=-12.00
  [diag] sat-dist hist bins=60 sat<0.05=0.0% mean=0.723 p10=0.566 p90=0.962
Iter 0005420: train nll 0.703, valid error 049.940%, best valid error 037.720%, avg grad norm  42.346, avg grad norm (post clip)   1.053, rho_Whh  1.08, Omega  0.01, alpha  2.000, steps in the past 0.010, valid nll 0.793
  [diag] log10|dL/dh_t| hist bins=60 range=(-12.00,-2.15) mean=-11.90 p50=-12.00 p05=-12.00 p95=-12.00
  [diag] sat-dist hist bins=60 sat<0.05=0.0% mean=0.716 p10=0.563 p90=0.953
Iter 0005440: train nll 0.725, valid error 044.860%, best valid error 037.720%, avg grad norm  49.603, avg grad norm (post clip)   1.053, rho_Whh  1.07, Omega  0.01, alpha  2.000, steps in the past 0.010, valid nll 0.699
  [diag] log10|dL/dh_t| hist bins=60 range=(-12.00,-2.13) mean=-11.90 p50=-12.00 p05=-12.00 p95=-12.00
  [diag] sat-dist hist bins=60 sat<0.05=0.0% mean=0.715 p10=0.552 p90=0.979
Iter 0005460: train nll 0.686, valid error 041.490%, best valid error 037.720%, avg grad norm  24.198, avg grad norm (post clip)   1.053, rho_Whh  1.07, Omega  0.02, alpha  2.000, steps in the past 0.010, valid nll 0.691
  [diag] log10|dL/dh_t| hist bins=60 range=(-12.00,-2.15) mean=-11.90 p50=-12.00 p05=-12.00 p95=-12.00
  [diag] sat-dist hist bins=60 sat<0.05=0.0% mean=0.727 p10=0.577 p90=0.979
Iter 0005480: train nll 0.741, valid error 038.070%, best valid error 037.720%, avg grad norm  54.420, avg grad norm (post clip)   1.053, rho_Whh  1.09, Omega  0.03, alpha  2.000, steps in the past 0.010, valid nll 0.678
  [diag] log10|dL/dh_t| hist bins=60 range=(-12.00,-2.15) mean=-11.90 p50=-12.00 p05=-12.00 p95=-12.00
  [diag] sat-dist hist bins=60 sat<0.05=0.0% mean=0.715 p10=0.561 p90=0.966
Iter 0005500: train nll 0.685, valid error 039.840%, best valid error 037.720%, avg grad norm  21.103, avg grad norm (post clip)   1.053, rho_Whh  1.08, Omega  0.01, alpha  2.000, steps in the past 0.010, valid nll 0.675
  [diag] log10|dL/dh_t| hist bins=60 range=(-12.00,-2.14) mean=-11.90 p50=-12.00 p05=-12.00 p95=-12.00
  [diag] sat-dist hist bins=60 sat<0.05=0.0% mean=0.713 p10=0.553 p90=0.958
Iter 0005520: train nll 0.769, valid error 036.440%, best valid error 037.720%, avg grad norm  40.184, avg grad norm (post clip)   1.053, rho_Whh  1.08, Omega  0.02, alpha  2.000, steps in the past 0.010, valid nll 0.664
  [diag] log10|dL/dh_t| hist bins=60 range=(-12.00,-2.13) mean=-11.90 p50=-12.00 p05=-12.00 p95=-12.00
  [diag] sat-dist hist bins=60 sat<0.05=0.0% mean=0.720 p10=0.560 p90=0.953
Iter 0005540: train nll 0.700, valid error 036.140%, best valid error 036.440%, avg grad norm  36.591, avg grad norm (post clip)   1.053, rho_Whh  1.08, Omega  0.01, alpha  2.000, steps in the past 0.010, valid nll 0.662
  [diag] log10|dL/dh_t| hist bins=60 range=(-12.00,-2.13) mean=-11.90 p50=-12.00 p05=-12.00 p95=-12.00
  [diag] sat-dist hist bins=60 sat<0.05=0.0% mean=0.721 p10=0.560 p90=0.962
Iter 0005560: train nll 0.698, valid error 045.340%, best valid error 036.140%, avg grad norm  29.275, avg grad norm (post clip)   1.053, rho_Whh  1.08, Omega  0.01, alpha  2.000, steps in the past 0.010, valid nll 0.688
  [diag] log10|dL/dh_t| hist bins=60 range=(-12.00,-2.14) mean=-11.90 p50=-12.00 p05=-12.00 p95=-12.00
  [diag] sat-dist hist bins=60 sat<0.05=0.0% mean=0.725 p10=0.583 p90=0.962
Iter 0005580: train nll 0.718, valid error 045.950%, best valid error 036.140%, avg grad norm  49.441, avg grad norm (post clip)   1.053, rho_Whh  1.10, Omega  0.02, alpha  2.000, steps in the past 0.010, valid nll 0.707
  [diag] log10|dL/dh_t| hist bins=60 range=(-12.00,-2.13) mean=-11.90 p50=-12.00 p05=-12.00 p95=-12.00
  [diag] sat-dist hist bins=60 sat<0.05=0.0% mean=0.718 p10=0.562 p90=0.951
Iter 0005600: train nll 0.701, valid error 047.750%, best valid error 036.140%, avg grad norm  41.886, avg grad norm (post clip)   1.053, rho_Whh  1.09, Omega  0.01, alpha  2.000, steps in the past 0.010, valid nll 0.749
  [diag] log10|dL/dh_t| hist bins=60 range=(-12.00,-2.10) mean=-11.90 p50=-12.00 p05=-12.00 p95=-12.00
  [diag] sat-dist hist bins=60 sat<0.05=0.0% mean=0.717 p10=0.581 p90=0.945
Iter 0005620: train nll 0.725, valid error 046.780%, best valid error 036.140%, avg grad norm  40.552, avg grad norm (post clip)   1.053, rho_Whh  1.10, Omega  0.02, alpha  2.000, steps in the past 0.010, valid nll 0.776
  [diag] log10|dL/dh_t| hist bins=60 range=(-12.00,-1.91) mean=-11.90 p50=-12.00 p05=-12.00 p95=-12.00
  [diag] sat-dist hist bins=60 sat<0.05=0.0% mean=0.701 p10=0.570 p90=0.934
Iter 0005640: train nll 0.759, valid error 052.560%, best valid error 036.140%, avg grad norm  66.275, avg grad norm (post clip)   1.053, rho_Whh  1.09, Omega  0.03, alpha  2.000, steps in the past 0.010, valid nll 0.978
  [diag] log10|dL/dh_t| hist bins=60 range=(-12.00,-2.03) mean=-11.90 p50=-12.00 p05=-12.00 p95=-12.00
  [diag] sat-dist hist bins=60 sat<0.05=0.0% mean=0.716 p10=0.567 p90=0.934
Iter 0005660: train nll 0.748, valid error 051.100%, best valid error 036.140%, avg grad norm  64.164, avg grad norm (post clip)   1.053, rho_Whh  1.09, Omega  0.03, alpha  2.000, steps in the past 0.010, valid nll 0.868
  [diag] log10|dL/dh_t| hist bins=60 range=(-12.00,-2.12) mean=-11.90 p50=-12.00 p05=-12.00 p95=-12.00
  [diag] sat-dist hist bins=60 sat<0.05=0.0% mean=0.714 p10=0.568 p90=0.926
Iter 0005680: train nll 0.741, valid error 048.110%, best valid error 036.140%, avg grad norm  55.403, avg grad norm (post clip)   1.053, rho_Whh  1.10, Omega  0.02, alpha  2.000, steps in the past 0.010, valid nll 0.741
  [diag] log10|dL/dh_t| hist bins=60 range=(-12.00,-2.12) mean=-11.90 p50=-12.00 p05=-12.00 p95=-12.00
  [diag] sat-dist hist bins=60 sat<0.05=0.0% mean=0.707 p10=0.553 p90=0.936
Iter 0005700: train nll 0.687, valid error 040.830%, best valid error 036.140%, avg grad norm  27.706, avg grad norm (post clip)   1.053, rho_Whh  1.10, Omega  0.01, alpha  2.000, steps in the past 0.010, valid nll 0.666
  [diag] log10|dL/dh_t| hist bins=60 range=(-12.00,-2.11) mean=-11.90 p50=-12.00 p05=-12.00 p95=-12.00
  [diag] sat-dist hist bins=60 sat<0.05=0.0% mean=0.711 p10=0.551 p90=0.951
Iter 0005720: train nll 0.691, valid error 037.980%, best valid error 036.140%, avg grad norm  39.608, avg grad norm (post clip)   1.053, rho_Whh  1.10, Omega  0.01, alpha  2.000, steps in the past 0.010, valid nll 0.663
  [diag] log10|dL/dh_t| hist bins=60 range=(-12.00,-2.15) mean=-11.90 p50=-12.00 p05=-12.00 p95=-12.00
  [diag] sat-dist hist bins=60 sat<0.05=0.0% mean=0.715 p10=0.565 p90=0.950
Iter 0005740: train nll 0.687, valid error 025.070%, best valid error 036.140%, avg grad norm  27.147, avg grad norm (post clip)   1.053, rho_Whh  1.11, Omega  0.01, alpha  2.000, steps in the past 0.010, valid nll 0.639
  [diag] log10|dL/dh_t| hist bins=60 range=(-12.00,-2.13) mean=-11.90 p50=-12.00 p05=-12.00 p95=-12.00
  [diag] sat-dist hist bins=60 sat<0.05=0.0% mean=0.713 p10=0.567 p90=0.951
Iter 0005760: train nll 0.717, valid error 036.940%, best valid error 025.070%, avg grad norm  51.823, avg grad norm (post clip)   1.053, rho_Whh  1.11, Omega  0.03, alpha  2.000, steps in the past 0.010, valid nll 0.662
  [diag] log10|dL/dh_t| hist bins=60 range=(-12.00,-2.10) mean=-11.90 p50=-12.00 p05=-12.00 p95=-12.00
  [diag] sat-dist hist bins=60 sat<0.05=0.0% mean=0.704 p10=0.547 p90=0.936
Iter 0005780: train nll 0.832, valid error 044.240%, best valid error 025.070%, avg grad norm  99.393, avg grad norm (post clip)   1.053, rho_Whh  1.09, Omega  0.03, alpha  2.000, steps in the past 0.010, valid nll 0.679
  [diag] log10|dL/dh_t| hist bins=60 range=(-12.00,-1.75) mean=-11.90 p50=-12.00 p05=-12.00 p95=-12.00
  [diag] sat-dist hist bins=60 sat<0.05=0.0% mean=0.705 p10=0.569 p90=0.944
Iter 0005800: train nll 0.830, valid error 061.440%, best valid error 025.070%, avg grad norm  67.883, avg grad norm (post clip)   1.053, rho_Whh  1.11, Omega  0.02, alpha  2.000, steps in the past 0.010, valid nll 1.243
  [diag] log10|dL/dh_t| hist bins=60 range=(-12.00,-1.96) mean=-11.90 p50=-12.00 p05=-12.00 p95=-12.00
  [diag] sat-dist hist bins=60 sat<0.05=0.0% mean=0.716 p10=0.579 p90=0.943
Iter 0005820: train nll 0.729, valid error 047.080%, best valid error 025.070%, avg grad norm  76.209, avg grad norm (post clip)   1.053, rho_Whh  1.10, Omega  0.02, alpha  2.000, steps in the past 0.010, valid nll 0.847
  [diag] log10|dL/dh_t| hist bins=60 range=(-12.00,-2.12) mean=-11.90 p50=-12.00 p05=-12.00 p95=-12.00
  [diag] sat-dist hist bins=60 sat<0.05=0.0% mean=0.712 p10=0.563 p90=0.950
Iter 0005840: train nll 0.772, valid error 032.650%, best valid error 025.070%, avg grad norm  75.043, avg grad norm (post clip)   1.053, rho_Whh  1.10, Omega  0.02, alpha  2.000, steps in the past 0.010, valid nll 0.644
  [diag] log10|dL/dh_t| hist bins=60 range=(-12.00,-2.12) mean=-11.90 p50=-12.00 p05=-12.00 p95=-12.00
  [diag] sat-dist hist bins=60 sat<0.05=0.0% mean=0.711 p10=0.556 p90=0.949
Iter 0005860: train nll 0.699, valid error 043.450%, best valid error 025.070%, avg grad norm  37.158, avg grad norm (post clip)   1.053, rho_Whh  1.10, Omega  0.01, alpha  2.000, steps in the past 0.010, valid nll 0.693
  [diag] log10|dL/dh_t| hist bins=60 range=(-12.00,-2.09) mean=-11.90 p50=-12.00 p05=-12.00 p95=-12.00
  [diag] sat-dist hist bins=60 sat<0.05=0.0% mean=0.708 p10=0.547 p90=0.948
Iter 0005880: train nll 0.699, valid error 044.120%, best valid error 025.070%, avg grad norm  43.608, avg grad norm (post clip)   1.053, rho_Whh  1.09, Omega  0.01, alpha  2.000, steps in the past 0.010, valid nll 0.683
  [diag] log10|dL/dh_t| hist bins=60 range=(-12.00,-2.09) mean=-11.90 p50=-12.00 p05=-12.00 p95=-12.00
  [diag] sat-dist hist bins=60 sat<0.05=0.0% mean=0.712 p10=0.553 p90=0.947
Iter 0005900: train nll 0.669, valid error 039.380%, best valid error 025.070%, avg grad norm  20.314, avg grad norm (post clip)   1.053, rho_Whh  1.10, Omega  0.00, alpha  2.000, steps in the past 0.010, valid nll 0.669
  [diag] log10|dL/dh_t| hist bins=60 range=(-12.00,-1.92) mean=-11.90 p50=-12.00 p05=-12.00 p95=-12.00
  [diag] sat-dist hist bins=60 sat<0.05=0.0% mean=0.710 p10=0.585 p90=0.940
Iter 0005920: train nll 0.723, valid error 051.040%, best valid error 025.070%, avg grad norm  39.248, avg grad norm (post clip)   1.053, rho_Whh  1.11, Omega  0.02, alpha  2.000, steps in the past 0.010, valid nll 0.998
  [diag] log10|dL/dh_t| hist bins=60 range=(-12.00,-2.09) mean=-11.90 p50=-12.00 p05=-12.00 p95=-12.00
  [diag] sat-dist hist bins=60 sat<0.05=0.0% mean=0.720 p10=0.567 p90=0.951
Iter 0005940: train nll 0.702, valid error 039.720%, best valid error 025.070%, avg grad norm  57.681, avg grad norm (post clip)   1.053, rho_Whh  1.10, Omega  0.02, alpha  2.000, steps in the past 0.010, valid nll 0.680
  [diag] log10|dL/dh_t| hist bins=60 range=(-12.00,-2.09) mean=-11.90 p50=-12.00 p05=-12.00 p95=-12.00
  [diag] sat-dist hist bins=60 sat<0.05=0.0% mean=0.711 p10=0.549 p90=0.945
Iter 0005960: train nll 0.663, valid error 039.670%, best valid error 025.070%, avg grad norm  26.563, avg grad norm (post clip)   1.053, rho_Whh  1.10, Omega  0.01, alpha  2.000, steps in the past 0.010, valid nll 0.672
  [diag] log10|dL/dh_t| hist bins=60 range=(-12.00,-2.11) mean=-11.90 p50=-12.00 p05=-12.00 p95=-12.00
  [diag] sat-dist hist bins=60 sat<0.05=0.0% mean=0.709 p10=0.554 p90=0.950
Iter 0005980: train nll 0.716, valid error 025.780%, best valid error 025.070%, avg grad norm  44.564, avg grad norm (post clip)   1.053, rho_Whh  1.09, Omega  0.01, alpha  2.000, steps in the past 0.010, valid nll 0.632
  [diag] log10|dL/dh_t| hist bins=60 range=(-12.00,-2.12) mean=-11.90 p50=-12.00 p05=-12.00 p95=-12.00
  [diag] sat-dist hist bins=60 sat<0.05=0.0% mean=0.707 p10=0.550 p90=0.939
Iter 0006000: train nll 0.687, valid error 036.600%, best valid error 025.070%, avg grad norm  44.850, avg grad norm (post clip)   1.053, rho_Whh  1.09, Omega  0.02, alpha  2.000, steps in the past 0.010, valid nll 0.641
  [diag] log10|dL/dh_t| hist bins=60 range=(-12.00,-2.07) mean=-11.90 p50=-12.00 p05=-12.00 p95=-12.00
  [diag] sat-dist hist bins=60 sat<0.05=0.0% mean=0.713 p10=0.569 p90=0.947
Iter 0006020: train nll 0.754, valid error 046.340%, best valid error 025.070%, avg grad norm  66.607, avg grad norm (post clip)   1.053, rho_Whh  1.11, Omega  0.03, alpha  2.000, steps in the past 0.010, valid nll 0.777
  [diag] log10|dL/dh_t| hist bins=60 range=(-12.00,-2.01) mean=-11.90 p50=-12.00 p05=-12.00 p95=-12.00
  [diag] sat-dist hist bins=60 sat<0.05=0.0% mean=0.704 p10=0.551 p90=0.940
Iter 0006040: train nll 0.721, valid error 047.890%, best valid error 025.070%, avg grad norm  43.288, avg grad norm (post clip)   1.053, rho_Whh  1.10, Omega  0.01, alpha  2.000, steps in the past 0.010, valid nll 0.862
  [diag] log10|dL/dh_t| hist bins=60 range=(-12.00,-2.07) mean=-11.90 p50=-12.00 p05=-12.00 p95=-12.00
  [diag] sat-dist hist bins=60 sat<0.05=0.0% mean=0.707 p10=0.548 p90=0.944
Iter 0006060: train nll 0.677, valid error 041.540%, best valid error 025.070%, avg grad norm  36.551, avg grad norm (post clip)   1.053, rho_Whh  1.09, Omega  0.01, alpha  2.000, steps in the past 0.010, valid nll 0.681
  [diag] log10|dL/dh_t| hist bins=60 range=(-12.00,-2.08) mean=-11.90 p50=-12.00 p05=-12.00 p95=-12.00
  [diag] sat-dist hist bins=60 sat<0.05=0.0% mean=0.709 p10=0.544 p90=0.949
Iter 0006080: train nll 0.648, valid error 040.610%, best valid error 025.070%, avg grad norm  24.567, avg grad norm (post clip)   1.053, rho_Whh  1.10, Omega  0.01, alpha  2.000, steps in the past 0.010, valid nll 0.671
  [diag] log10|dL/dh_t| hist bins=60 range=(-12.00,-2.07) mean=-11.90 p50=-12.00 p05=-12.00 p95=-12.00
  [diag] sat-dist hist bins=60 sat<0.05=0.0% mean=0.711 p10=0.551 p90=0.944
Iter 0006100: train nll 0.687, valid error 040.880%, best valid error 025.070%, avg grad norm  38.263, avg grad norm (post clip)   1.053, rho_Whh  1.10, Omega  0.01, alpha  2.000, steps in the past 0.010, valid nll 0.677
  [diag] log10|dL/dh_t| hist bins=60 range=(-12.00,-2.07) mean=-11.90 p50=-12.00 p05=-12.00 p95=-12.00
  [diag] sat-dist hist bins=60 sat<0.05=0.0% mean=0.709 p10=0.548 p90=0.944
Iter 0006120: train nll 0.684, valid error 042.460%, best valid error 025.070%, avg grad norm  21.719, avg grad norm (post clip)   1.053, rho_Whh  1.10, Omega  0.00, alpha  2.000, steps in the past 0.010, valid nll 0.679
  [diag] log10|dL/dh_t| hist bins=60 range=(-12.00,-2.11) mean=-11.90 p50=-12.00 p05=-12.00 p95=-12.00
  [diag] sat-dist hist bins=60 sat<0.05=0.0% mean=0.710 p10=0.559 p90=0.931
Iter 0006140: train nll 0.725, valid error 031.080%, best valid error 025.070%, avg grad norm  79.386, avg grad norm (post clip)   1.053, rho_Whh  1.10, Omega  0.04, alpha  2.000, steps in the past 0.010, valid nll 0.622
  [diag] log10|dL/dh_t| hist bins=60 range=(-12.00,-2.09) mean=-11.90 p50=-12.00 p05=-12.00 p95=-12.00
  [diag] sat-dist hist bins=60 sat<0.05=0.0% mean=0.705 p10=0.561 p90=0.913
Iter 0006160: train nll 0.704, valid error 036.730%, best valid error 025.070%, avg grad norm  61.316, avg grad norm (post clip)   1.053, rho_Whh  1.10, Omega  0.02, alpha  2.000, steps in the past 0.010, valid nll 0.630
  [diag] log10|dL/dh_t| hist bins=60 range=(-12.00,-2.00) mean=-11.90 p50=-12.00 p05=-12.00 p95=-12.00
  [diag] sat-dist hist bins=60 sat<0.05=0.0% mean=0.709 p10=0.569 p90=0.916
Iter 0006180: train nll 0.788, valid error 049.220%, best valid error 025.070%, avg grad norm  79.876, avg grad norm (post clip)   1.053, rho_Whh  1.11, Omega  0.03, alpha  2.000, steps in the past 0.010, valid nll 0.842
  [diag] log10|dL/dh_t| hist bins=60 range=(-12.00,-2.11) mean=-11.90 p50=-12.00 p05=-12.00 p95=-12.00
  [diag] sat-dist hist bins=60 sat<0.05=0.0% mean=0.715 p10=0.581 p90=0.918
Iter 0006200: train nll 0.719, valid error 035.260%, best valid error 025.070%, avg grad norm  48.748, avg grad norm (post clip)   1.053, rho_Whh  1.11, Omega  0.02, alpha  2.000, steps in the past 0.010, valid nll 0.656
  [diag] log10|dL/dh_t| hist bins=60 range=(-12.00,-2.11) mean=-11.90 p50=-12.00 p05=-12.00 p95=-12.00
  [diag] sat-dist hist bins=60 sat<0.05=0.0% mean=0.713 p10=0.571 p90=0.925
Iter 0006220: train nll 0.676, valid error 037.430%, best valid error 025.070%, avg grad norm  31.688, avg grad norm (post clip)   1.053, rho_Whh  1.11, Omega  0.01, alpha  2.000, steps in the past 0.010, valid nll 0.650
  [diag] log10|dL/dh_t| hist bins=60 range=(-12.00,-2.08) mean=-11.90 p50=-12.00 p05=-12.00 p95=-12.00
  [diag] sat-dist hist bins=60 sat<0.05=0.0% mean=0.693 p10=0.559 p90=0.919
Iter 0006240: train nll 0.737, valid error 034.520%, best valid error 025.070%, avg grad norm  67.805, avg grad norm (post clip)   1.053, rho_Whh  1.10, Omega  0.03, alpha  2.000, steps in the past 0.010, valid nll 0.647
  [diag] log10|dL/dh_t| hist bins=60 range=(-12.00,-2.05) mean=-11.90 p50=-12.00 p05=-12.00 p95=-12.00
  [diag] sat-dist hist bins=60 sat<0.05=0.0% mean=0.705 p10=0.558 p90=0.922
Iter 0006260: train nll 0.723, valid error 043.810%, best valid error 025.070%, avg grad norm  59.597, avg grad norm (post clip)   1.053, rho_Whh  1.10, Omega  0.03, alpha  2.000, steps in the past 0.010, valid nll 0.718
  [diag] log10|dL/dh_t| hist bins=60 range=(-12.00,-2.06) mean=-11.90 p50=-12.00 p05=-12.00 p95=-12.00
  [diag] sat-dist hist bins=60 sat<0.05=0.0% mean=0.706 p10=0.557 p90=0.918
Iter 0006280: train nll 0.723, valid error 040.630%, best valid error 025.070%, avg grad norm  68.025, avg grad norm (post clip)   1.053, rho_Whh  1.11, Omega  0.03, alpha  2.000, steps in the past 0.010, valid nll 0.667
  [diag] log10|dL/dh_t| hist bins=60 range=(-12.00,-2.06) mean=-11.90 p50=-12.00 p05=-12.00 p95=-12.00
  [diag] sat-dist hist bins=60 sat<0.05=0.0% mean=0.705 p10=0.559 p90=0.920
Iter 0006300: train nll 0.681, valid error 041.530%, best valid error 025.070%, avg grad norm  49.280, avg grad norm (post clip)   1.053, rho_Whh  1.11, Omega  0.02, alpha  2.000, steps in the past 0.010, valid nll 0.670
  [diag] log10|dL/dh_t| hist bins=60 range=(-12.00,-2.06) mean=-11.90 p50=-12.00 p05=-12.00 p95=-12.00
  [diag] sat-dist hist bins=60 sat<0.05=0.0% mean=0.704 p10=0.552 p90=0.923
Iter 0006320: train nll 0.657, valid error 042.020%, best valid error 025.070%, avg grad norm  31.443, avg grad norm (post clip)   1.053, rho_Whh  1.11, Omega  0.01, alpha  2.000, steps in the past 0.010, valid nll 0.684
  [diag] log10|dL/dh_t| hist bins=60 range=(-12.00,-2.07) mean=-11.90 p50=-12.00 p05=-12.00 p95=-12.00
  [diag] sat-dist hist bins=60 sat<0.05=0.0% mean=0.716 p10=0.561 p90=0.931
Iter 0006340: train nll 0.683, valid error 041.280%, best valid error 025.070%, avg grad norm  33.818, avg grad norm (post clip)   1.053, rho_Whh  1.11, Omega  0.01, alpha  2.000, steps in the past 0.010, valid nll 0.650
  [diag] log10|dL/dh_t| hist bins=60 range=(-12.00,-2.10) mean=-11.90 p50=-12.00 p05=-12.00 p95=-12.00
  [diag] sat-dist hist bins=60 sat<0.05=0.0% mean=0.704 p10=0.558 p90=0.916
Iter 0006360: train nll 0.754, valid error 016.640%, best valid error 025.070%, avg grad norm  54.864, avg grad norm (post clip)   1.053, rho_Whh  1.10, Omega  0.02, alpha  2.000, steps in the past 0.010, valid nll 0.599
  [diag] log10|dL/dh_t| hist bins=60 range=(-12.00,-2.04) mean=-11.90 p50=-12.00 p05=-12.00 p95=-12.00
  [diag] sat-dist hist bins=60 sat<0.05=0.0% mean=0.702 p10=0.561 p90=0.916
Iter 0006380: train nll 0.687, valid error 045.700%, best valid error 016.640%, avg grad norm  38.249, avg grad norm (post clip)   1.053, rho_Whh  1.11, Omega  0.01, alpha  2.000, steps in the past 0.010, valid nll 0.787
  [diag] log10|dL/dh_t| hist bins=60 range=(-12.00,-2.06) mean=-11.90 p50=-12.00 p05=-12.00 p95=-12.00
  [diag] sat-dist hist bins=60 sat<0.05=0.0% mean=0.704 p10=0.552 p90=0.912
Iter 0006400: train nll 0.689, valid error 043.550%, best valid error 016.640%, avg grad norm  40.938, avg grad norm (post clip)   1.053, rho_Whh  1.10, Omega  0.01, alpha  2.000, steps in the past 0.010, valid nll 0.668
  [diag] log10|dL/dh_t| hist bins=60 range=(-12.00,-2.09) mean=-11.90 p50=-12.00 p05=-12.00 p95=-12.00
  [diag] sat-dist hist bins=60 sat<0.05=0.0% mean=0.709 p10=0.559 p90=0.917
Iter 0006420: train nll 0.656, valid error 042.990%, best valid error 016.640%, avg grad norm  34.361, avg grad norm (post clip)   1.053, rho_Whh  1.11, Omega  0.01, alpha  2.000, steps in the past 0.010, valid nll 0.679
  [diag] log10|dL/dh_t| hist bins=60 range=(-12.00,-2.04) mean=-11.90 p50=-12.00 p05=-12.00 p95=-12.00
  [diag] sat-dist hist bins=60 sat<0.05=0.0% mean=0.711 p10=0.564 p90=0.924
Iter 0006440: train nll 0.654, valid error 041.250%, best valid error 016.640%, avg grad norm  38.020, avg grad norm (post clip)   1.053, rho_Whh  1.10, Omega  0.01, alpha  2.000, steps in the past 0.010, valid nll 0.698
  [diag] log10|dL/dh_t| hist bins=60 range=(-12.00,-2.06) mean=-11.90 p50=-12.00 p05=-12.00 p95=-12.00
  [diag] sat-dist hist bins=60 sat<0.05=0.0% mean=0.705 p10=0.549 p90=0.933
Iter 0006460: train nll 0.676, valid error 039.030%, best valid error 016.640%, avg grad norm  47.475, avg grad norm (post clip)   1.053, rho_Whh  1.10, Omega  0.01, alpha  2.000, steps in the past 0.010, valid nll 0.654
  [diag] log10|dL/dh_t| hist bins=60 range=(-12.00,-2.05) mean=-11.90 p50=-12.00 p05=-12.00 p95=-12.00
  [diag] sat-dist hist bins=60 sat<0.05=0.0% mean=0.688 p10=0.545 p90=0.918
Iter 0006480: train nll 0.917, valid error 042.640%, best valid error 016.640%, avg grad norm 134.864, avg grad norm (post clip)   1.053, rho_Whh  1.09, Omega  0.04, alpha  2.000, steps in the past 0.010, valid nll 0.684
  [diag] log10|dL/dh_t| hist bins=60 range=(-12.00,-2.07) mean=-11.90 p50=-12.00 p05=-12.00 p95=-12.00
  [diag] sat-dist hist bins=60 sat<0.05=0.0% mean=0.703 p10=0.555 p90=0.912
Iter 0006500: train nll 0.700, valid error 042.610%, best valid error 016.640%, avg grad norm  39.826, avg grad norm (post clip)   1.053, rho_Whh  1.11, Omega  0.01, alpha  2.000, steps in the past 0.010, valid nll 0.653
  [diag] log10|dL/dh_t| hist bins=60 range=(-12.00,-2.07) mean=-11.90 p50=-12.00 p05=-12.00 p95=-12.00
  [diag] sat-dist hist bins=60 sat<0.05=0.0% mean=0.689 p10=0.556 p90=0.913
Iter 0006520: train nll 0.693, valid error 039.630%, best valid error 016.640%, avg grad norm  53.650, avg grad norm (post clip)   1.053, rho_Whh  1.11, Omega  0.02, alpha  2.000, steps in the past 0.010, valid nll 0.685
  [diag] log10|dL/dh_t| hist bins=60 range=(-12.00,-2.10) mean=-11.90 p50=-12.00 p05=-12.00 p95=-12.00
  [diag] sat-dist hist bins=60 sat<0.05=0.0% mean=0.710 p10=0.564 p90=0.922
Iter 0006540: train nll 0.660, valid error 043.420%, best valid error 016.640%, avg grad norm  28.794, avg grad norm (post clip)   1.053, rho_Whh  1.12, Omega  0.00, alpha  2.000, steps in the past 0.010, valid nll 0.648
  [diag] log10|dL/dh_t| hist bins=60 range=(-12.00,-1.99) mean=-11.90 p50=-12.00 p05=-12.00 p95=-12.00
  [diag] sat-dist hist bins=60 sat<0.05=0.0% mean=0.700 p10=0.576 p90=0.925
Iter 0006560: train nll 0.713, valid error 046.560%, best valid error 016.640%, avg grad norm  39.134, avg grad norm (post clip)   1.053, rho_Whh  1.11, Omega  0.01, alpha  2.000, steps in the past 0.010, valid nll 0.853
  [diag] log10|dL/dh_t| hist bins=60 range=(-12.00,-2.09) mean=-11.90 p50=-12.00 p05=-12.00 p95=-12.00
  [diag] sat-dist hist bins=60 sat<0.05=0.0% mean=0.707 p10=0.554 p90=0.927
Iter 0006580: train nll 0.706, valid error 026.360%, best valid error 016.640%, avg grad norm  45.800, avg grad norm (post clip)   1.053, rho_Whh  1.11, Omega  0.01, alpha  2.000, steps in the past 0.010, valid nll 0.606
  [diag] log10|dL/dh_t| hist bins=60 range=(-12.00,-1.95) mean=-11.90 p50=-12.00 p05=-12.00 p95=-12.00
  [diag] sat-dist hist bins=60 sat<0.05=0.0% mean=0.715 p10=0.571 p90=0.926
Iter 0006600: train nll 0.669, valid error 050.700%, best valid error 016.640%, avg grad norm  56.278, avg grad norm (post clip)   1.053, rho_Whh  1.12, Omega  0.02, alpha  2.000, steps in the past 0.010, valid nll 0.887
  [diag] log10|dL/dh_t| hist bins=60 range=(-12.00,-2.05) mean=-11.90 p50=-12.00 p05=-12.00 p95=-12.00
  [diag] sat-dist hist bins=60 sat<0.05=0.0% mean=0.696 p10=0.564 p90=0.915
Iter 0006620: train nll 0.745, valid error 030.610%, best valid error 016.640%, avg grad norm  70.832, avg grad norm (post clip)   1.053, rho_Whh  1.10, Omega  0.03, alpha  2.000, steps in the past 0.010, valid nll 0.630
  [diag] log10|dL/dh_t| hist bins=60 range=(-12.00,-2.04) mean=-11.90 p50=-12.00 p05=-12.00 p95=-12.00
  [diag] sat-dist hist bins=60 sat<0.05=0.0% mean=0.706 p10=0.557 p90=0.916
Iter 0006640: train nll 0.676, valid error 043.520%, best valid error 016.640%, avg grad norm  54.729, avg grad norm (post clip)   1.053, rho_Whh  1.10, Omega  0.02, alpha  2.000, steps in the past 0.010, valid nll 0.677
  [diag] log10|dL/dh_t| hist bins=60 range=(-12.00,-2.04) mean=-11.90 p50=-12.00 p05=-12.00 p95=-12.00
  [diag] sat-dist hist bins=60 sat<0.05=0.0% mean=0.708 p10=0.560 p90=0.918
Iter 0006660: train nll 0.660, valid error 043.280%, best valid error 016.640%, avg grad norm  41.669, avg grad norm (post clip)   1.053, rho_Whh  1.11, Omega  0.01, alpha  2.000, steps in the past 0.010, valid nll 0.672
  [diag] log10|dL/dh_t| hist bins=60 range=(-12.00,-2.09) mean=-11.90 p50=-12.00 p05=-12.00 p95=-12.00
  [diag] sat-dist hist bins=60 sat<0.05=0.0% mean=0.705 p10=0.554 p90=0.921
Iter 0006680: train nll 0.767, valid error 032.210%, best valid error 016.640%, avg grad norm  90.644, avg grad norm (post clip)   1.053, rho_Whh  1.10, Omega  0.02, alpha  2.000, steps in the past 0.010, valid nll 0.610
  [diag] log10|dL/dh_t| hist bins=60 range=(-12.00,-2.09) mean=-11.90 p50=-12.00 p05=-12.00 p95=-12.00
  [diag] sat-dist hist bins=60 sat<0.05=0.0% mean=0.711 p10=0.561 p90=0.922
Iter 0006700: train nll 0.666, valid error 026.010%, best valid error 016.640%, avg grad norm  31.952, avg grad norm (post clip)   1.053, rho_Whh  1.11, Omega  0.01, alpha  2.000, steps in the past 0.010, valid nll 0.599
  [diag] log10|dL/dh_t| hist bins=60 range=(-12.00,-2.04) mean=-11.90 p50=-12.00 p05=-12.00 p95=-12.00
  [diag] sat-dist hist bins=60 sat<0.05=0.0% mean=0.702 p10=0.549 p90=0.917
Iter 0006720: train nll 0.701, valid error 046.410%, best valid error 016.640%, avg grad norm  57.296, avg grad norm (post clip)   1.053, rho_Whh  1.11, Omega  0.02, alpha  2.000, steps in the past 0.010, valid nll 0.746
  [diag] log10|dL/dh_t| hist bins=60 range=(-12.00,-2.09) mean=-11.90 p50=-12.00 p05=-12.00 p95=-12.00
  [diag] sat-dist hist bins=60 sat<0.05=0.0% mean=0.706 p10=0.553 p90=0.925
Iter 0006740: train nll 0.679, valid error 024.360%, best valid error 016.640%, avg grad norm  42.078, avg grad norm (post clip)   1.053, rho_Whh  1.11, Omega  0.01, alpha  2.000, steps in the past 0.010, valid nll 0.594
  [diag] log10|dL/dh_t| hist bins=60 range=(-12.00,-2.03) mean=-11.90 p50=-12.00 p05=-12.00 p95=-12.00
  [diag] sat-dist hist bins=60 sat<0.05=0.0% mean=0.699 p10=0.547 p90=0.913
Iter 0006760: train nll 0.691, valid error 043.590%, best valid error 016.640%, avg grad norm  60.766, avg grad norm (post clip)   1.053, rho_Whh  1.10, Omega  0.02, alpha  2.000, steps in the past 0.010, valid nll 0.683
  [diag] log10|dL/dh_t| hist bins=60 range=(-12.00,-2.01) mean=-11.90 p50=-12.00 p05=-12.00 p95=-12.00
  [diag] sat-dist hist bins=60 sat<0.05=0.0% mean=0.699 p10=0.562 p90=0.925
Iter 0006780: train nll 0.652, valid error 045.430%, best valid error 016.640%, avg grad norm  37.707, avg grad norm (post clip)   1.053, rho_Whh  1.11, Omega  0.01, alpha  2.000, steps in the past 0.010, valid nll 0.801
  [diag] log10|dL/dh_t| hist bins=60 range=(-12.00,-2.03) mean=-11.90 p50=-12.00 p05=-12.00 p95=-12.00
  [diag] sat-dist hist bins=60 sat<0.05=0.0% mean=0.708 p10=0.555 p90=0.929
Iter 0006800: train nll 0.688, valid error 046.520%, best valid error 016.640%, avg grad norm  54.521, avg grad norm (post clip)   1.053, rho_Whh  1.10, Omega  0.02, alpha  2.000, steps in the past 0.010, valid nll 0.691
  [diag] log10|dL/dh_t| hist bins=60 range=(-12.00,-2.05) mean=-11.90 p50=-12.00 p05=-12.00 p95=-12.00
  [diag] sat-dist hist bins=60 sat<0.05=0.0% mean=0.704 p10=0.549 p90=0.930
Iter 0006820: train nll 0.666, valid error 041.910%, best valid error 016.640%, avg grad norm  35.312, avg grad norm (post clip)   1.053, rho_Whh  1.10, Omega  0.01, alpha  2.000, steps in the past 0.010, valid nll 0.657
  [diag] log10|dL/dh_t| hist bins=60 range=(-12.00,-2.05) mean=-11.90 p50=-12.00 p05=-12.00 p95=-12.00
  [diag] sat-dist hist bins=60 sat<0.05=0.0% mean=0.700 p10=0.545 p90=0.921
Iter 0006840: train nll 0.665, valid error 038.470%, best valid error 016.640%, avg grad norm  44.005, avg grad norm (post clip)   1.053, rho_Whh  1.11, Omega  0.01, alpha  2.000, steps in the past 0.010, valid nll 0.628
  [diag] log10|dL/dh_t| hist bins=60 range=(-12.00,-2.02) mean=-11.90 p50=-12.00 p05=-12.00 p95=-12.00
  [diag] sat-dist hist bins=60 sat<0.05=0.0% mean=0.706 p10=0.554 p90=0.922
Iter 0006860: train nll 0.673, valid error 040.290%, best valid error 016.640%, avg grad norm  37.830, avg grad norm (post clip)   1.053, rho_Whh  1.11, Omega  0.00, alpha  2.000, steps in the past 0.010, valid nll 0.674
  [diag] log10|dL/dh_t| hist bins=60 range=(-12.00,-1.96) mean=-11.90 p50=-12.00 p05=-12.00 p95=-12.00
  [diag] sat-dist hist bins=60 sat<0.05=0.0% mean=0.713 p10=0.570 p90=0.932
Iter 0006880: train nll 0.665, valid error 046.290%, best valid error 016.640%, avg grad norm  41.509, avg grad norm (post clip)   1.053, rho_Whh  1.11, Omega  0.01, alpha  2.000, steps in the past 0.010, valid nll 0.826
  [diag] log10|dL/dh_t| hist bins=60 range=(-12.00,-2.08) mean=-11.90 p50=-12.00 p05=-12.00 p95=-12.00
  [diag] sat-dist hist bins=60 sat<0.05=0.0% mean=0.711 p10=0.557 p90=0.925
Iter 0006900: train nll 0.683, valid error 039.980%, best valid error 016.640%, avg grad norm  47.571, avg grad norm (post clip)   1.053, rho_Whh  1.11, Omega  0.01, alpha  2.000, steps in the past 0.010, valid nll 0.663
  [diag] log10|dL/dh_t| hist bins=60 range=(-12.00,-2.08) mean=-11.90 p50=-12.00 p05=-12.00 p95=-12.00
  [diag] sat-dist hist bins=60 sat<0.05=0.0% mean=0.710 p10=0.558 p90=0.922
Iter 0006920: train nll 0.653, valid error 041.700%, best valid error 016.640%, avg grad norm  32.946, avg grad norm (post clip)   1.053, rho_Whh  1.11, Omega  0.01, alpha  2.000, steps in the past 0.010, valid nll 0.658
  [diag] log10|dL/dh_t| hist bins=60 range=(-12.00,-2.08) mean=-11.90 p50=-12.00 p05=-12.00 p95=-12.00
  [diag] sat-dist hist bins=60 sat<0.05=0.0% mean=0.716 p10=0.573 p90=0.924
Iter 0006940: train nll 0.660, valid error 039.940%, best valid error 016.640%, avg grad norm  30.034, avg grad norm (post clip)   1.053, rho_Whh  1.12, Omega  0.00, alpha  2.000, steps in the past 0.010, valid nll 0.663
  [diag] log10|dL/dh_t| hist bins=60 range=(-12.00,-2.06) mean=-11.90 p50=-12.00 p05=-12.00 p95=-12.00
  [diag] sat-dist hist bins=60 sat<0.05=0.0% mean=0.702 p10=0.549 p90=0.914
Iter 0006960: train nll 0.667, valid error 020.390%, best valid error 016.640%, avg grad norm  38.215, avg grad norm (post clip)   1.053, rho_Whh  1.11, Omega  0.01, alpha  2.000, steps in the past 0.010, valid nll 0.601
  [diag] log10|dL/dh_t| hist bins=60 range=(-12.00,-2.04) mean=-11.90 p50=-12.00 p05=-12.00 p95=-12.00
  [diag] sat-dist hist bins=60 sat<0.05=0.0% mean=0.701 p10=0.554 p90=0.902
Iter 0006980: train nll 0.660, valid error 041.870%, best valid error 016.640%, avg grad norm  42.373, avg grad norm (post clip)   1.053, rho_Whh  1.11, Omega  0.01, alpha  2.000, steps in the past 0.010, valid nll 0.638
  [diag] log10|dL/dh_t| hist bins=60 range=(-12.00,-2.03) mean=-11.90 p50=-12.00 p05=-12.00 p95=-12.00
  [diag] sat-dist hist bins=60 sat<0.05=0.0% mean=0.704 p10=0.555 p90=0.907
Iter 0007000: train nll 0.642, valid error 042.070%, best valid error 016.640%, avg grad norm  35.786, avg grad norm (post clip)   1.053, rho_Whh  1.10, Omega  0.01, alpha  2.000, steps in the past 0.010, valid nll 0.663
  [diag] log10|dL/dh_t| hist bins=60 range=(-12.00,-2.03) mean=-11.90 p50=-12.00 p05=-12.00 p95=-12.00
  [diag] sat-dist hist bins=60 sat<0.05=0.0% mean=0.707 p10=0.555 p90=0.906
Iter 0007020: train nll 0.668, valid error 039.570%, best valid error 016.640%, avg grad norm  50.393, avg grad norm (post clip)   1.053, rho_Whh  1.11, Omega  0.01, alpha  2.000, steps in the past 0.010, valid nll 0.646
  [diag] log10|dL/dh_t| hist bins=60 range=(-12.00,-2.04) mean=-11.90 p50=-12.00 p05=-12.00 p95=-12.00
  [diag] sat-dist hist bins=60 sat<0.05=0.0% mean=0.694 p10=0.558 p90=0.893
Iter 0007040: train nll 0.680, valid error 033.210%, best valid error 016.640%, avg grad norm  50.996, avg grad norm (post clip)   1.053, rho_Whh  1.11, Omega  0.01, alpha  2.000, steps in the past 0.010, valid nll 0.633
  [diag] log10|dL/dh_t| hist bins=60 range=(-12.00,-1.92) mean=-11.90 p50=-12.00 p05=-12.00 p95=-12.00
  [diag] sat-dist hist bins=60 sat<0.05=0.0% mean=0.703 p10=0.577 p90=0.897
Iter 0007060: train nll 0.777, valid error 052.110%, best valid error 016.640%, avg grad norm  80.818, avg grad norm (post clip)   1.053, rho_Whh  1.11, Omega  0.04, alpha  2.000, steps in the past 0.010, valid nll 0.929
  [diag] log10|dL/dh_t| hist bins=60 range=(-12.00,-2.05) mean=-11.90 p50=-12.00 p05=-12.00 p95=-12.00
  [diag] sat-dist hist bins=60 sat<0.05=0.0% mean=0.703 p10=0.563 p90=0.899
Iter 0007080: train nll 0.691, valid error 045.260%, best valid error 016.640%, avg grad norm  68.425, avg grad norm (post clip)   1.053, rho_Whh  1.11, Omega  0.01, alpha  2.000, steps in the past 0.010, valid nll 0.681
  [diag] log10|dL/dh_t| hist bins=60 range=(-12.00,-2.08) mean=-11.90 p50=-12.00 p05=-12.00 p95=-12.00
  [diag] sat-dist hist bins=60 sat<0.05=0.0% mean=0.705 p10=0.564 p90=0.902
Iter 0007100: train nll 0.646, valid error 037.400%, best valid error 016.640%, avg grad norm  40.708, avg grad norm (post clip)   1.053, rho_Whh  1.11, Omega  0.01, alpha  2.000, steps in the past 0.010, valid nll 0.606
  [diag] log10|dL/dh_t| hist bins=60 range=(-12.00,-2.08) mean=-11.90 p50=-12.00 p05=-12.00 p95=-12.00
  [diag] sat-dist hist bins=60 sat<0.05=0.0% mean=0.705 p10=0.556 p90=0.904
Iter 0007120: train nll 0.656, valid error 037.960%, best valid error 016.640%, avg grad norm  41.881, avg grad norm (post clip)   1.053, rho_Whh  1.11, Omega  0.01, alpha  2.000, steps in the past 0.010, valid nll 0.625
  [diag] log10|dL/dh_t| hist bins=60 range=(-12.00,-2.05) mean=-11.90 p50=-12.00 p05=-12.00 p95=-12.00
  [diag] sat-dist hist bins=60 sat<0.05=0.0% mean=0.704 p10=0.559 p90=0.903
Iter 0007140: train nll 0.654, valid error 026.270%, best valid error 016.640%, avg grad norm  53.851, avg grad norm (post clip)   1.053, rho_Whh  1.11, Omega  0.02, alpha  2.000, steps in the past 0.010, valid nll 0.590
  [diag] log10|dL/dh_t| hist bins=60 range=(-12.00,-2.04) mean=-11.90 p50=-12.00 p05=-12.00 p95=-12.00
  [diag] sat-dist hist bins=60 sat<0.05=0.0% mean=0.700 p10=0.557 p90=0.896
Iter 0007160: train nll 0.682, valid error 045.180%, best valid error 016.640%, avg grad norm  52.645, avg grad norm (post clip)   1.053, rho_Whh  1.11, Omega  0.02, alpha  2.000, steps in the past 0.010, valid nll 0.687
  [diag] log10|dL/dh_t| hist bins=60 range=(-12.00,-2.03) mean=-11.90 p50=-12.00 p05=-12.00 p95=-12.00
  [diag] sat-dist hist bins=60 sat<0.05=0.0% mean=0.688 p10=0.545 p90=0.906
Iter 0007180: train nll 0.670, valid error 030.880%, best valid error 016.640%, avg grad norm  50.594, avg grad norm (post clip)   1.053, rho_Whh  1.10, Omega  0.01, alpha  2.000, steps in the past 0.010, valid nll 0.630
  [diag] log10|dL/dh_t| hist bins=60 range=(-12.00,-2.02) mean=-11.90 p50=-12.00 p05=-12.00 p95=-12.00
  [diag] sat-dist hist bins=60 sat<0.05=0.0% mean=0.691 p10=0.552 p90=0.902
Iter 0007200: train nll 0.700, valid error 044.490%, best valid error 016.640%, avg grad norm  56.611, avg grad norm (post clip)   1.053, rho_Whh  1.10, Omega  0.01, alpha  2.000, steps in the past 0.010, valid nll 0.676
  [diag] log10|dL/dh_t| hist bins=60 range=(-12.00,-2.02) mean=-11.90 p50=-12.00 p05=-12.00 p95=-12.00
  [diag] sat-dist hist bins=60 sat<0.05=0.0% mean=0.704 p10=0.559 p90=0.906
Iter 0007220: train nll 0.675, valid error 043.410%, best valid error 016.640%, avg grad norm  41.127, avg grad norm (post clip)   1.053, rho_Whh  1.10, Omega  0.01, alpha  2.000, steps in the past 0.010, valid nll 0.662
  [diag] log10|dL/dh_t| hist bins=60 range=(-12.00,-2.02) mean=-11.90 p50=-12.00 p05=-12.00 p95=-12.00
  [diag] sat-dist hist bins=60 sat<0.05=0.0% mean=0.709 p10=0.560 p90=0.911
Iter 0007240: train nll 0.657, valid error 039.070%, best valid error 016.640%, avg grad norm  39.590, avg grad norm (post clip)   1.053, rho_Whh  1.11, Omega  0.01, alpha  2.000, steps in the past 0.010, valid nll 0.646
  [diag] log10|dL/dh_t| hist bins=60 range=(-12.00,-2.03) mean=-11.90 p50=-12.00 p05=-12.00 p95=-12.00
  [diag] sat-dist hist bins=60 sat<0.05=0.0% mean=0.688 p10=0.553 p90=0.909
Iter 0007260: train nll 0.692, valid error 031.510%, best valid error 016.640%, avg grad norm  68.734, avg grad norm (post clip)   1.053, rho_Whh  1.11, Omega  0.02, alpha  2.000, steps in the past 0.010, valid nll 0.618
  [diag] log10|dL/dh_t| hist bins=60 range=(-12.00,-2.05) mean=-11.90 p50=-12.00 p05=-12.00 p95=-12.00
  [diag] sat-dist hist bins=60 sat<0.05=0.0% mean=0.703 p10=0.561 p90=0.899
Iter 0007280: train nll 0.704, valid error 019.380%, best valid error 016.640%, avg grad norm  56.947, avg grad norm (post clip)   1.053, rho_Whh  1.11, Omega  0.01, alpha  2.000, steps in the past 0.010, valid nll 0.582
  [diag] log10|dL/dh_t| hist bins=60 range=(-12.00,-1.99) mean=-11.90 p50=-12.00 p05=-12.00 p95=-12.00
  [diag] sat-dist hist bins=60 sat<0.05=0.0% mean=0.711 p10=0.567 p90=0.896
Iter 0007300: train nll 0.654, valid error 039.940%, best valid error 016.640%, avg grad norm  59.444, avg grad norm (post clip)   1.053, rho_Whh  1.11, Omega  0.01, alpha  2.000, steps in the past 0.010, valid nll 0.662
  [diag] log10|dL/dh_t| hist bins=60 range=(-12.00,-1.96) mean=-11.90 p50=-12.00 p05=-12.00 p95=-12.00
  [diag] sat-dist hist bins=60 sat<0.05=0.0% mean=0.704 p10=0.597 p90=0.909
Iter 0007320: train nll 0.700, valid error 039.510%, best valid error 016.640%, avg grad norm  60.093, avg grad norm (post clip)   1.053, rho_Whh  1.13, Omega  0.02, alpha  2.000, steps in the past 0.010, valid nll 0.872
  [diag] log10|dL/dh_t| hist bins=60 range=(-12.00,-2.08) mean=-11.90 p50=-12.00 p05=-12.00 p95=-12.00
  [diag] sat-dist hist bins=60 sat<0.05=0.0% mean=0.703 p10=0.557 p90=0.896
Iter 0007340: train nll 0.678, valid error 026.760%, best valid error 016.640%, avg grad norm  68.280, avg grad norm (post clip)   1.053, rho_Whh  1.12, Omega  0.01, alpha  2.000, steps in the past 0.010, valid nll 0.584
  [diag] log10|dL/dh_t| hist bins=60 range=(-12.00,-2.08) mean=-11.90 p50=-12.00 p05=-12.00 p95=-12.00
  [diag] sat-dist hist bins=60 sat<0.05=0.0% mean=0.708 p10=0.561 p90=0.899
Iter 0007360: train nll 0.629, valid error 036.950%, best valid error 016.640%, avg grad norm  37.646, avg grad norm (post clip)   1.053, rho_Whh  1.12, Omega  0.01, alpha  2.000, steps in the past 0.010, valid nll 0.621
  [diag] log10|dL/dh_t| hist bins=60 range=(-12.00,-2.00) mean=-11.90 p50=-12.00 p05=-12.00 p95=-12.00
  [diag] sat-dist hist bins=60 sat<0.05=0.0% mean=0.704 p10=0.554 p90=0.914
Iter 0007380: train nll 0.718, valid error 044.800%, best valid error 016.640%, avg grad norm  64.987, avg grad norm (post clip)   1.053, rho_Whh  1.11, Omega  0.01, alpha  2.000, steps in the past 0.010, valid nll 0.685
  [diag] log10|dL/dh_t| hist bins=60 range=(-12.00,-2.01) mean=-11.90 p50=-12.00 p05=-12.00 p95=-12.00
  [diag] sat-dist hist bins=60 sat<0.05=0.0% mean=0.707 p10=0.561 p90=0.905
Iter 0007400: train nll 0.630, valid error 045.410%, best valid error 016.640%, avg grad norm  35.922, avg grad norm (post clip)   1.053, rho_Whh  1.11, Omega  0.01, alpha  2.000, steps in the past 0.010, valid nll 0.679
  [diag] log10|dL/dh_t| hist bins=60 range=(-12.00,-2.07) mean=-11.90 p50=-12.00 p05=-12.00 p95=-12.00
  [diag] sat-dist hist bins=60 sat<0.05=0.0% mean=0.707 p10=0.556 p90=0.908
Iter 0007420: train nll 0.653, valid error 038.960%, best valid error 016.640%, avg grad norm  41.800, avg grad norm (post clip)   1.053, rho_Whh  1.11, Omega  0.01, alpha  2.000, steps in the past 0.010, valid nll 0.607
  [diag] log10|dL/dh_t| hist bins=60 range=(-12.00,-1.99) mean=-11.90 p50=-12.00 p05=-12.00 p95=-12.00
  [diag] sat-dist hist bins=60 sat<0.05=0.0% mean=0.689 p10=0.563 p90=0.895
Iter 0007440: train nll 0.752, valid error 041.370%, best valid error 016.640%, avg grad norm  80.046, avg grad norm (post clip)   1.053, rho_Whh  1.11, Omega  0.03, alpha  2.000, steps in the past 0.010, valid nll 0.756
  [diag] log10|dL/dh_t| hist bins=60 range=(-12.00,-2.06) mean=-11.90 p50=-12.00 p05=-12.00 p95=-12.00
  [diag] sat-dist hist bins=60 sat<0.05=0.0% mean=0.701 p10=0.551 p90=0.907
Iter 0007460: train nll 0.663, valid error 038.890%, best valid error 016.640%, avg grad norm  64.895, avg grad norm (post clip)   1.053, rho_Whh  1.11, Omega  0.02, alpha  2.000, steps in the past 0.010, valid nll 0.620
  [diag] log10|dL/dh_t| hist bins=60 range=(-12.00,-2.08) mean=-11.90 p50=-12.00 p05=-12.00 p95=-12.00
  [diag] sat-dist hist bins=60 sat<0.05=0.0% mean=0.708 p10=0.562 p90=0.915
Iter 0007480: train nll 0.664, valid error 018.430%, best valid error 016.640%, avg grad norm  46.246, avg grad norm (post clip)   1.053, rho_Whh  1.11, Omega  0.01, alpha  2.000, steps in the past 0.010, valid nll 0.555
  [diag] log10|dL/dh_t| hist bins=60 range=(-12.00,-2.00) mean=-11.90 p50=-12.00 p05=-12.00 p95=-12.00
  [diag] sat-dist hist bins=60 sat<0.05=0.0% mean=0.705 p10=0.556 p90=0.912
Iter 0007500: train nll 0.672, valid error 041.110%, best valid error 016.640%, avg grad norm  60.715, avg grad norm (post clip)   1.053, rho_Whh  1.11, Omega  0.01, alpha  2.000, steps in the past 0.010, valid nll 0.652
  [diag] log10|dL/dh_t| hist bins=60 range=(-12.00,-2.01) mean=-11.90 p50=-12.00 p05=-12.00 p95=-12.00
  [diag] sat-dist hist bins=60 sat<0.05=0.0% mean=0.706 p10=0.554 p90=0.916
Iter 0007520: train nll 0.621, valid error 038.460%, best valid error 016.640%, avg grad norm  33.769, avg grad norm (post clip)   1.053, rho_Whh  1.11, Omega  0.00, alpha  2.000, steps in the past 0.010, valid nll 0.627
  [diag] log10|dL/dh_t| hist bins=60 range=(-12.00,-1.98) mean=-11.90 p50=-12.00 p05=-12.00 p95=-12.00
  [diag] sat-dist hist bins=60 sat<0.05=0.0% mean=0.701 p10=0.549 p90=0.917
Iter 0007540: train nll 0.658, valid error 047.920%, best valid error 016.640%, avg grad norm  45.458, avg grad norm (post clip)   1.053, rho_Whh  1.11, Omega  0.01, alpha  2.000, steps in the past 0.010, valid nll 0.739
  [diag] log10|dL/dh_t| hist bins=60 range=(-12.00,-2.01) mean=-11.90 p50=-12.00 p05=-12.00 p95=-12.00
  [diag] sat-dist hist bins=60 sat<0.05=0.0% mean=0.703 p10=0.560 p90=0.907
Iter 0007560: train nll 0.686, valid error 046.690%, best valid error 016.640%, avg grad norm  69.631, avg grad norm (post clip)   1.053, rho_Whh  1.12, Omega  0.03, alpha  2.000, steps in the past 0.010, valid nll 0.721
  [diag] log10|dL/dh_t| hist bins=60 range=(-12.00,-2.00) mean=-11.90 p50=-12.00 p05=-12.00 p95=-12.00
  [diag] sat-dist hist bins=60 sat<0.05=0.0% mean=0.706 p10=0.559 p90=0.914
Iter 0007580: train nll 0.673, valid error 040.550%, best valid error 016.640%, avg grad norm  68.561, avg grad norm (post clip)   1.053, rho_Whh  1.11, Omega  0.01, alpha  2.000, steps in the past 0.010, valid nll 0.648
  [diag] log10|dL/dh_t| hist bins=60 range=(-12.00,-1.90) mean=-11.90 p50=-12.00 p05=-12.00 p95=-12.00
  [diag] sat-dist hist bins=60 sat<0.05=0.0% mean=0.703 p10=0.554 p90=0.917
Iter 0007600: train nll 0.688, valid error 051.900%, best valid error 016.640%, avg grad norm  67.330, avg grad norm (post clip)   1.053, rho_Whh  1.11, Omega  0.01, alpha  2.000, steps in the past 0.010, valid nll 0.873
  [diag] log10|dL/dh_t| hist bins=60 range=(-12.00,-2.05) mean=-11.90 p50=-12.00 p05=-12.00 p95=-12.00
  [diag] sat-dist hist bins=60 sat<0.05=0.0% mean=0.700 p10=0.553 p90=0.914
Iter 0007620: train nll 0.683, valid error 039.940%, best valid error 016.640%, avg grad norm  56.978, avg grad norm (post clip)   1.053, rho_Whh  1.12, Omega  0.02, alpha  2.000, steps in the past 0.010, valid nll 0.627
  [diag] log10|dL/dh_t| hist bins=60 range=(-12.00,-2.00) mean=-11.90 p50=-12.00 p05=-12.00 p95=-12.00
  [diag] sat-dist hist bins=60 sat<0.05=0.0% mean=0.707 p10=0.561 p90=0.915
Iter 0007640: train nll 0.641, valid error 041.390%, best valid error 016.640%, avg grad norm  42.365, avg grad norm (post clip)   1.053, rho_Whh  1.11, Omega  0.00, alpha  2.000, steps in the past 0.010, valid nll 0.655
  [diag] log10|dL/dh_t| hist bins=60 range=(-12.00,-1.96) mean=-11.90 p50=-12.00 p05=-12.00 p95=-12.00
  [diag] sat-dist hist bins=60 sat<0.05=0.0% mean=0.703 p10=0.549 p90=0.922
Iter 0007660: train nll 0.696, valid error 049.620%, best valid error 016.640%, avg grad norm  71.505, avg grad norm (post clip)   1.053, rho_Whh  1.12, Omega  0.02, alpha  2.000, steps in the past 0.010, valid nll 0.845
  [diag] log10|dL/dh_t| hist bins=60 range=(-12.00,-2.01) mean=-11.90 p50=-12.00 p05=-12.00 p95=-12.00
  [diag] sat-dist hist bins=60 sat<0.05=0.0% mean=0.701 p10=0.551 p90=0.915
Iter 0007680: train nll 0.754, valid error 041.430%, best valid error 016.640%, avg grad norm  72.730, avg grad norm (post clip)   1.053, rho_Whh  1.11, Omega  0.02, alpha  2.000, steps in the past 0.010, valid nll 0.636
  [diag] log10|dL/dh_t| hist bins=60 range=(-12.00,-1.57) mean=-11.90 p50=-12.00 p05=-12.00 p95=-12.00
  [diag] sat-dist hist bins=60 sat<0.05=0.0% mean=0.699 p10=0.596 p90=0.900
Iter 0007700: train nll 0.697, valid error 067.390%, best valid error 016.640%, avg grad norm 137.835, avg grad norm (post clip)   1.053, rho_Whh  1.13, Omega  0.02, alpha  2.000, steps in the past 0.010, valid nll 2.340
  [diag] log10|dL/dh_t| hist bins=60 range=(-12.00,-1.99) mean=-11.90 p50=-12.00 p05=-12.00 p95=-12.00
  [diag] sat-dist hist bins=60 sat<0.05=0.0% mean=0.688 p10=0.540 p90=0.915
Iter 0007720: train nll 0.949, valid error 046.810%, best valid error 016.640%, avg grad norm  89.561, avg grad norm (post clip)   1.053, rho_Whh  1.11, Omega  0.04, alpha  2.000, steps in the past 0.010, valid nll 0.698
  [diag] log10|dL/dh_t| hist bins=60 range=(-12.00,-1.99) mean=-11.90 p50=-12.00 p05=-12.00 p95=-12.00
  [diag] sat-dist hist bins=60 sat<0.05=0.0% mean=0.707 p10=0.557 p90=0.918
Iter 0007740: train nll 0.644, valid error 041.530%, best valid error 016.640%, avg grad norm  39.088, avg grad norm (post clip)   1.053, rho_Whh  1.11, Omega  0.01, alpha  2.000, steps in the past 0.010, valid nll 0.665
  [diag] log10|dL/dh_t| hist bins=60 range=(-12.00,-2.01) mean=-11.90 p50=-12.00 p05=-12.00 p95=-12.00
  [diag] sat-dist hist bins=60 sat<0.05=0.0% mean=0.696 p10=0.547 p90=0.909
Iter 0007760: train nll 0.646, valid error 040.720%, best valid error 016.640%, avg grad norm  44.929, avg grad norm (post clip)   1.053, rho_Whh  1.11, Omega  0.01, alpha  2.000, steps in the past 0.010, valid nll 0.626
  [diag] log10|dL/dh_t| hist bins=60 range=(-12.00,-2.00) mean=-11.90 p50=-12.00 p05=-12.00 p95=-12.00
  [diag] sat-dist hist bins=60 sat<0.05=0.0% mean=0.700 p10=0.553 p90=0.909
Iter 0007780: train nll 0.639, valid error 044.130%, best valid error 016.640%, avg grad norm  42.304, avg grad norm (post clip)   1.053, rho_Whh  1.11, Omega  0.01, alpha  2.000, steps in the past 0.010, valid nll 0.646
  [diag] log10|dL/dh_t| hist bins=60 range=(-12.00,-1.91) mean=-11.90 p50=-12.00 p05=-12.00 p95=-12.00
  [diag] sat-dist hist bins=60 sat<0.05=0.0% mean=0.712 p10=0.588 p90=0.902
Iter 0007800: train nll 0.621, valid error 053.100%, best valid error 016.640%, avg grad norm  35.800, avg grad norm (post clip)   1.053, rho_Whh  1.12, Omega  0.00, alpha  2.000, steps in the past 0.010, valid nll 1.230
  [diag] log10|dL/dh_t| hist bins=60 range=(-12.00,-2.07) mean=-11.90 p50=-12.00 p05=-12.00 p95=-12.00
  [diag] sat-dist hist bins=60 sat<0.05=0.0% mean=0.712 p10=0.570 p90=0.914
Iter 0007820: train nll 0.713, valid error 023.920%, best valid error 016.640%, avg grad norm  69.626, avg grad norm (post clip)   1.053, rho_Whh  1.12, Omega  0.02, alpha  2.000, steps in the past 0.010, valid nll 0.561
  [diag] log10|dL/dh_t| hist bins=60 range=(-12.00,-2.01) mean=-11.90 p50=-12.00 p05=-12.00 p95=-12.00
  [diag] sat-dist hist bins=60 sat<0.05=0.0% mean=0.696 p10=0.557 p90=0.896
Iter 0007840: train nll 0.759, valid error 040.180%, best valid error 016.640%, avg grad norm 107.067, avg grad norm (post clip)   1.053, rho_Whh  1.11, Omega  0.04, alpha  2.000, steps in the past 0.010, valid nll 0.626
  [diag] log10|dL/dh_t| hist bins=60 range=(-12.00,-1.99) mean=-11.90 p50=-12.00 p05=-12.00 p95=-12.00
  [diag] sat-dist hist bins=60 sat<0.05=0.0% mean=0.704 p10=0.560 p90=0.901
Iter 0007860: train nll 0.677, valid error 041.000%, best valid error 016.640%, avg grad norm  47.995, avg grad norm (post clip)   1.053, rho_Whh  1.11, Omega  0.01, alpha  2.000, steps in the past 0.010, valid nll 0.645
  [diag] log10|dL/dh_t| hist bins=60 range=(-12.00,-2.00) mean=-11.90 p50=-12.00 p05=-12.00 p95=-12.00
  [diag] sat-dist hist bins=60 sat<0.05=0.0% mean=0.707 p10=0.559 p90=0.901
Iter 0007880: train nll 0.653, valid error 037.720%, best valid error 016.640%, avg grad norm  50.884, avg grad norm (post clip)   1.053, rho_Whh  1.11, Omega  0.01, alpha  2.000, steps in the past 0.010, valid nll 0.617
  [diag] log10|dL/dh_t| hist bins=60 range=(-12.00,-1.99) mean=-11.90 p50=-12.00 p05=-12.00 p95=-12.00
  [diag] sat-dist hist bins=60 sat<0.05=0.0% mean=0.710 p10=0.566 p90=0.897
Iter 0007900: train nll 0.666, valid error 042.950%, best valid error 016.640%, avg grad norm  65.194, avg grad norm (post clip)   1.053, rho_Whh  1.11, Omega  0.01, alpha  2.000, steps in the past 0.010, valid nll 0.652
  [diag] log10|dL/dh_t| hist bins=60 range=(-12.00,-1.97) mean=-11.90 p50=-12.00 p05=-12.00 p95=-12.00
  [diag] sat-dist hist bins=60 sat<0.05=0.0% mean=0.683 p10=0.560 p90=0.890
Iter 0007920: train nll 0.693, valid error 040.920%, best valid error 016.640%, avg grad norm  81.324, avg grad norm (post clip)   1.053, rho_Whh  1.11, Omega  0.03, alpha  2.000, steps in the past 0.010, valid nll 0.709
  [diag] log10|dL/dh_t| hist bins=60 range=(-12.00,-1.98) mean=-11.90 p50=-12.00 p05=-12.00 p95=-12.00
  [diag] sat-dist hist bins=60 sat<0.05=0.0% mean=0.702 p10=0.557 p90=0.899
Iter 0007940: train nll 0.658, valid error 041.080%, best valid error 016.640%, avg grad norm  47.034, avg grad norm (post clip)   1.053, rho_Whh  1.11, Omega  0.01, alpha  2.000, steps in the past 0.010, valid nll 0.651
  [diag] log10|dL/dh_t| hist bins=60 range=(-12.00,-2.02) mean=-11.90 p50=-12.00 p05=-12.00 p95=-12.00
  [diag] sat-dist hist bins=60 sat<0.05=0.0% mean=0.693 p10=0.553 p90=0.906
Iter 0007960: train nll 0.623, valid error 040.400%, best valid error 016.640%, avg grad norm  36.684, avg grad norm (post clip)   1.053, rho_Whh  1.11, Omega  0.01, alpha  2.000, steps in the past 0.010, valid nll 0.692
  [diag] log10|dL/dh_t| hist bins=60 range=(-12.00,-2.05) mean=-11.90 p50=-12.00 p05=-12.00 p95=-12.00
  [diag] sat-dist hist bins=60 sat<0.05=0.0% mean=0.709 p10=0.561 p90=0.907
Iter 0007980: train nll 0.642, valid error 038.550%, best valid error 016.640%, avg grad norm  44.397, avg grad norm (post clip)   1.053, rho_Whh  1.12, Omega  0.01, alpha  2.000, steps in the past 0.010, valid nll 0.616
  [diag] log10|dL/dh_t| hist bins=60 range=(-12.00,-2.06) mean=-11.90 p50=-12.00 p05=-12.00 p95=-12.00
  [diag] sat-dist hist bins=60 sat<0.05=0.0% mean=0.709 p10=0.568 p90=0.911
Iter 0008000: train nll 0.638, valid error 034.620%, best valid error 016.640%, avg grad norm  40.123, avg grad norm (post clip)   1.053, rho_Whh  1.12, Omega  0.00, alpha  2.000, steps in the past 0.010, valid nll 0.579
  [diag] log10|dL/dh_t| hist bins=60 range=(-12.00,-2.05) mean=-11.90 p50=-12.00 p05=-12.00 p95=-12.00
  [diag] sat-dist hist bins=60 sat<0.05=0.0% mean=0.711 p10=0.566 p90=0.908
Iter 0008020: train nll 0.637, valid error 038.920%, best valid error 016.640%, avg grad norm  67.634, avg grad norm (post clip)   1.053, rho_Whh  1.12, Omega  0.02, alpha  2.000, steps in the past 0.010, valid nll 0.620
  [diag] log10|dL/dh_t| hist bins=60 range=(-12.00,-2.05) mean=-11.90 p50=-12.00 p05=-12.00 p95=-12.00
  [diag] sat-dist hist bins=60 sat<0.05=0.0% mean=0.708 p10=0.566 p90=0.903
Iter 0008040: train nll 0.628, valid error 028.440%, best valid error 016.640%, avg grad norm  41.868, avg grad norm (post clip)   1.053, rho_Whh  1.12, Omega  0.01, alpha  2.000, steps in the past 0.010, valid nll 0.593
  [diag] log10|dL/dh_t| hist bins=60 range=(-12.00,-2.02) mean=-11.90 p50=-12.00 p05=-12.00 p95=-12.00
  [diag] sat-dist hist bins=60 sat<0.05=0.0% mean=0.693 p10=0.556 p90=0.903
Iter 0008060: train nll 0.696, valid error 027.020%, best valid error 016.640%, avg grad norm  87.095, avg grad norm (post clip)   1.053, rho_Whh  1.11, Omega  0.03, alpha  2.000, steps in the past 0.010, valid nll 0.593
  [diag] log10|dL/dh_t| hist bins=60 range=(-12.00,-2.01) mean=-11.90 p50=-12.00 p05=-12.00 p95=-12.00
  [diag] sat-dist hist bins=60 sat<0.05=0.0% mean=0.701 p10=0.555 p90=0.903
Iter 0008080: train nll 0.661, valid error 044.310%, best valid error 016.640%, avg grad norm  60.864, avg grad norm (post clip)   1.053, rho_Whh  1.11, Omega  0.01, alpha  2.000, steps in the past 0.010, valid nll 0.700
  [diag] log10|dL/dh_t| hist bins=60 range=(-12.00,-2.05) mean=-11.90 p50=-12.00 p05=-12.00 p95=-12.00
  [diag] sat-dist hist bins=60 sat<0.05=0.0% mean=0.707 p10=0.560 p90=0.910
Iter 0008100: train nll 0.618, valid error 036.530%, best valid error 016.640%, avg grad norm  43.724, avg grad norm (post clip)   1.053, rho_Whh  1.12, Omega  0.01, alpha  2.000, steps in the past 0.010, valid nll 0.594
  [diag] log10|dL/dh_t| hist bins=60 range=(-12.00,-1.87) mean=-11.90 p50=-12.00 p05=-12.00 p95=-12.00
  [diag] sat-dist hist bins=60 sat<0.05=0.0% mean=0.708 p10=0.568 p90=0.908
Iter 0008120: train nll 0.643, valid error 052.080%, best valid error 016.640%, avg grad norm  58.731, avg grad norm (post clip)   1.053, rho_Whh  1.12, Omega  0.02, alpha  2.000, steps in the past 0.010, valid nll 0.940
  [diag] log10|dL/dh_t| hist bins=60 range=(-12.00,-1.99) mean=-11.90 p50=-12.00 p05=-12.00 p95=-12.00
  [diag] sat-dist hist bins=60 sat<0.05=0.0% mean=0.712 p10=0.566 p90=0.914
Iter 0008140: train nll 0.632, valid error 044.580%, best valid error 016.640%, avg grad norm  67.715, avg grad norm (post clip)   1.053, rho_Whh  1.11, Omega  0.01, alpha  2.000, steps in the past 0.010, valid nll 0.654
  [diag] log10|dL/dh_t| hist bins=60 range=(-12.00,-2.01) mean=-11.90 p50=-12.00 p05=-12.00 p95=-12.00
  [diag] sat-dist hist bins=60 sat<0.05=0.0% mean=0.693 p10=0.553 p90=0.903
Iter 0008160: train nll 0.630, valid error 019.900%, best valid error 016.640%, avg grad norm  55.693, avg grad norm (post clip)   1.053, rho_Whh  1.11, Omega  0.02, alpha  2.000, steps in the past 0.010, valid nll 0.580
  [diag] log10|dL/dh_t| hist bins=60 range=(-12.00,-2.00) mean=-11.90 p50=-12.00 p05=-12.00 p95=-12.00
  [diag] sat-dist hist bins=60 sat<0.05=0.0% mean=0.702 p10=0.564 p90=0.895
Iter 0008180: train nll 0.693, valid error 045.560%, best valid error 016.640%, avg grad norm  61.230, avg grad norm (post clip)   1.053, rho_Whh  1.12, Omega  0.02, alpha  2.000, steps in the past 0.010, valid nll 0.721
  [diag] log10|dL/dh_t| hist bins=60 range=(-12.00,-2.03) mean=-11.90 p50=-12.00 p05=-12.00 p95=-12.00
  [diag] sat-dist hist bins=60 sat<0.05=0.0% mean=0.703 p10=0.567 p90=0.887
Iter 0008200: train nll 0.631, valid error 040.700%, best valid error 016.640%, avg grad norm  57.832, avg grad norm (post clip)   1.053, rho_Whh  1.12, Omega  0.01, alpha  2.000, steps in the past 0.010, valid nll 0.632
  [diag] log10|dL/dh_t| hist bins=60 range=(-12.00,-1.94) mean=-11.90 p50=-12.00 p05=-12.00 p95=-12.00
  [diag] sat-dist hist bins=60 sat<0.05=0.0% mean=0.711 p10=0.580 p90=0.878
Iter 0008220: train nll 0.631, valid error 029.650%, best valid error 016.640%, avg grad norm  70.261, avg grad norm (post clip)   1.053, rho_Whh  1.12, Omega  0.02, alpha  2.000, steps in the past 0.010, valid nll 0.598
  [diag] log10|dL/dh_t| hist bins=60 range=(-12.00,-2.03) mean=-11.90 p50=-12.00 p05=-12.00 p95=-12.00
  [diag] sat-dist hist bins=60 sat<0.05=0.0% mean=0.707 p10=0.568 p90=0.889
Iter 0008240: train nll 0.613, valid error 016.800%, best valid error 016.640%, avg grad norm  53.579, avg grad norm (post clip)   1.053, rho_Whh  1.12, Omega  0.01, alpha  2.000, steps in the past 0.010, valid nll 0.550
  [diag] log10|dL/dh_t| hist bins=60 range=(-12.00,-2.05) mean=-11.90 p50=-12.00 p05=-12.00 p95=-12.00
  [diag] sat-dist hist bins=60 sat<0.05=0.0% mean=0.700 p10=0.554 p90=0.888
Iter 0008260: train nll 0.684, valid error 032.130%, best valid error 016.640%, avg grad norm  63.734, avg grad norm (post clip)   1.053, rho_Whh  1.12, Omega  0.01, alpha  2.000, steps in the past 0.010, valid nll 0.570
  [diag] log10|dL/dh_t| hist bins=60 range=(-12.00,-2.04) mean=-11.90 p50=-12.00 p05=-12.00 p95=-12.00
  [diag] sat-dist hist bins=60 sat<0.05=0.0% mean=0.701 p10=0.561 p90=0.892
Iter 0008280: train nll 0.703, valid error 005.560%, best valid error 016.640%, avg grad norm  72.463, avg grad norm (post clip)   1.053, rho_Whh  1.12, Omega  0.01, alpha  2.000, steps in the past 0.010, valid nll 0.532
  [diag] log10|dL/dh_t| hist bins=60 range=(-12.00,-1.92) mean=-11.90 p50=-12.00 p05=-12.00 p95=-12.00
  [diag] sat-dist hist bins=60 sat<0.05=0.0% mean=0.705 p10=0.569 p90=0.887
Iter 0008300: train nll 0.642, valid error 038.880%, best valid error 005.560%, avg grad norm  53.514, avg grad norm (post clip)   1.053, rho_Whh  1.12, Omega  0.01, alpha  2.000, steps in the past 0.010, valid nll 0.665
  [diag] log10|dL/dh_t| hist bins=60 range=(-12.00,-1.96) mean=-11.90 p50=-12.00 p05=-12.00 p95=-12.00
  [diag] sat-dist hist bins=60 sat<0.05=0.0% mean=0.705 p10=0.566 p90=0.893
Iter 0008320: train nll 0.596, valid error 043.150%, best valid error 005.560%, avg grad norm  50.625, avg grad norm (post clip)   1.053, rho_Whh  1.12, Omega  0.01, alpha  2.000, steps in the past 0.010, valid nll 0.658
  [diag] log10|dL/dh_t| hist bins=60 range=(-12.00,-2.00) mean=-11.90 p50=-12.00 p05=-12.00 p95=-12.00
  [diag] sat-dist hist bins=60 sat<0.05=0.0% mean=0.701 p10=0.556 p90=0.900
Iter 0008340: train nll 0.626, valid error 038.840%, best valid error 005.560%, avg grad norm  51.235, avg grad norm (post clip)   1.053, rho_Whh  1.12, Omega  0.01, alpha  2.000, steps in the past 0.010, valid nll 0.612
  [diag] log10|dL/dh_t| hist bins=60 range=(-12.00,-1.94) mean=-11.90 p50=-12.00 p05=-12.00 p95=-12.00
  [diag] sat-dist hist bins=60 sat<0.05=0.0% mean=0.706 p10=0.571 p90=0.897
Iter 0008360: train nll 0.653, valid error 045.680%, best valid error 005.560%, avg grad norm  75.423, avg grad norm (post clip)   1.053, rho_Whh  1.12, Omega  0.01, alpha  2.000, steps in the past 0.010, valid nll 1.013
  [diag] log10|dL/dh_t| hist bins=60 range=(-12.00,-1.98) mean=-11.90 p50=-12.00 p05=-12.00 p95=-12.00
  [diag] sat-dist hist bins=60 sat<0.05=0.0% mean=0.703 p10=0.559 p90=0.897
Iter 0008380: train nll 0.695, valid error 040.560%, best valid error 005.560%, avg grad norm  63.242, avg grad norm (post clip)   1.053, rho_Whh  1.12, Omega  0.02, alpha  2.000, steps in the past 0.010, valid nll 0.629
  [diag] log10|dL/dh_t| hist bins=60 range=(-12.00,-1.96) mean=-11.90 p50=-12.00 p05=-12.00 p95=-12.00
  [diag] sat-dist hist bins=60 sat<0.05=0.0% mean=0.704 p10=0.560 p90=0.891
Iter 0008400: train nll 0.652, valid error 038.850%, best valid error 005.560%, avg grad norm  53.007, avg grad norm (post clip)   1.053, rho_Whh  1.12, Omega  0.01, alpha  2.000, steps in the past 0.010, valid nll 0.637
  [diag] log10|dL/dh_t| hist bins=60 range=(-12.00,-2.00) mean=-11.90 p50=-12.00 p05=-12.00 p95=-12.00
  [diag] sat-dist hist bins=60 sat<0.05=0.0% mean=0.713 p10=0.574 p90=0.895
Iter 0008420: train nll 0.597, valid error 027.330%, best valid error 005.560%, avg grad norm  38.159, avg grad norm (post clip)   1.053, rho_Whh  1.12, Omega  0.01, alpha  2.000, steps in the past 0.010, valid nll 0.574
  [diag] log10|dL/dh_t| hist bins=60 range=(-12.00,-2.00) mean=-11.90 p50=-12.00 p05=-12.00 p95=-12.00
  [diag] sat-dist hist bins=60 sat<0.05=0.0% mean=0.698 p10=0.550 p90=0.909
Iter 0008440: train nll 0.785, valid error 025.820%, best valid error 005.560%, avg grad norm 188.010, avg grad norm (post clip)   1.053, rho_Whh  1.11, Omega  0.03, alpha  2.000, steps in the past 0.010, valid nll 0.573
  [diag] log10|dL/dh_t| hist bins=60 range=(-12.00,-1.98) mean=-11.90 p50=-12.00 p05=-12.00 p95=-12.00
  [diag] sat-dist hist bins=60 sat<0.05=0.0% mean=0.702 p10=0.555 p90=0.910
Iter 0008460: train nll 0.629, valid error 041.420%, best valid error 005.560%, avg grad norm  48.743, avg grad norm (post clip)   1.053, rho_Whh  1.11, Omega  0.01, alpha  2.000, steps in the past 0.010, valid nll 0.626
  [diag] log10|dL/dh_t| hist bins=60 range=(-12.00,-1.86) mean=-11.90 p50=-12.00 p05=-12.00 p95=-12.00
  [diag] sat-dist hist bins=60 sat<0.05=0.0% mean=0.703 p10=0.561 p90=0.906
Iter 0008480: train nll 0.663, valid error 052.120%, best valid error 005.560%, avg grad norm  68.888, avg grad norm (post clip)   1.053, rho_Whh  1.13, Omega  0.03, alpha  2.000, steps in the past 0.010, valid nll 0.929
  [diag] log10|dL/dh_t| hist bins=60 range=(-12.00,-1.64) mean=-11.90 p50=-12.00 p05=-12.00 p95=-12.00
  [diag] sat-dist hist bins=60 sat<0.05=0.0% mean=0.714 p10=0.605 p90=0.904
Iter 0008500: train nll 0.669, valid error 071.610%, best valid error 005.560%, avg grad norm  83.309, avg grad norm (post clip)   1.053, rho_Whh  1.12, Omega  0.02, alpha  2.000, steps in the past 0.010, valid nll 1.560
  [diag] log10|dL/dh_t| hist bins=60 range=(-12.00,-1.89) mean=-11.90 p50=-12.00 p05=-12.00 p95=-12.00
  [diag] sat-dist hist bins=60 sat<0.05=0.0% mean=0.699 p10=0.564 p90=0.898
Iter 0008520: train nll 0.734, valid error 044.240%, best valid error 005.560%, avg grad norm 126.834, avg grad norm (post clip)   1.053, rho_Whh  1.11, Omega  0.06, alpha  2.000, steps in the past 0.010, valid nll 0.742
  [diag] log10|dL/dh_t| hist bins=60 range=(-12.00,-1.95) mean=-11.90 p50=-12.00 p05=-12.00 p95=-12.00
  [diag] sat-dist hist bins=60 sat<0.05=0.0% mean=0.700 p10=0.561 p90=0.906
Iter 0008540: train nll 0.618, valid error 041.620%, best valid error 005.560%, avg grad norm  67.123, avg grad norm (post clip)   1.053, rho_Whh  1.12, Omega  0.01, alpha  2.000, steps in the past 0.010, valid nll 0.649
  [diag] log10|dL/dh_t| hist bins=60 range=(-12.00,-1.96) mean=-11.90 p50=-12.00 p05=-12.00 p95=-12.00
  [diag] sat-dist hist bins=60 sat<0.05=0.0% mean=0.704 p10=0.563 p90=0.905
Iter 0008560: train nll 0.663, valid error 038.850%, best valid error 005.560%, avg grad norm  61.768, avg grad norm (post clip)   1.053, rho_Whh  1.12, Omega  0.01, alpha  2.000, steps in the past 0.010, valid nll 0.626
  [diag] log10|dL/dh_t| hist bins=60 range=(-12.00,-1.98) mean=-11.90 p50=-12.00 p05=-12.00 p95=-12.00
  [diag] sat-dist hist bins=60 sat<0.05=0.0% mean=0.703 p10=0.557 p90=0.912
Iter 0008580: train nll 0.597, valid error 040.550%, best valid error 005.560%, avg grad norm  53.515, avg grad norm (post clip)   1.053, rho_Whh  1.12, Omega  0.01, alpha  2.000, steps in the past 0.010, valid nll 0.620
  [diag] log10|dL/dh_t| hist bins=60 range=(-12.00,-1.95) mean=-11.90 p50=-12.00 p05=-12.00 p95=-12.00
  [diag] sat-dist hist bins=60 sat<0.05=0.0% mean=0.707 p10=0.562 p90=0.908
Iter 0008600: train nll 0.601, valid error 038.520%, best valid error 005.560%, avg grad norm  45.655, avg grad norm (post clip)   1.053, rho_Whh  1.12, Omega  0.01, alpha  2.000, steps in the past 0.010, valid nll 0.637
  [diag] log10|dL/dh_t| hist bins=60 range=(-12.00,-1.96) mean=-11.90 p50=-12.00 p05=-12.00 p95=-12.00
  [diag] sat-dist hist bins=60 sat<0.05=0.0% mean=0.706 p10=0.558 p90=0.912
Iter 0008620: train nll 0.596, valid error 043.620%, best valid error 005.560%, avg grad norm  46.064, avg grad norm (post clip)   1.053, rho_Whh  1.12, Omega  0.01, alpha  2.000, steps in the past 0.010, valid nll 0.649
  [diag] log10|dL/dh_t| hist bins=60 range=(-12.00,-2.05) mean=-11.90 p50=-12.00 p05=-12.00 p95=-12.00
  [diag] sat-dist hist bins=60 sat<0.05=0.0% mean=0.706 p10=0.563 p90=0.903
Iter 0008640: train nll 0.616, valid error 021.520%, best valid error 005.560%, avg grad norm  53.251, avg grad norm (post clip)   1.053, rho_Whh  1.12, Omega  0.01, alpha  2.000, steps in the past 0.010, valid nll 0.532
  [diag] log10|dL/dh_t| hist bins=60 range=(-12.00,-2.04) mean=-11.90 p50=-12.00 p05=-12.00 p95=-12.00
  [diag] sat-dist hist bins=60 sat<0.05=0.0% mean=0.704 p10=0.558 p90=0.897
Iter 0008660: train nll 0.627, valid error 030.240%, best valid error 005.560%, avg grad norm  43.967, avg grad norm (post clip)   1.053, rho_Whh  1.12, Omega  0.01, alpha  2.000, steps in the past 0.010, valid nll 0.560
  [diag] log10|dL/dh_t| hist bins=60 range=(-12.00,-2.04) mean=-11.90 p50=-12.00 p05=-12.00 p95=-12.00
  [diag] sat-dist hist bins=60 sat<0.05=0.0% mean=0.708 p10=0.565 p90=0.904
Iter 0008680: train nll 0.612, valid error 026.700%, best valid error 005.560%, avg grad norm  41.689, avg grad norm (post clip)   1.053, rho_Whh  1.12, Omega  0.00, alpha  2.000, steps in the past 0.010, valid nll 0.550
  [diag] log10|dL/dh_t| hist bins=60 range=(-12.00,-2.04) mean=-11.90 p50=-12.00 p05=-12.00 p95=-12.00
  [diag] sat-dist hist bins=60 sat<0.05=0.0% mean=0.705 p10=0.559 p90=0.906
Iter 0008700: train nll 0.578, valid error 025.760%, best valid error 005.560%, avg grad norm  38.550, avg grad norm (post clip)   1.053, rho_Whh  1.13, Omega  0.01, alpha  2.000, steps in the past 0.010, valid nll 0.542
  [diag] log10|dL/dh_t| hist bins=60 range=(-12.00,-1.98) mean=-11.90 p50=-12.00 p05=-12.00 p95=-12.00
  [diag] sat-dist hist bins=60 sat<0.05=0.0% mean=0.699 p10=0.552 p90=0.895
Iter 0008720: train nll 0.673, valid error 036.700%, best valid error 005.560%, avg grad norm  98.267, avg grad norm (post clip)   1.053, rho_Whh  1.12, Omega  0.02, alpha  2.000, steps in the past 0.010, valid nll 0.592
  [diag] log10|dL/dh_t| hist bins=60 range=(-12.00,-2.03) mean=-11.90 p50=-12.00 p05=-12.00 p95=-12.00
  [diag] sat-dist hist bins=60 sat<0.05=0.0% mean=0.705 p10=0.570 p90=0.894
Iter 0008740: train nll 0.618, valid error 035.040%, best valid error 005.560%, avg grad norm  65.253, avg grad norm (post clip)   1.053, rho_Whh  1.13, Omega  0.01, alpha  2.000, steps in the past 0.010, valid nll 0.586
  [diag] log10|dL/dh_t| hist bins=60 range=(-12.00,-1.88) mean=-11.90 p50=-12.00 p05=-12.00 p95=-12.00
  [diag] sat-dist hist bins=60 sat<0.05=0.0% mean=0.681 p10=0.600 p90=0.891
Iter 0008760: train nll 0.632, valid error 030.670%, best valid error 005.560%, avg grad norm  72.280, avg grad norm (post clip)   1.053, rho_Whh  1.13, Omega  0.02, alpha  2.000, steps in the past 0.010, valid nll 0.786
  [diag] log10|dL/dh_t| hist bins=60 range=(-12.00,-1.99) mean=-11.90 p50=-12.00 p05=-12.00 p95=-12.00
  [diag] sat-dist hist bins=60 sat<0.05=0.0% mean=0.682 p10=0.583 p90=0.879
Iter 0008780: train nll 0.678, valid error 025.500%, best valid error 005.560%, avg grad norm  84.411, avg grad norm (post clip)   1.053, rho_Whh  1.13, Omega  0.03, alpha  2.000, steps in the past 0.010, valid nll 0.629
  [diag] log10|dL/dh_t| hist bins=60 range=(-12.00,-2.01) mean=-11.90 p50=-12.00 p05=-12.00 p95=-12.00
  [diag] sat-dist hist bins=60 sat<0.05=0.0% mean=0.690 p10=0.576 p90=0.881
Iter 0008800: train nll 0.697, valid error 025.770%, best valid error 005.560%, avg grad norm  80.755, avg grad norm (post clip)   1.053, rho_Whh  1.13, Omega  0.02, alpha  2.000, steps in the past 0.010, valid nll 0.573
  [diag] log10|dL/dh_t| hist bins=60 range=(-12.00,-1.99) mean=-11.90 p50=-12.00 p05=-12.00 p95=-12.00
  [diag] sat-dist hist bins=60 sat<0.05=0.0% mean=0.693 p10=0.559 p90=0.894
Iter 0008820: train nll 0.700, valid error 032.910%, best valid error 005.560%, avg grad norm  94.103, avg grad norm (post clip)   1.053, rho_Whh  1.12, Omega  0.03, alpha  2.000, steps in the past 0.010, valid nll 0.581
  [diag] log10|dL/dh_t| hist bins=60 range=(-12.00,-2.00) mean=-11.90 p50=-12.00 p05=-12.00 p95=-12.00
  [diag] sat-dist hist bins=60 sat<0.05=0.0% mean=0.704 p10=0.563 p90=0.897
Iter 0008840: train nll 0.640, valid error 042.250%, best valid error 005.560%, avg grad norm  55.521, avg grad norm (post clip)   1.053, rho_Whh  1.12, Omega  0.01, alpha  2.000, steps in the past 0.010, valid nll 0.632
  [diag] log10|dL/dh_t| hist bins=60 range=(-12.00,-2.02) mean=-11.90 p50=-12.00 p05=-12.00 p95=-12.00
  [diag] sat-dist hist bins=60 sat<0.05=0.0% mean=0.701 p10=0.558 p90=0.895
Iter 0008860: train nll 0.625, valid error 038.870%, best valid error 005.560%, avg grad norm  58.920, avg grad norm (post clip)   1.053, rho_Whh  1.12, Omega  0.01, alpha  2.000, steps in the past 0.010, valid nll 0.594
  [diag] log10|dL/dh_t| hist bins=60 range=(-12.00,-1.92) mean=-11.90 p50=-12.00 p05=-12.00 p95=-12.00
  [diag] sat-dist hist bins=60 sat<0.05=0.0% mean=0.704 p10=0.564 p90=0.900
Iter 0008880: train nll 0.589, valid error 041.300%, best valid error 005.560%, avg grad norm  48.825, avg grad norm (post clip)   1.053, rho_Whh  1.12, Omega  0.01, alpha  2.000, steps in the past 0.010, valid nll 0.676
  [diag] log10|dL/dh_t| hist bins=60 range=(-12.00,-1.95) mean=-11.90 p50=-12.00 p05=-12.00 p95=-12.00
  [diag] sat-dist hist bins=60 sat<0.05=0.0% mean=0.702 p10=0.558 p90=0.902
Iter 0008900: train nll 0.618, valid error 041.230%, best valid error 005.560%, avg grad norm  48.648, avg grad norm (post clip)   1.053, rho_Whh  1.12, Omega  0.01, alpha  2.000, steps in the past 0.010, valid nll 0.632
  [diag] log10|dL/dh_t| hist bins=60 range=(-12.00,-1.97) mean=-11.90 p50=-12.00 p05=-12.00 p95=-12.00
  [diag] sat-dist hist bins=60 sat<0.05=0.0% mean=0.694 p10=0.548 p90=0.892
Iter 0008920: train nll 0.621, valid error 039.010%, best valid error 005.560%, avg grad norm  66.146, avg grad norm (post clip)   1.053, rho_Whh  1.12, Omega  0.02, alpha  2.000, steps in the past 0.010, valid nll 0.603
  [diag] log10|dL/dh_t| hist bins=60 range=(-12.00,-2.01) mean=-11.90 p50=-12.00 p05=-12.00 p95=-12.00
  [diag] sat-dist hist bins=60 sat<0.05=0.0% mean=0.701 p10=0.563 p90=0.889
Iter 0008940: train nll 0.668, valid error 012.890%, best valid error 005.560%, avg grad norm  76.222, avg grad norm (post clip)   1.053, rho_Whh  1.12, Omega  0.01, alpha  2.000, steps in the past 0.010, valid nll 0.517
  [diag] log10|dL/dh_t| hist bins=60 range=(-12.00,-1.89) mean=-11.90 p50=-12.00 p05=-12.00 p95=-12.00
  [diag] sat-dist hist bins=60 sat<0.05=0.0% mean=0.710 p10=0.599 p90=0.872
Iter 0008960: train nll 0.726, valid error 040.500%, best valid error 005.560%, avg grad norm  88.995, avg grad norm (post clip)   1.053, rho_Whh  1.13, Omega  0.03, alpha  2.000, steps in the past 0.010, valid nll 0.856
  [diag] log10|dL/dh_t| hist bins=60 range=(-12.00,-2.03) mean=-11.90 p50=-12.00 p05=-12.00 p95=-12.00
  [diag] sat-dist hist bins=60 sat<0.05=0.0% mean=0.699 p10=0.566 p90=0.873
Iter 0008980: train nll 0.652, valid error 017.280%, best valid error 005.560%, avg grad norm  76.381, avg grad norm (post clip)   1.053, rho_Whh  1.13, Omega  0.01, alpha  2.000, steps in the past 0.010, valid nll 0.517
  [diag] log10|dL/dh_t| hist bins=60 range=(-12.00,-2.00) mean=-11.90 p50=-12.00 p05=-12.00 p95=-12.00
  [diag] sat-dist hist bins=60 sat<0.05=0.0% mean=0.693 p10=0.555 p90=0.864
Iter 0009000: train nll 0.664, valid error 014.440%, best valid error 005.560%, avg grad norm  87.991, avg grad norm (post clip)   1.053, rho_Whh  1.12, Omega  0.02, alpha  2.000, steps in the past 0.010, valid nll 0.528
  [diag] log10|dL/dh_t| hist bins=60 range=(-12.00,-1.88) mean=-11.90 p50=-12.00 p05=-12.00 p95=-12.00
  [diag] sat-dist hist bins=60 sat<0.05=0.0% mean=0.699 p10=0.572 p90=0.873
Iter 0009020: train nll 0.616, valid error 049.550%, best valid error 005.560%, avg grad norm  59.315, avg grad norm (post clip)   1.053, rho_Whh  1.13, Omega  0.01, alpha  2.000, steps in the past 0.010, valid nll 0.863
  [diag] log10|dL/dh_t| hist bins=60 range=(-12.00,-1.93) mean=-11.90 p50=-12.00 p05=-12.00 p95=-12.00
  [diag] sat-dist hist bins=60 sat<0.05=0.0% mean=0.707 p10=0.572 p90=0.873
Iter 0009040: train nll 0.656, valid error 036.910%, best valid error 005.560%, avg grad norm  71.339, avg grad norm (post clip)   1.053, rho_Whh  1.12, Omega  0.02, alpha  2.000, steps in the past 0.010, valid nll 0.624
  [diag] log10|dL/dh_t| hist bins=60 range=(-12.00,-2.02) mean=-11.90 p50=-12.00 p05=-12.00 p95=-12.00
  [diag] sat-dist hist bins=60 sat<0.05=0.0% mean=0.704 p10=0.570 p90=0.871
Iter 0009060: train nll 0.607, valid error 031.540%, best valid error 005.560%, avg grad norm  59.420, avg grad norm (post clip)   1.053, rho_Whh  1.13, Omega  0.01, alpha  2.000, steps in the past 0.010, valid nll 0.612
  [diag] log10|dL/dh_t| hist bins=60 range=(-12.00,-2.03) mean=-11.90 p50=-12.00 p05=-12.00 p95=-12.00
  [diag] sat-dist hist bins=60 sat<0.05=0.0% mean=0.701 p10=0.564 p90=0.877
Iter 0009080: train nll 0.580, valid error 029.250%, best valid error 005.560%, avg grad norm  47.300, avg grad norm (post clip)   1.053, rho_Whh  1.13, Omega  0.01, alpha  2.000, steps in the past 0.010, valid nll 0.555
  [diag] log10|dL/dh_t| hist bins=60 range=(-12.00,-1.66) mean=-11.90 p50=-12.00 p05=-12.00 p95=-12.00
  [diag] sat-dist hist bins=60 sat<0.05=0.0% mean=0.723 p10=0.611 p90=0.883
Iter 0009100: train nll 0.578, valid error 054.450%, best valid error 005.560%, avg grad norm  54.090, avg grad norm (post clip)   1.053, rho_Whh  1.13, Omega  0.01, alpha  2.000, steps in the past 0.010, valid nll 1.520
  [diag] log10|dL/dh_t| hist bins=60 range=(-12.00,-1.98) mean=-11.90 p50=-12.00 p05=-12.00 p95=-12.00
  [diag] sat-dist hist bins=60 sat<0.05=0.0% mean=0.701 p10=0.561 p90=0.879
Iter 0009120: train nll 0.664, valid error 044.110%, best valid error 005.560%, avg grad norm  74.017, avg grad norm (post clip)   1.053, rho_Whh  1.13, Omega  0.01, alpha  2.000, steps in the past 0.010, valid nll 0.672
  [diag] log10|dL/dh_t| hist bins=60 range=(-12.00,-2.00) mean=-11.90 p50=-12.00 p05=-12.00 p95=-12.00
  [diag] sat-dist hist bins=60 sat<0.05=0.0% mean=0.702 p10=0.566 p90=0.884
Iter 0009140: train nll 0.615, valid error 041.350%, best valid error 005.560%, avg grad norm  54.495, avg grad norm (post clip)   1.053, rho_Whh  1.13, Omega  0.01, alpha  2.000, steps in the past 0.010, valid nll 0.621
  [diag] log10|dL/dh_t| hist bins=60 range=(-12.00,-2.03) mean=-11.90 p50=-12.00 p05=-12.00 p95=-12.00
  [diag] sat-dist hist bins=60 sat<0.05=0.0% mean=0.702 p10=0.558 p90=0.886
Iter 0009160: train nll 0.617, valid error 022.940%, best valid error 005.560%, avg grad norm  60.466, avg grad norm (post clip)   1.053, rho_Whh  1.13, Omega  0.01, alpha  2.000, steps in the past 0.010, valid nll 0.526
  [diag] log10|dL/dh_t| hist bins=60 range=(-12.00,-1.94) mean=-11.90 p50=-12.00 p05=-12.00 p95=-12.00
  [diag] sat-dist hist bins=60 sat<0.05=0.0% mean=0.701 p10=0.556 p90=0.889
Iter 0009180: train nll 0.615, valid error 035.740%, best valid error 005.560%, avg grad norm  52.237, avg grad norm (post clip)   1.053, rho_Whh  1.12, Omega  0.00, alpha  2.000, steps in the past 0.010, valid nll 0.594
  [diag] log10|dL/dh_t| hist bins=60 range=(-12.00,-1.97) mean=-11.90 p50=-12.00 p05=-12.00 p95=-12.00
  [diag] sat-dist hist bins=60 sat<0.05=0.0% mean=0.703 p10=0.568 p90=0.882
Iter 0009200: train nll 0.619, valid error 036.090%, best valid error 005.560%, avg grad norm  57.330, avg grad norm (post clip)   1.053, rho_Whh  1.12, Omega  0.01, alpha  2.000, steps in the past 0.010, valid nll 0.582
  [diag] log10|dL/dh_t| hist bins=60 range=(-12.00,-1.90) mean=-11.90 p50=-12.00 p05=-12.00 p95=-12.00
  [diag] sat-dist hist bins=60 sat<0.05=0.0% mean=0.709 p10=0.577 p90=0.879
Iter 0009220: train nll 0.632, valid error 038.520%, best valid error 005.560%, avg grad norm  60.692, avg grad norm (post clip)   1.053, rho_Whh  1.12, Omega  0.01, alpha  2.000, steps in the past 0.010, valid nll 0.629
  [diag] log10|dL/dh_t| hist bins=60 range=(-12.00,-2.04) mean=-11.90 p50=-12.00 p05=-12.00 p95=-12.00
  [diag] sat-dist hist bins=60 sat<0.05=0.0% mean=0.704 p10=0.577 p90=0.870
Iter 0009240: train nll 0.604, valid error 024.290%, best valid error 005.560%, avg grad norm  64.169, avg grad norm (post clip)   1.053, rho_Whh  1.13, Omega  0.02, alpha  2.000, steps in the past 0.010, valid nll 0.535
  [diag] log10|dL/dh_t| hist bins=60 range=(-12.00,-2.04) mean=-11.90 p50=-12.00 p05=-12.00 p95=-12.00
  [diag] sat-dist hist bins=60 sat<0.05=0.0% mean=0.704 p10=0.571 p90=0.869
Iter 0009260: train nll 0.626, valid error 026.810%, best valid error 005.560%, avg grad norm  53.122, avg grad norm (post clip)   1.053, rho_Whh  1.13, Omega  0.01, alpha  2.000, steps in the past 0.010, valid nll 0.529
  [diag] log10|dL/dh_t| hist bins=60 range=(-12.00,-1.96) mean=-11.90 p50=-12.00 p05=-12.00 p95=-12.00
  [diag] sat-dist hist bins=60 sat<0.05=0.0% mean=0.700 p10=0.562 p90=0.870
Iter 0009280: train nll 0.577, valid error 035.610%, best valid error 005.560%, avg grad norm  68.681, avg grad norm (post clip)   1.053, rho_Whh  1.12, Omega  0.02, alpha  2.000, steps in the past 0.010, valid nll 0.581
  [diag] log10|dL/dh_t| hist bins=60 range=(-12.00,-1.97) mean=-11.90 p50=-12.00 p05=-12.00 p95=-12.00
  [diag] sat-dist hist bins=60 sat<0.05=0.0% mean=0.705 p10=0.571 p90=0.876
Iter 0009300: train nll 0.642, valid error 043.940%, best valid error 005.560%, avg grad norm  60.695, avg grad norm (post clip)   1.053, rho_Whh  1.13, Omega  0.01, alpha  2.000, steps in the past 0.010, valid nll 0.680
  [diag] log10|dL/dh_t| hist bins=60 range=(-12.00,-1.94) mean=-11.90 p50=-12.00 p05=-12.00 p95=-12.00
  [diag] sat-dist hist bins=60 sat<0.05=0.0% mean=0.702 p10=0.562 p90=0.870
Iter 0009320: train nll 0.638, valid error 038.070%, best valid error 005.560%, avg grad norm  67.176, avg grad norm (post clip)   1.053, rho_Whh  1.12, Omega  0.02, alpha  2.000, steps in the past 0.010, valid nll 0.602
  [diag] log10|dL/dh_t| hist bins=60 range=(-12.00,-1.85) mean=-11.90 p50=-12.00 p05=-12.00 p95=-12.00
  [diag] sat-dist hist bins=60 sat<0.05=0.0% mean=0.703 p10=0.565 p90=0.873
Iter 0009340: train nll 0.601, valid error 042.340%, best valid error 005.560%, avg grad norm  53.824, avg grad norm (post clip)   1.053, rho_Whh  1.12, Omega  0.01, alpha  2.000, steps in the past 0.010, valid nll 0.694
  [diag] log10|dL/dh_t| hist bins=60 range=(-12.00,-1.87) mean=-11.90 p50=-12.00 p05=-12.00 p95=-12.00
  [diag] sat-dist hist bins=60 sat<0.05=0.0% mean=0.736 p10=0.639 p90=0.875
Iter 0009360: train nll 0.663, valid error 031.230%, best valid error 005.560%, avg grad norm 111.478, avg grad norm (post clip)   1.053, rho_Whh  1.13, Omega  0.04, alpha  2.000, steps in the past 0.010, valid nll 0.756
  [diag] log10|dL/dh_t| hist bins=60 range=(-12.00,-1.95) mean=-11.90 p50=-12.00 p05=-12.00 p95=-12.00
  [diag] sat-dist hist bins=60 sat<0.05=0.0% mean=0.693 p10=0.552 p90=0.875
Iter 0009380: train nll 0.695, valid error 045.370%, best valid error 005.560%, avg grad norm 126.804, avg grad norm (post clip)   1.053, rho_Whh  1.13, Omega  0.03, alpha  2.000, steps in the past 0.010, valid nll 0.737
  [diag] log10|dL/dh_t| hist bins=60 range=(-12.00,-2.03) mean=-11.90 p50=-12.00 p05=-12.00 p95=-12.00
  [diag] sat-dist hist bins=60 sat<0.05=0.0% mean=0.696 p10=0.558 p90=0.879
Iter 0009400: train nll 0.616, valid error 027.500%, best valid error 005.560%, avg grad norm  60.112, avg grad norm (post clip)   1.053, rho_Whh  1.13, Omega  0.01, alpha  2.000, steps in the past 0.010, valid nll 0.532
  [diag] log10|dL/dh_t| hist bins=60 range=(-12.00,-2.03) mean=-11.90 p50=-12.00 p05=-12.00 p95=-12.00
  [diag] sat-dist hist bins=60 sat<0.05=0.0% mean=0.699 p10=0.557 p90=0.884
Iter 0009420: train nll 0.578, valid error 026.550%, best valid error 005.560%, avg grad norm  52.551, avg grad norm (post clip)   1.053, rho_Whh  1.13, Omega  0.01, alpha  2.000, steps in the past 0.010, valid nll 0.532
  [diag] log10|dL/dh_t| hist bins=60 range=(-12.00,-1.99) mean=-11.90 p50=-12.00 p05=-12.00 p95=-12.00
  [diag] sat-dist hist bins=60 sat<0.05=0.0% mean=0.702 p10=0.564 p90=0.881
Iter 0009440: train nll 0.604, valid error 043.530%, best valid error 005.560%, avg grad norm  57.389, avg grad norm (post clip)   1.053, rho_Whh  1.13, Omega  0.01, alpha  2.000, steps in the past 0.010, valid nll 0.655
  [diag] log10|dL/dh_t| hist bins=60 range=(-12.00,-2.02) mean=-11.90 p50=-12.00 p05=-12.00 p95=-12.00
  [diag] sat-dist hist bins=60 sat<0.05=0.0% mean=0.698 p10=0.563 p90=0.870
Iter 0009460: train nll 0.698, valid error 027.980%, best valid error 005.560%, avg grad norm  96.803, avg grad norm (post clip)   1.053, rho_Whh  1.12, Omega  0.03, alpha  2.000, steps in the past 0.010, valid nll 0.534
  [diag] log10|dL/dh_t| hist bins=60 range=(-12.00,-2.04) mean=-11.90 p50=-12.00 p05=-12.00 p95=-12.00
  [diag] sat-dist hist bins=60 sat<0.05=0.0% mean=0.703 p10=0.571 p90=0.866
Iter 0009480: train nll 0.610, valid error 020.120%, best valid error 005.560%, avg grad norm  87.048, avg grad norm (post clip)   1.053, rho_Whh  1.12, Omega  0.03, alpha  2.000, steps in the past 0.010, valid nll 0.494
  [diag] log10|dL/dh_t| hist bins=60 range=(-12.00,-2.01) mean=-11.90 p50=-12.00 p05=-12.00 p95=-12.00
  [diag] sat-dist hist bins=60 sat<0.05=0.0% mean=0.699 p10=0.568 p90=0.873
Iter 0009500: train nll 0.646, valid error 035.060%, best valid error 005.560%, avg grad norm  61.828, avg grad norm (post clip)   1.053, rho_Whh  1.12, Omega  0.02, alpha  2.000, steps in the past 0.010, valid nll 0.574
  [diag] log10|dL/dh_t| hist bins=60 range=(-12.00,-1.93) mean=-11.90 p50=-12.00 p05=-12.00 p95=-12.00
  [diag] sat-dist hist bins=60 sat<0.05=0.0% mean=0.696 p10=0.570 p90=0.871
Iter 0009520: train nll 0.587, valid error 043.600%, best valid error 005.560%, avg grad norm  55.319, avg grad norm (post clip)   1.053, rho_Whh  1.13, Omega  0.01, alpha  2.000, steps in the past 0.010, valid nll 0.781
  [diag] log10|dL/dh_t| hist bins=60 range=(-12.00,-2.02) mean=-11.90 p50=-12.00 p05=-12.00 p95=-12.00
  [diag] sat-dist hist bins=60 sat<0.05=0.0% mean=0.700 p10=0.563 p90=0.874
Iter 0009540: train nll 0.608, valid error 029.800%, best valid error 005.560%, avg grad norm  56.496, avg grad norm (post clip)   1.053, rho_Whh  1.13, Omega  0.01, alpha  2.000, steps in the past 0.010, valid nll 0.543
  [diag] log10|dL/dh_t| hist bins=60 range=(-12.00,-2.03) mean=-11.90 p50=-12.00 p05=-12.00 p95=-12.00
  [diag] sat-dist hist bins=60 sat<0.05=0.0% mean=0.704 p10=0.566 p90=0.881
Iter 0009560: train nll 0.573, valid error 027.460%, best valid error 005.560%, avg grad norm  46.501, avg grad norm (post clip)   1.053, rho_Whh  1.13, Omega  0.01, alpha  2.000, steps in the past 0.010, valid nll 0.531
  [diag] log10|dL/dh_t| hist bins=60 range=(-12.00,-1.98) mean=-11.90 p50=-12.00 p05=-12.00 p95=-12.00
  [diag] sat-dist hist bins=60 sat<0.05=0.0% mean=0.698 p10=0.557 p90=0.881
Iter 0009580: train nll 0.569, valid error 045.370%, best valid error 005.560%, avg grad norm  47.744, avg grad norm (post clip)   1.053, rho_Whh  1.13, Omega  0.01, alpha  2.000, steps in the past 0.010, valid nll 0.642
  [diag] log10|dL/dh_t| hist bins=60 range=(-12.00,-2.04) mean=-11.90 p50=-12.00 p05=-12.00 p95=-12.00
  [diag] sat-dist hist bins=60 sat<0.05=0.0% mean=0.702 p10=0.566 p90=0.882
Iter 0009600: train nll 0.601, valid error 024.670%, best valid error 005.560%, avg grad norm  61.593, avg grad norm (post clip)   1.053, rho_Whh  1.13, Omega  0.01, alpha  2.000, steps in the past 0.010, valid nll 0.520
  [diag] log10|dL/dh_t| hist bins=60 range=(-12.00,-1.97) mean=-11.90 p50=-12.00 p05=-12.00 p95=-12.00
  [diag] sat-dist hist bins=60 sat<0.05=0.0% mean=0.698 p10=0.565 p90=0.877
Iter 0009620: train nll 0.591, valid error 044.770%, best valid error 005.560%, avg grad norm  68.417, avg grad norm (post clip)   1.053, rho_Whh  1.13, Omega  0.01, alpha  2.000, steps in the past 0.010, valid nll 0.650
  [diag] log10|dL/dh_t| hist bins=60 range=(-12.00,-2.03) mean=-11.90 p50=-12.00 p05=-12.00 p95=-12.00
  [diag] sat-dist hist bins=60 sat<0.05=0.0% mean=0.699 p10=0.563 p90=0.880
Iter 0009640: train nll 0.589, valid error 024.740%, best valid error 005.560%, avg grad norm  60.126, avg grad norm (post clip)   1.053, rho_Whh  1.13, Omega  0.01, alpha  2.000, steps in the past 0.010, valid nll 0.518
  [diag] log10|dL/dh_t| hist bins=60 range=(-12.00,-2.00) mean=-11.90 p50=-12.00 p05=-12.00 p95=-12.00
  [diag] sat-dist hist bins=60 sat<0.05=0.0% mean=0.699 p10=0.565 p90=0.882
Iter 0009660: train nll 0.579, valid error 040.680%, best valid error 005.560%, avg grad norm  59.093, avg grad norm (post clip)   1.053, rho_Whh  1.13, Omega  0.01, alpha  2.000, steps in the past 0.010, valid nll 0.594
  [diag] log10|dL/dh_t| hist bins=60 range=(-12.00,-2.02) mean=-11.90 p50=-12.00 p05=-12.00 p95=-12.00
  [diag] sat-dist hist bins=60 sat<0.05=0.0% mean=0.702 p10=0.567 p90=0.883
Iter 0009680: train nll 0.574, valid error 031.660%, best valid error 005.560%, avg grad norm  53.009, avg grad norm (post clip)   1.053, rho_Whh  1.13, Omega  0.01, alpha  2.000, steps in the past 0.010, valid nll 0.551
  [diag] log10|dL/dh_t| hist bins=60 range=(-12.00,-1.99) mean=-11.90 p50=-12.00 p05=-12.00 p95=-12.00
  [diag] sat-dist hist bins=60 sat<0.05=0.0% mean=0.710 p10=0.575 p90=0.884
Iter 0009700: train nll 0.599, valid error 041.880%, best valid error 005.560%, avg grad norm  52.936, avg grad norm (post clip)   1.053, rho_Whh  1.13, Omega  0.01, alpha  2.000, steps in the past 0.010, valid nll 0.630
  [diag] log10|dL/dh_t| hist bins=60 range=(-12.00,-1.90) mean=-11.90 p50=-12.00 p05=-12.00 p95=-12.00
  [diag] sat-dist hist bins=60 sat<0.05=0.0% mean=0.703 p10=0.567 p90=0.867
Iter 0009720: train nll 0.645, valid error 046.420%, best valid error 005.560%, avg grad norm 100.997, avg grad norm (post clip)   1.053, rho_Whh  1.12, Omega  0.02, alpha  2.000, steps in the past 0.010, valid nll 0.686
  [diag] log10|dL/dh_t| hist bins=60 range=(-12.00,-1.88) mean=-11.90 p50=-12.00 p05=-12.00 p95=-12.00
  [diag] sat-dist hist bins=60 sat<0.05=0.0% mean=0.707 p10=0.568 p90=0.869
Iter 0009740: train nll 0.634, valid error 038.500%, best valid error 005.560%, avg grad norm  54.519, avg grad norm (post clip)   1.053, rho_Whh  1.12, Omega  0.01, alpha  2.000, steps in the past 0.010, valid nll 0.648
  [diag] log10|dL/dh_t| hist bins=60 range=(-12.00,-2.02) mean=-11.90 p50=-12.00 p05=-12.00 p95=-12.00
  [diag] sat-dist hist bins=60 sat<0.05=0.0% mean=0.703 p10=0.563 p90=0.875
Iter 0009760: train nll 0.619, valid error 020.080%, best valid error 005.560%, avg grad norm  58.881, avg grad norm (post clip)   1.053, rho_Whh  1.13, Omega  0.01, alpha  2.000, steps in the past 0.010, valid nll 0.509
  [diag] log10|dL/dh_t| hist bins=60 range=(-12.00,-2.02) mean=-11.90 p50=-12.00 p05=-12.00 p95=-12.00
  [diag] sat-dist hist bins=60 sat<0.05=0.0% mean=0.701 p10=0.558 p90=0.875
Iter 0009780: train nll 0.590, valid error 020.930%, best valid error 005.560%, avg grad norm  48.871, avg grad norm (post clip)   1.053, rho_Whh  1.13, Omega  0.01, alpha  2.000, steps in the past 0.010, valid nll 0.511
  [diag] log10|dL/dh_t| hist bins=60 range=(-12.00,-1.97) mean=-11.90 p50=-12.00 p05=-12.00 p95=-12.00
  [diag] sat-dist hist bins=60 sat<0.05=0.0% mean=0.700 p10=0.554 p90=0.880
Iter 0009800: train nll 0.636, valid error 044.980%, best valid error 005.560%, avg grad norm  54.975, avg grad norm (post clip)   1.053, rho_Whh  1.13, Omega  0.01, alpha  2.000, steps in the past 0.010, valid nll 0.637
  [diag] log10|dL/dh_t| hist bins=60 range=(-12.00,-1.99) mean=-11.90 p50=-12.00 p05=-12.00 p95=-12.00
  [diag] sat-dist hist bins=60 sat<0.05=0.0% mean=0.706 p10=0.568 p90=0.875
Iter 0009820: train nll 0.595, valid error 037.240%, best valid error 005.560%, avg grad norm  53.390, avg grad norm (post clip)   1.053, rho_Whh  1.13, Omega  0.01, alpha  2.000, steps in the past 0.010, valid nll 0.605
  [diag] log10|dL/dh_t| hist bins=60 range=(-12.00,-1.97) mean=-11.90 p50=-12.00 p05=-12.00 p95=-12.00
  [diag] sat-dist hist bins=60 sat<0.05=0.0% mean=0.701 p10=0.565 p90=0.864
Iter 0009840: train nll 0.616, valid error 041.840%, best valid error 005.560%, avg grad norm 133.284, avg grad norm (post clip)   1.053, rho_Whh  1.13, Omega  0.02, alpha  2.000, steps in the past 0.010, valid nll 0.648
  [diag] log10|dL/dh_t| hist bins=60 range=(-12.00,-2.03) mean=-11.90 p50=-12.00 p05=-12.00 p95=-12.00
  [diag] sat-dist hist bins=60 sat<0.05=0.0% mean=0.699 p10=0.563 p90=0.868
Iter 0009860: train nll 0.602, valid error 019.660%, best valid error 005.560%, avg grad norm  55.664, avg grad norm (post clip)   1.053, rho_Whh  1.12, Omega  0.01, alpha  2.000, steps in the past 0.010, valid nll 0.497
  [diag] log10|dL/dh_t| hist bins=60 range=(-12.00,-1.87) mean=-11.90 p50=-12.00 p05=-12.00 p95=-12.00
  [diag] sat-dist hist bins=60 sat<0.05=0.0% mean=0.697 p10=0.562 p90=0.868
Iter 0009880: train nll 0.593, valid error 049.040%, best valid error 005.560%, avg grad norm  82.553, avg grad norm (post clip)   1.053, rho_Whh  1.13, Omega  0.03, alpha  2.000, steps in the past 0.010, valid nll 0.834
  [diag] log10|dL/dh_t| hist bins=60 range=(-12.00,-2.03) mean=-11.90 p50=-12.00 p05=-12.00 p95=-12.00
  [diag] sat-dist hist bins=60 sat<0.05=0.0% mean=0.699 p10=0.569 p90=0.864
Iter 0009900: train nll 0.616, valid error 020.200%, best valid error 005.560%, avg grad norm  84.132, avg grad norm (post clip)   1.053, rho_Whh  1.13, Omega  0.03, alpha  2.000, steps in the past 0.010, valid nll 0.499
  [diag] log10|dL/dh_t| hist bins=60 range=(-12.00,-1.98) mean=-11.90 p50=-12.00 p05=-12.00 p95=-12.00
  [diag] sat-dist hist bins=60 sat<0.05=0.0% mean=0.706 p10=0.576 p90=0.871
Iter 0009920: train nll 0.579, valid error 040.040%, best valid error 005.560%, avg grad norm  57.575, avg grad norm (post clip)   1.053, rho_Whh  1.13, Omega  0.01, alpha  2.000, steps in the past 0.010, valid nll 0.625
  [diag] log10|dL/dh_t| hist bins=60 range=(-12.00,-1.99) mean=-11.90 p50=-12.00 p05=-12.00 p95=-12.00
  [diag] sat-dist hist bins=60 sat<0.05=0.0% mean=0.694 p10=0.560 p90=0.871
Iter 0009940: train nll 0.691, valid error 018.830%, best valid error 005.560%, avg grad norm  80.588, avg grad norm (post clip)   1.053, rho_Whh  1.12, Omega  0.03, alpha  2.000, steps in the past 0.010, valid nll 0.508
  [diag] log10|dL/dh_t| hist bins=60 range=(-12.00,-1.88) mean=-11.90 p50=-12.00 p05=-12.00 p95=-12.00
  [diag] sat-dist hist bins=60 sat<0.05=0.0% mean=0.694 p10=0.565 p90=0.863
Iter 0009960: train nll 0.709, valid error 046.970%, best valid error 005.560%, avg grad norm  89.377, avg grad norm (post clip)   1.053, rho_Whh  1.13, Omega  0.02, alpha  2.000, steps in the past 0.010, valid nll 0.828
  [diag] log10|dL/dh_t| hist bins=60 range=(-12.00,-2.03) mean=-11.90 p50=-12.00 p05=-12.00 p95=-12.00
  [diag] sat-dist hist bins=60 sat<0.05=0.0% mean=0.702 p10=0.577 p90=0.865
Iter 0009980: train nll 0.618, valid error 026.720%, best valid error 005.560%, avg grad norm  72.908, avg grad norm (post clip)   1.053, rho_Whh  1.13, Omega  0.02, alpha  2.000, steps in the past 0.010, valid nll 0.515
  [diag] log10|dL/dh_t| hist bins=60 range=(-12.00,-2.00) mean=-11.90 p50=-12.00 p05=-12.00 p95=-12.00
  [diag] sat-dist hist bins=60 sat<0.05=0.0% mean=0.702 p10=0.570 p90=0.871
Iter 0010000: train nll 0.595, valid error 034.430%, best valid error 005.560%, avg grad norm  60.216, avg grad norm (post clip)   1.053, rho_Whh  1.13, Omega  0.01, alpha  2.000, steps in the past 0.010, valid nll 0.574
  [diag] log10|dL/dh_t| hist bins=60 range=(-12.00,-2.00) mean=-11.90 p50=-12.00 p05=-12.00 p95=-12.00
  [diag] sat-dist hist bins=60 sat<0.05=0.0% mean=0.705 p10=0.570 p90=0.875
