Starting to train (PyTorch).
  [diag] log10|dL/dh_t| hist bins=60 range=(-12.50,-11.50) mean=-12.00 p50=-12.00 p05=-12.00 p95=-12.00
  [diag] sat-dist hist bins=60 sat<0.05=0.0% mean=0.982 p10=0.982 p90=0.983
Iter 0000020: train nll 1.456, valid error 074.750%, best valid error 100.000%, avg grad norm   0.192, avg grad norm (post clip)   0.052, rho_Whh  0.95, Omega  0.00, alpha  2.000, steps in the past 0.000, valid nll 1.386
  [diag] log10|dL/dh_t| hist bins=60 range=(-12.50,-11.50) mean=-12.00 p50=-12.00 p05=-12.00 p95=-12.00
  [diag] sat-dist hist bins=60 sat<0.05=0.0% mean=0.982 p10=0.981 p90=0.983
Iter 0000040: train nll 1.386, valid error 074.920%, best valid error 074.750%, avg grad norm   0.171, avg grad norm (post clip)   0.052, rho_Whh  0.95, Omega  0.00, alpha  2.000, steps in the past 0.000, valid nll 1.386
  [diag] log10|dL/dh_t| hist bins=60 range=(-12.50,-11.50) mean=-12.00 p50=-12.00 p05=-12.00 p95=-12.00
  [diag] sat-dist hist bins=60 sat<0.05=0.0% mean=0.982 p10=0.981 p90=0.982
Iter 0000060: train nll 1.386, valid error 074.800%, best valid error 074.750%, avg grad norm   0.191, avg grad norm (post clip)   0.053, rho_Whh  0.95, Omega  0.00, alpha  2.000, steps in the past 0.000, valid nll 1.386
  [diag] log10|dL/dh_t| hist bins=60 range=(-12.50,-11.50) mean=-12.00 p50=-12.00 p05=-12.00 p95=-12.00
  [diag] sat-dist hist bins=60 sat<0.05=0.0% mean=0.982 p10=0.981 p90=0.982
Iter 0000080: train nll 1.386, valid error 074.860%, best valid error 074.750%, avg grad norm   0.177, avg grad norm (post clip)   0.053, rho_Whh  0.95, Omega  0.00, alpha  2.000, steps in the past 0.000, valid nll 1.386
  [diag] log10|dL/dh_t| hist bins=60 range=(-12.50,-11.50) mean=-12.00 p50=-12.00 p05=-12.00 p95=-12.00
  [diag] sat-dist hist bins=60 sat<0.05=0.0% mean=0.982 p10=0.982 p90=0.983
Iter 0000100: train nll 1.386, valid error 074.990%, best valid error 074.750%, avg grad norm   0.183, avg grad norm (post clip)   0.052, rho_Whh  0.95, Omega  0.00, alpha  2.000, steps in the past 0.000, valid nll 1.386
  [diag] log10|dL/dh_t| hist bins=60 range=(-12.50,-11.50) mean=-12.00 p50=-12.00 p05=-12.00 p95=-12.00
  [diag] sat-dist hist bins=60 sat<0.05=0.0% mean=0.982 p10=0.982 p90=0.983
Iter 0000120: train nll 1.386, valid error 075.400%, best valid error 074.750%, avg grad norm   0.184, avg grad norm (post clip)   0.053, rho_Whh  0.95, Omega  0.00, alpha  2.000, steps in the past 0.000, valid nll 1.386
  [diag] log10|dL/dh_t| hist bins=60 range=(-12.50,-11.50) mean=-12.00 p50=-12.00 p05=-12.00 p95=-12.00
  [diag] sat-dist hist bins=60 sat<0.05=0.0% mean=0.982 p10=0.981 p90=0.982
Iter 0000140: train nll 1.386, valid error 075.160%, best valid error 074.750%, avg grad norm   0.167, avg grad norm (post clip)   0.053, rho_Whh  0.95, Omega  0.00, alpha  2.000, steps in the past 0.000, valid nll 1.386
  [diag] log10|dL/dh_t| hist bins=60 range=(-12.50,-11.50) mean=-12.00 p50=-12.00 p05=-12.00 p95=-12.00
  [diag] sat-dist hist bins=60 sat<0.05=0.0% mean=0.982 p10=0.981 p90=0.982
Iter 0000160: train nll 1.386, valid error 075.200%, best valid error 074.750%, avg grad norm   0.171, avg grad norm (post clip)   0.053, rho_Whh  0.95, Omega  0.00, alpha  2.000, steps in the past 0.000, valid nll 1.386
  [diag] log10|dL/dh_t| hist bins=60 range=(-12.50,-11.50) mean=-12.00 p50=-12.00 p05=-12.00 p95=-12.00
  [diag] sat-dist hist bins=60 sat<0.05=0.0% mean=0.981 p10=0.981 p90=0.982
Iter 0000180: train nll 1.386, valid error 075.190%, best valid error 074.750%, avg grad norm   0.195, avg grad norm (post clip)   0.053, rho_Whh  0.95, Omega  0.00, alpha  2.000, steps in the past 0.000, valid nll 1.386
  [diag] log10|dL/dh_t| hist bins=60 range=(-12.50,-11.50) mean=-12.00 p50=-12.00 p05=-12.00 p95=-12.00
  [diag] sat-dist hist bins=60 sat<0.05=0.0% mean=0.981 p10=0.980 p90=0.982
Iter 0000200: train nll 1.386, valid error 075.220%, best valid error 074.750%, avg grad norm   0.190, avg grad norm (post clip)   0.053, rho_Whh  0.95, Omega  0.00, alpha  2.000, steps in the past 0.000, valid nll 1.386
  [diag] log10|dL/dh_t| hist bins=60 range=(-12.50,-11.50) mean=-12.00 p50=-12.00 p05=-12.00 p95=-12.00
  [diag] sat-dist hist bins=60 sat<0.05=0.0% mean=0.981 p10=0.980 p90=0.982
Iter 0000220: train nll 1.386, valid error 075.220%, best valid error 074.750%, avg grad norm   0.181, avg grad norm (post clip)   0.053, rho_Whh  0.95, Omega  0.00, alpha  2.000, steps in the past 0.000, valid nll 1.386
  [diag] log10|dL/dh_t| hist bins=60 range=(-12.50,-11.50) mean=-12.00 p50=-12.00 p05=-12.00 p95=-12.00
  [diag] sat-dist hist bins=60 sat<0.05=0.0% mean=0.981 p10=0.980 p90=0.982
Iter 0000240: train nll 1.386, valid error 075.220%, best valid error 074.750%, avg grad norm   0.191, avg grad norm (post clip)   0.053, rho_Whh  0.95, Omega  0.00, alpha  2.000, steps in the past 0.000, valid nll 1.386
  [diag] log10|dL/dh_t| hist bins=60 range=(-12.50,-11.50) mean=-12.00 p50=-12.00 p05=-12.00 p95=-12.00
  [diag] sat-dist hist bins=60 sat<0.05=0.0% mean=0.981 p10=0.980 p90=0.982
Iter 0000260: train nll 1.386, valid error 075.220%, best valid error 074.750%, avg grad norm   0.209, avg grad norm (post clip)   0.053, rho_Whh  0.95, Omega  0.00, alpha  2.000, steps in the past 0.000, valid nll 1.386
  [diag] log10|dL/dh_t| hist bins=60 range=(-12.50,-11.50) mean=-12.00 p50=-12.00 p05=-12.00 p95=-12.00
  [diag] sat-dist hist bins=60 sat<0.05=0.0% mean=0.981 p10=0.981 p90=0.982
Iter 0000280: train nll 1.386, valid error 075.220%, best valid error 074.750%, avg grad norm   0.187, avg grad norm (post clip)   0.053, rho_Whh  0.95, Omega  0.00, alpha  2.000, steps in the past 0.000, valid nll 1.386
  [diag] log10|dL/dh_t| hist bins=60 range=(-12.50,-11.50) mean=-12.00 p50=-12.00 p05=-12.00 p95=-12.00
  [diag] sat-dist hist bins=60 sat<0.05=0.0% mean=0.981 p10=0.980 p90=0.981
Iter 0000300: train nll 1.386, valid error 075.220%, best valid error 074.750%, avg grad norm   0.182, avg grad norm (post clip)   0.053, rho_Whh  0.95, Omega  0.00, alpha  2.000, steps in the past 0.000, valid nll 1.386
  [diag] log10|dL/dh_t| hist bins=60 range=(-12.50,-11.50) mean=-12.00 p50=-12.00 p05=-12.00 p95=-12.00
  [diag] sat-dist hist bins=60 sat<0.05=0.0% mean=0.981 p10=0.980 p90=0.982
Iter 0000320: train nll 1.387, valid error 075.220%, best valid error 074.750%, avg grad norm   0.181, avg grad norm (post clip)   0.052, rho_Whh  0.95, Omega  0.00, alpha  2.000, steps in the past 0.000, valid nll 1.386
  [diag] log10|dL/dh_t| hist bins=60 range=(-12.50,-11.50) mean=-12.00 p50=-12.00 p05=-12.00 p95=-12.00
  [diag] sat-dist hist bins=60 sat<0.05=0.0% mean=0.981 p10=0.980 p90=0.982
Iter 0000340: train nll 1.386, valid error 075.220%, best valid error 074.750%, avg grad norm   0.190, avg grad norm (post clip)   0.053, rho_Whh  0.95, Omega  0.00, alpha  2.000, steps in the past 0.000, valid nll 1.386
  [diag] log10|dL/dh_t| hist bins=60 range=(-12.50,-11.50) mean=-12.00 p50=-12.00 p05=-12.00 p95=-12.00
  [diag] sat-dist hist bins=60 sat<0.05=0.0% mean=0.981 p10=0.981 p90=0.982
Iter 0000360: train nll 1.386, valid error 075.220%, best valid error 074.750%, avg grad norm   0.183, avg grad norm (post clip)   0.053, rho_Whh  0.95, Omega  0.00, alpha  2.000, steps in the past 0.000, valid nll 1.386
  [diag] log10|dL/dh_t| hist bins=60 range=(-12.50,-11.50) mean=-12.00 p50=-12.00 p05=-12.00 p95=-12.00
  [diag] sat-dist hist bins=60 sat<0.05=0.0% mean=0.982 p10=0.981 p90=0.982
Iter 0000380: train nll 1.386, valid error 075.220%, best valid error 074.750%, avg grad norm   0.187, avg grad norm (post clip)   0.052, rho_Whh  0.95, Omega  0.00, alpha  2.000, steps in the past 0.000, valid nll 1.386
  [diag] log10|dL/dh_t| hist bins=60 range=(-12.50,-11.50) mean=-12.00 p50=-12.00 p05=-12.00 p95=-12.00
  [diag] sat-dist hist bins=60 sat<0.05=0.0% mean=0.982 p10=0.981 p90=0.982
Iter 0000400: train nll 1.386, valid error 075.220%, best valid error 074.750%, avg grad norm   0.189, avg grad norm (post clip)   0.053, rho_Whh  0.95, Omega  0.00, alpha  2.000, steps in the past 0.000, valid nll 1.386
  [diag] log10|dL/dh_t| hist bins=60 range=(-12.50,-11.50) mean=-12.00 p50=-12.00 p05=-12.00 p95=-12.00
  [diag] sat-dist hist bins=60 sat<0.05=0.0% mean=0.982 p10=0.981 p90=0.982
Iter 0000420: train nll 1.387, valid error 075.210%, best valid error 074.750%, avg grad norm   0.189, avg grad norm (post clip)   0.053, rho_Whh  0.95, Omega  0.00, alpha  2.000, steps in the past 0.000, valid nll 1.386
  [diag] log10|dL/dh_t| hist bins=60 range=(-12.50,-11.50) mean=-12.00 p50=-12.00 p05=-12.00 p95=-12.00
  [diag] sat-dist hist bins=60 sat<0.05=0.0% mean=0.982 p10=0.981 p90=0.982
Iter 0000440: train nll 1.387, valid error 075.210%, best valid error 074.750%, avg grad norm   0.224, avg grad norm (post clip)   0.053, rho_Whh  0.95, Omega  0.00, alpha  2.000, steps in the past 0.000, valid nll 1.386
  [diag] log10|dL/dh_t| hist bins=60 range=(-12.50,-11.50) mean=-12.00 p50=-12.00 p05=-12.00 p95=-12.00
  [diag] sat-dist hist bins=60 sat<0.05=0.0% mean=0.982 p10=0.981 p90=0.982
Iter 0000460: train nll 1.386, valid error 075.220%, best valid error 074.750%, avg grad norm   0.191, avg grad norm (post clip)   0.053, rho_Whh  0.95, Omega  0.00, alpha  2.000, steps in the past 0.000, valid nll 1.386
  [diag] log10|dL/dh_t| hist bins=60 range=(-12.50,-11.50) mean=-12.00 p50=-12.00 p05=-12.00 p95=-12.00
  [diag] sat-dist hist bins=60 sat<0.05=0.0% mean=0.982 p10=0.981 p90=0.982
Iter 0000480: train nll 1.386, valid error 075.220%, best valid error 074.750%, avg grad norm   0.196, avg grad norm (post clip)   0.053, rho_Whh  0.95, Omega  0.00, alpha  2.000, steps in the past 0.000, valid nll 1.386
  [diag] log10|dL/dh_t| hist bins=60 range=(-12.50,-11.50) mean=-12.00 p50=-12.00 p05=-12.00 p95=-12.00
  [diag] sat-dist hist bins=60 sat<0.05=0.0% mean=0.982 p10=0.982 p90=0.983
Iter 0000500: train nll 1.386, valid error 075.220%, best valid error 074.750%, avg grad norm   0.176, avg grad norm (post clip)   0.053, rho_Whh  0.95, Omega  0.00, alpha  2.000, steps in the past 0.000, valid nll 1.386
  [diag] log10|dL/dh_t| hist bins=60 range=(-12.50,-11.50) mean=-12.00 p50=-12.00 p05=-12.00 p95=-12.00
  [diag] sat-dist hist bins=60 sat<0.05=0.0% mean=0.983 p10=0.982 p90=0.983
Iter 0000520: train nll 1.386, valid error 075.240%, best valid error 074.750%, avg grad norm   0.200, avg grad norm (post clip)   0.053, rho_Whh  0.95, Omega  0.00, alpha  2.000, steps in the past 0.000, valid nll 1.386
  [diag] log10|dL/dh_t| hist bins=60 range=(-12.50,-11.50) mean=-12.00 p50=-12.00 p05=-12.00 p95=-12.00
  [diag] sat-dist hist bins=60 sat<0.05=0.0% mean=0.982 p10=0.982 p90=0.983
Iter 0000540: train nll 1.386, valid error 075.220%, best valid error 074.750%, avg grad norm   0.191, avg grad norm (post clip)   0.052, rho_Whh  0.95, Omega  0.00, alpha  2.000, steps in the past 0.000, valid nll 1.386
  [diag] log10|dL/dh_t| hist bins=60 range=(-12.50,-11.50) mean=-12.00 p50=-12.00 p05=-12.00 p95=-12.00
  [diag] sat-dist hist bins=60 sat<0.05=0.0% mean=0.982 p10=0.982 p90=0.983
Iter 0000560: train nll 1.386, valid error 075.210%, best valid error 074.750%, avg grad norm   0.207, avg grad norm (post clip)   0.053, rho_Whh  0.95, Omega  0.00, alpha  2.000, steps in the past 0.000, valid nll 1.386
  [diag] log10|dL/dh_t| hist bins=60 range=(-12.50,-11.50) mean=-12.00 p50=-12.00 p05=-12.00 p95=-12.00
  [diag] sat-dist hist bins=60 sat<0.05=0.0% mean=0.982 p10=0.981 p90=0.983
Iter 0000580: train nll 1.386, valid error 075.220%, best valid error 074.750%, avg grad norm   0.200, avg grad norm (post clip)   0.053, rho_Whh  0.95, Omega  0.00, alpha  2.000, steps in the past 0.000, valid nll 1.386
  [diag] log10|dL/dh_t| hist bins=60 range=(-12.50,-11.50) mean=-12.00 p50=-12.00 p05=-12.00 p95=-12.00
  [diag] sat-dist hist bins=60 sat<0.05=0.0% mean=0.982 p10=0.982 p90=0.983
Iter 0000600: train nll 1.387, valid error 075.240%, best valid error 074.750%, avg grad norm   0.163, avg grad norm (post clip)   0.053, rho_Whh  0.95, Omega  0.00, alpha  2.000, steps in the past 0.000, valid nll 1.386
  [diag] log10|dL/dh_t| hist bins=60 range=(-12.50,-11.50) mean=-12.00 p50=-12.00 p05=-12.00 p95=-12.00
  [diag] sat-dist hist bins=60 sat<0.05=0.0% mean=0.982 p10=0.982 p90=0.983
Iter 0000620: train nll 1.387, valid error 075.220%, best valid error 074.750%, avg grad norm   0.195, avg grad norm (post clip)   0.053, rho_Whh  0.95, Omega  0.00, alpha  2.000, steps in the past 0.000, valid nll 1.386
  [diag] log10|dL/dh_t| hist bins=60 range=(-12.50,-11.50) mean=-12.00 p50=-12.00 p05=-12.00 p95=-12.00
  [diag] sat-dist hist bins=60 sat<0.05=0.0% mean=0.982 p10=0.982 p90=0.983
Iter 0000640: train nll 1.386, valid error 075.230%, best valid error 074.750%, avg grad norm   0.180, avg grad norm (post clip)   0.053, rho_Whh  0.95, Omega  0.00, alpha  2.000, steps in the past 0.000, valid nll 1.386
  [diag] log10|dL/dh_t| hist bins=60 range=(-12.50,-11.50) mean=-12.00 p50=-12.00 p05=-12.00 p95=-12.00
  [diag] sat-dist hist bins=60 sat<0.05=0.0% mean=0.982 p10=0.981 p90=0.983
Iter 0000660: train nll 1.386, valid error 075.220%, best valid error 074.750%, avg grad norm   0.173, avg grad norm (post clip)   0.052, rho_Whh  0.95, Omega  0.00, alpha  2.000, steps in the past 0.000, valid nll 1.386
  [diag] log10|dL/dh_t| hist bins=60 range=(-12.50,-11.50) mean=-12.00 p50=-12.00 p05=-12.00 p95=-12.00
  [diag] sat-dist hist bins=60 sat<0.05=0.0% mean=0.982 p10=0.981 p90=0.982
Iter 0000680: train nll 1.386, valid error 075.220%, best valid error 074.750%, avg grad norm   0.161, avg grad norm (post clip)   0.051, rho_Whh  0.95, Omega  0.00, alpha  2.000, steps in the past 0.000, valid nll 1.386
  [diag] log10|dL/dh_t| hist bins=60 range=(-12.50,-11.50) mean=-12.00 p50=-12.00 p05=-12.00 p95=-12.00
  [diag] sat-dist hist bins=60 sat<0.05=0.0% mean=0.982 p10=0.981 p90=0.982
Iter 0000700: train nll 1.387, valid error 075.200%, best valid error 074.750%, avg grad norm   0.178, avg grad norm (post clip)   0.053, rho_Whh  0.95, Omega  0.00, alpha  2.000, steps in the past 0.000, valid nll 1.386
  [diag] log10|dL/dh_t| hist bins=60 range=(-12.50,-11.50) mean=-12.00 p50=-12.00 p05=-12.00 p95=-12.00
  [diag] sat-dist hist bins=60 sat<0.05=0.0% mean=0.982 p10=0.982 p90=0.983
Iter 0000720: train nll 1.386, valid error 075.210%, best valid error 074.750%, avg grad norm   0.237, avg grad norm (post clip)   0.053, rho_Whh  0.95, Omega  0.00, alpha  2.000, steps in the past 0.000, valid nll 1.386
  [diag] log10|dL/dh_t| hist bins=60 range=(-12.50,-11.50) mean=-12.00 p50=-12.00 p05=-12.00 p95=-12.00
  [diag] sat-dist hist bins=60 sat<0.05=0.0% mean=0.982 p10=0.982 p90=0.983
Iter 0000740: train nll 1.386, valid error 075.210%, best valid error 074.750%, avg grad norm   0.185, avg grad norm (post clip)   0.053, rho_Whh  0.95, Omega  0.00, alpha  2.000, steps in the past 0.000, valid nll 1.386
  [diag] log10|dL/dh_t| hist bins=60 range=(-12.50,-11.50) mean=-12.00 p50=-12.00 p05=-12.00 p95=-12.00
  [diag] sat-dist hist bins=60 sat<0.05=0.0% mean=0.983 p10=0.982 p90=0.983
Iter 0000760: train nll 1.386, valid error 075.200%, best valid error 074.750%, avg grad norm   0.169, avg grad norm (post clip)   0.053, rho_Whh  0.95, Omega  0.00, alpha  2.000, steps in the past 0.000, valid nll 1.386
  [diag] log10|dL/dh_t| hist bins=60 range=(-12.50,-11.50) mean=-12.00 p50=-12.00 p05=-12.00 p95=-12.00
  [diag] sat-dist hist bins=60 sat<0.05=0.0% mean=0.983 p10=0.982 p90=0.983
Iter 0000780: train nll 1.386, valid error 075.230%, best valid error 074.750%, avg grad norm   0.197, avg grad norm (post clip)   0.053, rho_Whh  0.95, Omega  0.00, alpha  2.000, steps in the past 0.000, valid nll 1.386
  [diag] log10|dL/dh_t| hist bins=60 range=(-12.50,-11.50) mean=-12.00 p50=-12.00 p05=-12.00 p95=-12.00
  [diag] sat-dist hist bins=60 sat<0.05=0.0% mean=0.983 p10=0.982 p90=0.983
Iter 0000800: train nll 1.386, valid error 075.190%, best valid error 074.750%, avg grad norm   0.198, avg grad norm (post clip)   0.053, rho_Whh  0.95, Omega  0.00, alpha  2.000, steps in the past 0.000, valid nll 1.386
  [diag] log10|dL/dh_t| hist bins=60 range=(-12.50,-11.50) mean=-12.00 p50=-12.00 p05=-12.00 p95=-12.00
  [diag] sat-dist hist bins=60 sat<0.05=0.0% mean=0.983 p10=0.982 p90=0.983
Iter 0000820: train nll 1.387, valid error 075.270%, best valid error 074.750%, avg grad norm   0.206, avg grad norm (post clip)   0.053, rho_Whh  0.95, Omega  0.00, alpha  2.000, steps in the past 0.000, valid nll 1.386
  [diag] log10|dL/dh_t| hist bins=60 range=(-12.50,-11.50) mean=-12.00 p50=-12.00 p05=-12.00 p95=-12.00
  [diag] sat-dist hist bins=60 sat<0.05=0.0% mean=0.983 p10=0.982 p90=0.983
Iter 0000840: train nll 1.386, valid error 074.980%, best valid error 074.750%, avg grad norm   0.142, avg grad norm (post clip)   0.053, rho_Whh  0.95, Omega  0.00, alpha  2.000, steps in the past 0.000, valid nll 1.386
  [diag] log10|dL/dh_t| hist bins=60 range=(-12.50,-11.50) mean=-12.00 p50=-12.00 p05=-12.00 p95=-12.00
  [diag] sat-dist hist bins=60 sat<0.05=0.0% mean=0.983 p10=0.983 p90=0.984
Iter 0000860: train nll 1.387, valid error 075.660%, best valid error 074.750%, avg grad norm   0.189, avg grad norm (post clip)   0.053, rho_Whh  0.95, Omega  0.00, alpha  2.000, steps in the past 0.000, valid nll 1.386
  [diag] log10|dL/dh_t| hist bins=60 range=(-12.50,-11.50) mean=-12.00 p50=-12.00 p05=-12.00 p95=-12.00
  [diag] sat-dist hist bins=60 sat<0.05=0.0% mean=0.983 p10=0.982 p90=0.984
Iter 0000880: train nll 1.386, valid error 075.230%, best valid error 074.750%, avg grad norm   0.156, avg grad norm (post clip)   0.052, rho_Whh  0.95, Omega  0.00, alpha  2.000, steps in the past 0.000, valid nll 1.386
  [diag] log10|dL/dh_t| hist bins=60 range=(-12.50,-11.50) mean=-12.00 p50=-12.00 p05=-12.00 p95=-12.00
  [diag] sat-dist hist bins=60 sat<0.05=0.0% mean=0.983 p10=0.983 p90=0.984
Iter 0000900: train nll 1.387, valid error 074.880%, best valid error 074.750%, avg grad norm   0.176, avg grad norm (post clip)   0.053, rho_Whh  0.95, Omega  0.00, alpha  2.000, steps in the past 0.000, valid nll 1.386
  [diag] log10|dL/dh_t| hist bins=60 range=(-12.50,-11.50) mean=-12.00 p50=-12.00 p05=-12.00 p95=-12.00
  [diag] sat-dist hist bins=60 sat<0.05=0.0% mean=0.983 p10=0.982 p90=0.983
Iter 0000920: train nll 1.387, valid error 075.270%, best valid error 074.750%, avg grad norm   0.169, avg grad norm (post clip)   0.053, rho_Whh  0.95, Omega  0.00, alpha  2.000, steps in the past 0.000, valid nll 1.386
  [diag] log10|dL/dh_t| hist bins=60 range=(-12.50,-11.50) mean=-12.00 p50=-12.00 p05=-12.00 p95=-12.00
  [diag] sat-dist hist bins=60 sat<0.05=0.0% mean=0.983 p10=0.982 p90=0.983
Iter 0000940: train nll 1.386, valid error 075.150%, best valid error 074.750%, avg grad norm   0.185, avg grad norm (post clip)   0.053, rho_Whh  0.95, Omega  0.00, alpha  2.000, steps in the past 0.000, valid nll 1.386
  [diag] log10|dL/dh_t| hist bins=60 range=(-12.50,-11.50) mean=-12.00 p50=-12.00 p05=-12.00 p95=-12.00
  [diag] sat-dist hist bins=60 sat<0.05=0.0% mean=0.983 p10=0.982 p90=0.983
Iter 0000960: train nll 1.386, valid error 075.170%, best valid error 074.750%, avg grad norm   0.175, avg grad norm (post clip)   0.053, rho_Whh  0.95, Omega  0.00, alpha  2.000, steps in the past 0.000, valid nll 1.386
  [diag] log10|dL/dh_t| hist bins=60 range=(-12.50,-11.50) mean=-12.00 p50=-12.00 p05=-12.00 p95=-12.00
  [diag] sat-dist hist bins=60 sat<0.05=0.0% mean=0.983 p10=0.982 p90=0.984
Iter 0000980: train nll 1.387, valid error 075.050%, best valid error 074.750%, avg grad norm   0.197, avg grad norm (post clip)   0.053, rho_Whh  0.95, Omega  0.00, alpha  2.000, steps in the past 0.000, valid nll 1.386
  [diag] log10|dL/dh_t| hist bins=60 range=(-12.50,-11.50) mean=-12.00 p50=-12.00 p05=-12.00 p95=-12.00
  [diag] sat-dist hist bins=60 sat<0.05=0.0% mean=0.983 p10=0.983 p90=0.984
Iter 0001000: train nll 1.386, valid error 074.560%, best valid error 074.750%, avg grad norm   0.170, avg grad norm (post clip)   0.053, rho_Whh  0.95, Omega  0.00, alpha  2.000, steps in the past 0.000, valid nll 1.386
  [diag] log10|dL/dh_t| hist bins=60 range=(-12.50,-11.50) mean=-12.00 p50=-12.00 p05=-12.00 p95=-12.00
  [diag] sat-dist hist bins=60 sat<0.05=0.0% mean=0.983 p10=0.982 p90=0.983
Iter 0001020: train nll 1.387, valid error 074.940%, best valid error 074.560%, avg grad norm   0.216, avg grad norm (post clip)   0.053, rho_Whh  0.95, Omega  0.00, alpha  2.000, steps in the past 0.000, valid nll 1.386
  [diag] log10|dL/dh_t| hist bins=60 range=(-12.50,-11.50) mean=-12.00 p50=-12.00 p05=-12.00 p95=-12.00
  [diag] sat-dist hist bins=60 sat<0.05=0.0% mean=0.983 p10=0.982 p90=0.983
Iter 0001040: train nll 1.386, valid error 074.880%, best valid error 074.560%, avg grad norm   0.177, avg grad norm (post clip)   0.053, rho_Whh  0.95, Omega  0.00, alpha  2.000, steps in the past 0.000, valid nll 1.386
  [diag] log10|dL/dh_t| hist bins=60 range=(-12.50,-11.50) mean=-12.00 p50=-12.00 p05=-12.00 p95=-12.00
  [diag] sat-dist hist bins=60 sat<0.05=0.0% mean=0.983 p10=0.983 p90=0.984
Iter 0001060: train nll 1.386, valid error 074.470%, best valid error 074.560%, avg grad norm   0.169, avg grad norm (post clip)   0.053, rho_Whh  0.95, Omega  0.00, alpha  2.000, steps in the past 0.000, valid nll 1.386
  [diag] log10|dL/dh_t| hist bins=60 range=(-12.50,-11.50) mean=-12.00 p50=-12.00 p05=-12.00 p95=-12.00
  [diag] sat-dist hist bins=60 sat<0.05=0.0% mean=0.984 p10=0.983 p90=0.984
Iter 0001080: train nll 1.386, valid error 074.510%, best valid error 074.470%, avg grad norm   0.197, avg grad norm (post clip)   0.053, rho_Whh  0.95, Omega  0.00, alpha  2.000, steps in the past 0.000, valid nll 1.386
  [diag] log10|dL/dh_t| hist bins=60 range=(-12.50,-11.50) mean=-12.00 p50=-12.00 p05=-12.00 p95=-12.00
  [diag] sat-dist hist bins=60 sat<0.05=0.0% mean=0.984 p10=0.983 p90=0.984
Iter 0001100: train nll 1.386, valid error 074.430%, best valid error 074.470%, avg grad norm   0.215, avg grad norm (post clip)   0.053, rho_Whh  0.95, Omega  0.00, alpha  2.000, steps in the past 0.000, valid nll 1.386
  [diag] log10|dL/dh_t| hist bins=60 range=(-12.50,-11.50) mean=-12.00 p50=-12.00 p05=-12.00 p95=-12.00
  [diag] sat-dist hist bins=60 sat<0.05=0.0% mean=0.984 p10=0.983 p90=0.984
Iter 0001120: train nll 1.386, valid error 075.210%, best valid error 074.430%, avg grad norm   0.182, avg grad norm (post clip)   0.053, rho_Whh  0.95, Omega  0.00, alpha  2.000, steps in the past 0.000, valid nll 1.386
  [diag] log10|dL/dh_t| hist bins=60 range=(-12.50,-11.50) mean=-12.00 p50=-12.00 p05=-12.00 p95=-12.00
  [diag] sat-dist hist bins=60 sat<0.05=0.0% mean=0.984 p10=0.983 p90=0.984
Iter 0001140: train nll 1.387, valid error 074.450%, best valid error 074.430%, avg grad norm   0.193, avg grad norm (post clip)   0.052, rho_Whh  0.95, Omega  0.00, alpha  2.000, steps in the past 0.000, valid nll 1.386
  [diag] log10|dL/dh_t| hist bins=60 range=(-12.50,-11.50) mean=-12.00 p50=-12.00 p05=-12.00 p95=-12.00
  [diag] sat-dist hist bins=60 sat<0.05=0.0% mean=0.984 p10=0.983 p90=0.984
Iter 0001160: train nll 1.386, valid error 074.620%, best valid error 074.430%, avg grad norm   0.192, avg grad norm (post clip)   0.053, rho_Whh  0.95, Omega  0.00, alpha  2.000, steps in the past 0.000, valid nll 1.386
  [diag] log10|dL/dh_t| hist bins=60 range=(-12.50,-11.50) mean=-12.00 p50=-12.00 p05=-12.00 p95=-12.00
  [diag] sat-dist hist bins=60 sat<0.05=0.0% mean=0.984 p10=0.983 p90=0.984
Iter 0001180: train nll 1.386, valid error 074.480%, best valid error 074.430%, avg grad norm   0.198, avg grad norm (post clip)   0.053, rho_Whh  0.95, Omega  0.00, alpha  2.000, steps in the past 0.000, valid nll 1.386
  [diag] log10|dL/dh_t| hist bins=60 range=(-12.50,-11.50) mean=-12.00 p50=-12.00 p05=-12.00 p95=-12.00
  [diag] sat-dist hist bins=60 sat<0.05=0.0% mean=0.984 p10=0.983 p90=0.984
Iter 0001200: train nll 1.386, valid error 074.330%, best valid error 074.430%, avg grad norm   0.160, avg grad norm (post clip)   0.053, rho_Whh  0.95, Omega  0.00, alpha  2.000, steps in the past 0.000, valid nll 1.386
  [diag] log10|dL/dh_t| hist bins=60 range=(-12.50,-11.50) mean=-12.00 p50=-12.00 p05=-12.00 p95=-12.00
  [diag] sat-dist hist bins=60 sat<0.05=0.0% mean=0.984 p10=0.983 p90=0.984
Iter 0001220: train nll 1.386, valid error 074.330%, best valid error 074.330%, avg grad norm   0.160, avg grad norm (post clip)   0.052, rho_Whh  0.95, Omega  0.00, alpha  2.000, steps in the past 0.000, valid nll 1.386
  [diag] log10|dL/dh_t| hist bins=60 range=(-12.50,-11.50) mean=-12.00 p50=-12.00 p05=-12.00 p95=-12.00
  [diag] sat-dist hist bins=60 sat<0.05=0.0% mean=0.984 p10=0.983 p90=0.984
Iter 0001240: train nll 1.387, valid error 074.330%, best valid error 074.330%, avg grad norm   0.206, avg grad norm (post clip)   0.053, rho_Whh  0.95, Omega  0.00, alpha  2.000, steps in the past 0.000, valid nll 1.386
  [diag] log10|dL/dh_t| hist bins=60 range=(-12.50,-11.50) mean=-12.00 p50=-12.00 p05=-12.00 p95=-12.00
  [diag] sat-dist hist bins=60 sat<0.05=0.0% mean=0.984 p10=0.983 p90=0.984
Iter 0001260: train nll 1.386, valid error 074.340%, best valid error 074.330%, avg grad norm   0.180, avg grad norm (post clip)   0.053, rho_Whh  0.95, Omega  0.00, alpha  2.000, steps in the past 0.000, valid nll 1.386
  [diag] log10|dL/dh_t| hist bins=60 range=(-12.50,-11.50) mean=-12.00 p50=-12.00 p05=-12.00 p95=-12.00
  [diag] sat-dist hist bins=60 sat<0.05=0.0% mean=0.983 p10=0.983 p90=0.984
Iter 0001280: train nll 1.386, valid error 074.340%, best valid error 074.330%, avg grad norm   0.197, avg grad norm (post clip)   0.053, rho_Whh  0.95, Omega  0.00, alpha  2.000, steps in the past 0.000, valid nll 1.386
  [diag] log10|dL/dh_t| hist bins=60 range=(-12.50,-11.50) mean=-12.00 p50=-12.00 p05=-12.00 p95=-12.00
  [diag] sat-dist hist bins=60 sat<0.05=0.0% mean=0.983 p10=0.983 p90=0.984
Iter 0001300: train nll 1.386, valid error 074.340%, best valid error 074.330%, avg grad norm   0.199, avg grad norm (post clip)   0.053, rho_Whh  0.95, Omega  0.00, alpha  2.000, steps in the past 0.000, valid nll 1.386
  [diag] log10|dL/dh_t| hist bins=60 range=(-12.50,-11.50) mean=-12.00 p50=-12.00 p05=-12.00 p95=-12.00
  [diag] sat-dist hist bins=60 sat<0.05=0.0% mean=0.984 p10=0.983 p90=0.984
Iter 0001320: train nll 1.386, valid error 074.330%, best valid error 074.330%, avg grad norm   0.180, avg grad norm (post clip)   0.052, rho_Whh  0.95, Omega  0.00, alpha  2.000, steps in the past 0.000, valid nll 1.386
  [diag] log10|dL/dh_t| hist bins=60 range=(-12.50,-11.50) mean=-12.00 p50=-12.00 p05=-12.00 p95=-12.00
  [diag] sat-dist hist bins=60 sat<0.05=0.0% mean=0.984 p10=0.983 p90=0.984
Iter 0001340: train nll 1.386, valid error 074.330%, best valid error 074.330%, avg grad norm   0.170, avg grad norm (post clip)   0.053, rho_Whh  0.95, Omega  0.00, alpha  2.000, steps in the past 0.000, valid nll 1.386
  [diag] log10|dL/dh_t| hist bins=60 range=(-12.50,-11.50) mean=-12.00 p50=-12.00 p05=-12.00 p95=-12.00
  [diag] sat-dist hist bins=60 sat<0.05=0.0% mean=0.984 p10=0.983 p90=0.985
Iter 0001360: train nll 1.386, valid error 074.330%, best valid error 074.330%, avg grad norm   0.181, avg grad norm (post clip)   0.053, rho_Whh  0.95, Omega  0.00, alpha  2.000, steps in the past 0.000, valid nll 1.386
  [diag] log10|dL/dh_t| hist bins=60 range=(-12.50,-11.50) mean=-12.00 p50=-12.00 p05=-12.00 p95=-12.00
  [diag] sat-dist hist bins=60 sat<0.05=0.0% mean=0.984 p10=0.983 p90=0.984
Iter 0001380: train nll 1.386, valid error 074.330%, best valid error 074.330%, avg grad norm   0.171, avg grad norm (post clip)   0.053, rho_Whh  0.95, Omega  0.00, alpha  2.000, steps in the past 0.000, valid nll 1.386
  [diag] log10|dL/dh_t| hist bins=60 range=(-12.50,-11.50) mean=-12.00 p50=-12.00 p05=-12.00 p95=-12.00
  [diag] sat-dist hist bins=60 sat<0.05=0.0% mean=0.984 p10=0.983 p90=0.984
Iter 0001400: train nll 1.386, valid error 074.330%, best valid error 074.330%, avg grad norm   0.180, avg grad norm (post clip)   0.053, rho_Whh  0.95, Omega  0.00, alpha  2.000, steps in the past 0.000, valid nll 1.386
  [diag] log10|dL/dh_t| hist bins=60 range=(-12.50,-11.50) mean=-12.00 p50=-12.00 p05=-12.00 p95=-12.00
  [diag] sat-dist hist bins=60 sat<0.05=0.0% mean=0.984 p10=0.983 p90=0.984
Iter 0001420: train nll 1.387, valid error 074.330%, best valid error 074.330%, avg grad norm   0.181, avg grad norm (post clip)   0.053, rho_Whh  0.95, Omega  0.00, alpha  2.000, steps in the past 0.000, valid nll 1.386
  [diag] log10|dL/dh_t| hist bins=60 range=(-12.50,-11.50) mean=-12.00 p50=-12.00 p05=-12.00 p95=-12.00
  [diag] sat-dist hist bins=60 sat<0.05=0.0% mean=0.984 p10=0.983 p90=0.984
Iter 0001440: train nll 1.386, valid error 074.330%, best valid error 074.330%, avg grad norm   0.172, avg grad norm (post clip)   0.053, rho_Whh  0.95, Omega  0.00, alpha  2.000, steps in the past 0.000, valid nll 1.386
  [diag] log10|dL/dh_t| hist bins=60 range=(-12.50,-11.50) mean=-12.00 p50=-12.00 p05=-12.00 p95=-12.00
  [diag] sat-dist hist bins=60 sat<0.05=0.0% mean=0.984 p10=0.983 p90=0.984
Iter 0001460: train nll 1.386, valid error 074.330%, best valid error 074.330%, avg grad norm   0.188, avg grad norm (post clip)   0.053, rho_Whh  0.95, Omega  0.00, alpha  2.000, steps in the past 0.000, valid nll 1.386
  [diag] log10|dL/dh_t| hist bins=60 range=(-12.50,-11.50) mean=-12.00 p50=-12.00 p05=-12.00 p95=-12.00
  [diag] sat-dist hist bins=60 sat<0.05=0.0% mean=0.984 p10=0.983 p90=0.984
Iter 0001480: train nll 1.387, valid error 074.330%, best valid error 074.330%, avg grad norm   0.221, avg grad norm (post clip)   0.053, rho_Whh  0.95, Omega  0.00, alpha  2.000, steps in the past 0.000, valid nll 1.386
  [diag] log10|dL/dh_t| hist bins=60 range=(-12.50,-11.50) mean=-12.00 p50=-12.00 p05=-12.00 p95=-12.00
  [diag] sat-dist hist bins=60 sat<0.05=0.0% mean=0.984 p10=0.983 p90=0.984
Iter 0001500: train nll 1.387, valid error 074.330%, best valid error 074.330%, avg grad norm   0.164, avg grad norm (post clip)   0.053, rho_Whh  0.95, Omega  0.00, alpha  2.000, steps in the past 0.000, valid nll 1.386
  [diag] log10|dL/dh_t| hist bins=60 range=(-12.50,-11.50) mean=-12.00 p50=-12.00 p05=-12.00 p95=-12.00
  [diag] sat-dist hist bins=60 sat<0.05=0.0% mean=0.984 p10=0.983 p90=0.984
Iter 0001520: train nll 1.386, valid error 074.330%, best valid error 074.330%, avg grad norm   0.177, avg grad norm (post clip)   0.052, rho_Whh  0.95, Omega  0.00, alpha  2.000, steps in the past 0.000, valid nll 1.386
  [diag] log10|dL/dh_t| hist bins=60 range=(-12.50,-11.50) mean=-12.00 p50=-12.00 p05=-12.00 p95=-12.00
  [diag] sat-dist hist bins=60 sat<0.05=0.0% mean=0.984 p10=0.983 p90=0.984
Iter 0001540: train nll 1.386, valid error 074.330%, best valid error 074.330%, avg grad norm   0.195, avg grad norm (post clip)   0.053, rho_Whh  0.95, Omega  0.00, alpha  2.000, steps in the past 0.000, valid nll 1.386
  [diag] log10|dL/dh_t| hist bins=60 range=(-12.50,-11.50) mean=-12.00 p50=-12.00 p05=-12.00 p95=-12.00
  [diag] sat-dist hist bins=60 sat<0.05=0.0% mean=0.984 p10=0.983 p90=0.984
Iter 0001560: train nll 1.387, valid error 074.330%, best valid error 074.330%, avg grad norm   0.225, avg grad norm (post clip)   0.053, rho_Whh  0.95, Omega  0.00, alpha  2.000, steps in the past 0.000, valid nll 1.386
  [diag] log10|dL/dh_t| hist bins=60 range=(-12.50,-11.50) mean=-12.00 p50=-12.00 p05=-12.00 p95=-12.00
  [diag] sat-dist hist bins=60 sat<0.05=0.0% mean=0.984 p10=0.983 p90=0.984
Iter 0001580: train nll 1.386, valid error 074.330%, best valid error 074.330%, avg grad norm   0.177, avg grad norm (post clip)   0.053, rho_Whh  0.95, Omega  0.00, alpha  2.000, steps in the past 0.000, valid nll 1.386
  [diag] log10|dL/dh_t| hist bins=60 range=(-12.50,-11.50) mean=-12.00 p50=-12.00 p05=-12.00 p95=-12.00
  [diag] sat-dist hist bins=60 sat<0.05=0.0% mean=0.984 p10=0.983 p90=0.984
Iter 0001600: train nll 1.387, valid error 074.330%, best valid error 074.330%, avg grad norm   0.202, avg grad norm (post clip)   0.053, rho_Whh  0.95, Omega  0.00, alpha  2.000, steps in the past 0.000, valid nll 1.386
  [diag] log10|dL/dh_t| hist bins=60 range=(-12.50,-11.50) mean=-12.00 p50=-12.00 p05=-12.00 p95=-12.00
  [diag] sat-dist hist bins=60 sat<0.05=0.0% mean=0.984 p10=0.984 p90=0.985
Iter 0001620: train nll 1.386, valid error 074.330%, best valid error 074.330%, avg grad norm   0.183, avg grad norm (post clip)   0.052, rho_Whh  0.95, Omega  0.00, alpha  2.000, steps in the past 0.000, valid nll 1.386
  [diag] log10|dL/dh_t| hist bins=60 range=(-12.50,-11.50) mean=-12.00 p50=-12.00 p05=-12.00 p95=-12.00
  [diag] sat-dist hist bins=60 sat<0.05=0.0% mean=0.985 p10=0.984 p90=0.985
Iter 0001640: train nll 1.386, valid error 074.330%, best valid error 074.330%, avg grad norm   0.181, avg grad norm (post clip)   0.053, rho_Whh  0.95, Omega  0.00, alpha  2.000, steps in the past 0.000, valid nll 1.386
  [diag] log10|dL/dh_t| hist bins=60 range=(-12.50,-11.50) mean=-12.00 p50=-12.00 p05=-12.00 p95=-12.00
  [diag] sat-dist hist bins=60 sat<0.05=0.0% mean=0.984 p10=0.984 p90=0.985
Iter 0001660: train nll 1.386, valid error 074.330%, best valid error 074.330%, avg grad norm   0.199, avg grad norm (post clip)   0.053, rho_Whh  0.95, Omega  0.00, alpha  2.000, steps in the past 0.000, valid nll 1.386
  [diag] log10|dL/dh_t| hist bins=60 range=(-12.50,-11.50) mean=-12.00 p50=-12.00 p05=-12.00 p95=-12.00
  [diag] sat-dist hist bins=60 sat<0.05=0.0% mean=0.984 p10=0.983 p90=0.985
Iter 0001680: train nll 1.386, valid error 074.330%, best valid error 074.330%, avg grad norm   0.173, avg grad norm (post clip)   0.053, rho_Whh  0.95, Omega  0.00, alpha  2.000, steps in the past 0.000, valid nll 1.386
  [diag] log10|dL/dh_t| hist bins=60 range=(-12.50,-11.50) mean=-12.00 p50=-12.00 p05=-12.00 p95=-12.00
  [diag] sat-dist hist bins=60 sat<0.05=0.0% mean=0.984 p10=0.983 p90=0.984
Iter 0001700: train nll 1.386, valid error 074.330%, best valid error 074.330%, avg grad norm   0.157, avg grad norm (post clip)   0.051, rho_Whh  0.95, Omega  0.00, alpha  2.000, steps in the past 0.000, valid nll 1.386
  [diag] log10|dL/dh_t| hist bins=60 range=(-12.50,-11.50) mean=-12.00 p50=-12.00 p05=-12.00 p95=-12.00
  [diag] sat-dist hist bins=60 sat<0.05=0.0% mean=0.984 p10=0.983 p90=0.984
Iter 0001720: train nll 1.386, valid error 074.330%, best valid error 074.330%, avg grad norm   0.199, avg grad norm (post clip)   0.053, rho_Whh  0.95, Omega  0.00, alpha  2.000, steps in the past 0.000, valid nll 1.386
  [diag] log10|dL/dh_t| hist bins=60 range=(-12.50,-11.50) mean=-12.00 p50=-12.00 p05=-12.00 p95=-12.00
  [diag] sat-dist hist bins=60 sat<0.05=0.0% mean=0.984 p10=0.983 p90=0.984
Iter 0001740: train nll 1.386, valid error 074.330%, best valid error 074.330%, avg grad norm   0.181, avg grad norm (post clip)   0.053, rho_Whh  0.95, Omega  0.00, alpha  2.000, steps in the past 0.000, valid nll 1.386
  [diag] log10|dL/dh_t| hist bins=60 range=(-12.50,-11.50) mean=-12.00 p50=-12.00 p05=-12.00 p95=-12.00
  [diag] sat-dist hist bins=60 sat<0.05=0.0% mean=0.984 p10=0.983 p90=0.984
Iter 0001760: train nll 1.386, valid error 074.340%, best valid error 074.330%, avg grad norm   0.186, avg grad norm (post clip)   0.053, rho_Whh  0.95, Omega  0.00, alpha  2.000, steps in the past 0.000, valid nll 1.386
  [diag] log10|dL/dh_t| hist bins=60 range=(-12.50,-11.50) mean=-12.00 p50=-12.00 p05=-12.00 p95=-12.00
  [diag] sat-dist hist bins=60 sat<0.05=0.0% mean=0.984 p10=0.983 p90=0.984
Iter 0001780: train nll 1.386, valid error 074.330%, best valid error 074.330%, avg grad norm   0.184, avg grad norm (post clip)   0.053, rho_Whh  0.95, Omega  0.00, alpha  2.000, steps in the past 0.000, valid nll 1.386
  [diag] log10|dL/dh_t| hist bins=60 range=(-12.50,-11.50) mean=-12.00 p50=-12.00 p05=-12.00 p95=-12.00
  [diag] sat-dist hist bins=60 sat<0.05=0.0% mean=0.984 p10=0.983 p90=0.984
Iter 0001800: train nll 1.386, valid error 074.330%, best valid error 074.330%, avg grad norm   0.151, avg grad norm (post clip)   0.051, rho_Whh  0.95, Omega  0.00, alpha  2.000, steps in the past 0.000, valid nll 1.386
  [diag] log10|dL/dh_t| hist bins=60 range=(-12.50,-11.50) mean=-12.00 p50=-12.00 p05=-12.00 p95=-12.00
  [diag] sat-dist hist bins=60 sat<0.05=0.0% mean=0.983 p10=0.983 p90=0.984
Iter 0001820: train nll 1.386, valid error 074.520%, best valid error 074.330%, avg grad norm   0.219, avg grad norm (post clip)   0.053, rho_Whh  0.95, Omega  0.00, alpha  2.000, steps in the past 0.000, valid nll 1.386
  [diag] log10|dL/dh_t| hist bins=60 range=(-12.50,-11.50) mean=-12.00 p50=-12.00 p05=-12.00 p95=-12.00
  [diag] sat-dist hist bins=60 sat<0.05=0.0% mean=0.983 p10=0.982 p90=0.984
Iter 0001840: train nll 1.386, valid error 074.610%, best valid error 074.330%, avg grad norm   0.177, avg grad norm (post clip)   0.053, rho_Whh  0.95, Omega  0.00, alpha  2.000, steps in the past 0.000, valid nll 1.386
  [diag] log10|dL/dh_t| hist bins=60 range=(-12.50,-11.50) mean=-12.00 p50=-12.00 p05=-12.00 p95=-12.00
  [diag] sat-dist hist bins=60 sat<0.05=0.0% mean=0.983 p10=0.983 p90=0.984
Iter 0001860: train nll 1.386, valid error 074.580%, best valid error 074.330%, avg grad norm   0.156, avg grad norm (post clip)   0.053, rho_Whh  0.95, Omega  0.00, alpha  2.000, steps in the past 0.000, valid nll 1.386
  [diag] log10|dL/dh_t| hist bins=60 range=(-12.50,-11.50) mean=-12.00 p50=-12.00 p05=-12.00 p95=-12.00
  [diag] sat-dist hist bins=60 sat<0.05=0.0% mean=0.984 p10=0.983 p90=0.984
Iter 0001880: train nll 1.387, valid error 074.420%, best valid error 074.330%, avg grad norm   0.171, avg grad norm (post clip)   0.053, rho_Whh  0.95, Omega  0.00, alpha  2.000, steps in the past 0.000, valid nll 1.386
  [diag] log10|dL/dh_t| hist bins=60 range=(-12.50,-11.50) mean=-12.00 p50=-12.00 p05=-12.00 p95=-12.00
  [diag] sat-dist hist bins=60 sat<0.05=0.0% mean=0.983 p10=0.983 p90=0.984
Iter 0001900: train nll 1.387, valid error 074.660%, best valid error 074.330%, avg grad norm   0.172, avg grad norm (post clip)   0.053, rho_Whh  0.95, Omega  0.00, alpha  2.000, steps in the past 0.000, valid nll 1.386
  [diag] log10|dL/dh_t| hist bins=60 range=(-12.50,-11.50) mean=-12.00 p50=-12.00 p05=-12.00 p95=-12.00
  [diag] sat-dist hist bins=60 sat<0.05=0.0% mean=0.983 p10=0.983 p90=0.984
Iter 0001920: train nll 1.386, valid error 075.530%, best valid error 074.330%, avg grad norm   0.181, avg grad norm (post clip)   0.053, rho_Whh  0.95, Omega  0.00, alpha  2.000, steps in the past 0.000, valid nll 1.386
  [diag] log10|dL/dh_t| hist bins=60 range=(-12.50,-11.50) mean=-12.00 p50=-12.00 p05=-12.00 p95=-12.00
  [diag] sat-dist hist bins=60 sat<0.05=0.0% mean=0.983 p10=0.983 p90=0.984
Iter 0001940: train nll 1.386, valid error 075.370%, best valid error 074.330%, avg grad norm   0.183, avg grad norm (post clip)   0.053, rho_Whh  0.95, Omega  0.00, alpha  2.000, steps in the past 0.000, valid nll 1.386
  [diag] log10|dL/dh_t| hist bins=60 range=(-12.50,-11.50) mean=-12.00 p50=-12.00 p05=-12.00 p95=-12.00
  [diag] sat-dist hist bins=60 sat<0.05=0.0% mean=0.983 p10=0.983 p90=0.984
Iter 0001960: train nll 1.386, valid error 074.990%, best valid error 074.330%, avg grad norm   0.186, avg grad norm (post clip)   0.053, rho_Whh  0.95, Omega  0.00, alpha  2.000, steps in the past 0.000, valid nll 1.386
  [diag] log10|dL/dh_t| hist bins=60 range=(-12.50,-11.50) mean=-12.00 p50=-12.00 p05=-12.00 p95=-12.00
  [diag] sat-dist hist bins=60 sat<0.05=0.0% mean=0.983 p10=0.983 p90=0.984
Iter 0001980: train nll 1.386, valid error 075.190%, best valid error 074.330%, avg grad norm   0.169, avg grad norm (post clip)   0.053, rho_Whh  0.95, Omega  0.00, alpha  2.000, steps in the past 0.000, valid nll 1.386
  [diag] log10|dL/dh_t| hist bins=60 range=(-12.50,-11.50) mean=-12.00 p50=-12.00 p05=-12.00 p95=-12.00
  [diag] sat-dist hist bins=60 sat<0.05=0.0% mean=0.983 p10=0.982 p90=0.984
Iter 0002000: train nll 1.386, valid error 074.890%, best valid error 074.330%, avg grad norm   0.182, avg grad norm (post clip)   0.053, rho_Whh  0.95, Omega  0.00, alpha  2.000, steps in the past 0.000, valid nll 1.386
  [diag] log10|dL/dh_t| hist bins=60 range=(-12.50,-11.50) mean=-12.00 p50=-12.00 p05=-12.00 p95=-12.00
  [diag] sat-dist hist bins=60 sat<0.05=0.0% mean=0.983 p10=0.982 p90=0.983
Iter 0002020: train nll 1.386, valid error 075.230%, best valid error 074.330%, avg grad norm   0.189, avg grad norm (post clip)   0.053, rho_Whh  0.95, Omega  0.00, alpha  2.000, steps in the past 0.000, valid nll 1.386
  [diag] log10|dL/dh_t| hist bins=60 range=(-12.50,-11.50) mean=-12.00 p50=-12.00 p05=-12.00 p95=-12.00
  [diag] sat-dist hist bins=60 sat<0.05=0.0% mean=0.983 p10=0.982 p90=0.983
Iter 0002040: train nll 1.386, valid error 075.260%, best valid error 074.330%, avg grad norm   0.200, avg grad norm (post clip)   0.053, rho_Whh  0.95, Omega  0.00, alpha  2.000, steps in the past 0.000, valid nll 1.386
  [diag] log10|dL/dh_t| hist bins=60 range=(-12.50,-11.50) mean=-12.00 p50=-12.00 p05=-12.00 p95=-12.00
  [diag] sat-dist hist bins=60 sat<0.05=0.0% mean=0.983 p10=0.982 p90=0.984
Iter 0002060: train nll 1.387, valid error 075.220%, best valid error 074.330%, avg grad norm   0.180, avg grad norm (post clip)   0.053, rho_Whh  0.95, Omega  0.00, alpha  2.000, steps in the past 0.000, valid nll 1.386
  [diag] log10|dL/dh_t| hist bins=60 range=(-12.50,-11.50) mean=-12.00 p50=-12.00 p05=-12.00 p95=-12.00
  [diag] sat-dist hist bins=60 sat<0.05=0.0% mean=0.983 p10=0.982 p90=0.983
Iter 0002080: train nll 1.386, valid error 075.160%, best valid error 074.330%, avg grad norm   0.170, avg grad norm (post clip)   0.053, rho_Whh  0.95, Omega  0.00, alpha  2.000, steps in the past 0.000, valid nll 1.386
  [diag] log10|dL/dh_t| hist bins=60 range=(-12.50,-11.50) mean=-12.00 p50=-12.00 p05=-12.00 p95=-12.00
  [diag] sat-dist hist bins=60 sat<0.05=0.0% mean=0.983 p10=0.982 p90=0.983
Iter 0002100: train nll 1.387, valid error 074.970%, best valid error 074.330%, avg grad norm   0.190, avg grad norm (post clip)   0.053, rho_Whh  0.95, Omega  0.00, alpha  2.000, steps in the past 0.000, valid nll 1.386
  [diag] log10|dL/dh_t| hist bins=60 range=(-12.50,-11.50) mean=-12.00 p50=-12.00 p05=-12.00 p95=-12.00
  [diag] sat-dist hist bins=60 sat<0.05=0.0% mean=0.983 p10=0.982 p90=0.984
Iter 0002120: train nll 1.386, valid error 075.130%, best valid error 074.330%, avg grad norm   0.177, avg grad norm (post clip)   0.053, rho_Whh  0.95, Omega  0.00, alpha  2.000, steps in the past 0.000, valid nll 1.386
  [diag] log10|dL/dh_t| hist bins=60 range=(-12.50,-11.50) mean=-12.00 p50=-12.00 p05=-12.00 p95=-12.00
  [diag] sat-dist hist bins=60 sat<0.05=0.0% mean=0.983 p10=0.982 p90=0.983
Iter 0002140: train nll 1.387, valid error 075.050%, best valid error 074.330%, avg grad norm   0.190, avg grad norm (post clip)   0.053, rho_Whh  0.95, Omega  0.00, alpha  2.000, steps in the past 0.000, valid nll 1.386
  [diag] log10|dL/dh_t| hist bins=60 range=(-12.50,-11.50) mean=-12.00 p50=-12.00 p05=-12.00 p95=-12.00
  [diag] sat-dist hist bins=60 sat<0.05=0.0% mean=0.982 p10=0.981 p90=0.983
Iter 0002160: train nll 1.387, valid error 075.220%, best valid error 074.330%, avg grad norm   0.199, avg grad norm (post clip)   0.053, rho_Whh  0.95, Omega  0.00, alpha  2.000, steps in the past 0.000, valid nll 1.386
  [diag] log10|dL/dh_t| hist bins=60 range=(-12.50,-11.50) mean=-12.00 p50=-12.00 p05=-12.00 p95=-12.00
  [diag] sat-dist hist bins=60 sat<0.05=0.0% mean=0.982 p10=0.981 p90=0.982
Iter 0002180: train nll 1.386, valid error 075.220%, best valid error 074.330%, avg grad norm   0.207, avg grad norm (post clip)   0.053, rho_Whh  0.95, Omega  0.00, alpha  2.000, steps in the past 0.000, valid nll 1.386
  [diag] log10|dL/dh_t| hist bins=60 range=(-12.50,-11.50) mean=-12.00 p50=-12.00 p05=-12.00 p95=-12.00
  [diag] sat-dist hist bins=60 sat<0.05=0.0% mean=0.982 p10=0.981 p90=0.982
Iter 0002200: train nll 1.386, valid error 075.220%, best valid error 074.330%, avg grad norm   0.197, avg grad norm (post clip)   0.053, rho_Whh  0.95, Omega  0.00, alpha  2.000, steps in the past 0.000, valid nll 1.386
  [diag] log10|dL/dh_t| hist bins=60 range=(-12.50,-11.50) mean=-12.00 p50=-12.00 p05=-12.00 p95=-12.00
  [diag] sat-dist hist bins=60 sat<0.05=0.0% mean=0.982 p10=0.981 p90=0.982
Iter 0002220: train nll 1.387, valid error 075.220%, best valid error 074.330%, avg grad norm   0.196, avg grad norm (post clip)   0.053, rho_Whh  0.95, Omega  0.00, alpha  2.000, steps in the past 0.000, valid nll 1.386
  [diag] log10|dL/dh_t| hist bins=60 range=(-12.50,-11.50) mean=-12.00 p50=-12.00 p05=-12.00 p95=-12.00
  [diag] sat-dist hist bins=60 sat<0.05=0.0% mean=0.982 p10=0.981 p90=0.982
Iter 0002240: train nll 1.386, valid error 075.220%, best valid error 074.330%, avg grad norm   0.194, avg grad norm (post clip)   0.053, rho_Whh  0.95, Omega  0.00, alpha  2.000, steps in the past 0.000, valid nll 1.386
  [diag] log10|dL/dh_t| hist bins=60 range=(-12.50,-11.50) mean=-12.00 p50=-12.00 p05=-12.00 p95=-12.00
  [diag] sat-dist hist bins=60 sat<0.05=0.0% mean=0.982 p10=0.981 p90=0.982
Iter 0002260: train nll 1.386, valid error 075.220%, best valid error 074.330%, avg grad norm   0.173, avg grad norm (post clip)   0.053, rho_Whh  0.95, Omega  0.00, alpha  2.000, steps in the past 0.000, valid nll 1.386
  [diag] log10|dL/dh_t| hist bins=60 range=(-12.50,-11.50) mean=-12.00 p50=-12.00 p05=-12.00 p95=-12.00
  [diag] sat-dist hist bins=60 sat<0.05=0.0% mean=0.982 p10=0.981 p90=0.982
Iter 0002280: train nll 1.386, valid error 075.220%, best valid error 074.330%, avg grad norm   0.196, avg grad norm (post clip)   0.053, rho_Whh  0.95, Omega  0.00, alpha  2.000, steps in the past 0.000, valid nll 1.386
  [diag] log10|dL/dh_t| hist bins=60 range=(-12.50,-11.50) mean=-12.00 p50=-12.00 p05=-12.00 p95=-12.00
  [diag] sat-dist hist bins=60 sat<0.05=0.0% mean=0.982 p10=0.981 p90=0.982
Iter 0002300: train nll 1.386, valid error 075.220%, best valid error 074.330%, avg grad norm   0.186, avg grad norm (post clip)   0.053, rho_Whh  0.95, Omega  0.00, alpha  2.000, steps in the past 0.000, valid nll 1.386
  [diag] log10|dL/dh_t| hist bins=60 range=(-12.50,-11.50) mean=-12.00 p50=-12.00 p05=-12.00 p95=-12.00
  [diag] sat-dist hist bins=60 sat<0.05=0.0% mean=0.982 p10=0.981 p90=0.982
Iter 0002320: train nll 1.386, valid error 075.220%, best valid error 074.330%, avg grad norm   0.197, avg grad norm (post clip)   0.053, rho_Whh  0.95, Omega  0.00, alpha  2.000, steps in the past 0.000, valid nll 1.386
  [diag] log10|dL/dh_t| hist bins=60 range=(-12.50,-11.50) mean=-12.00 p50=-12.00 p05=-12.00 p95=-12.00
  [diag] sat-dist hist bins=60 sat<0.05=0.0% mean=0.982 p10=0.981 p90=0.982
Iter 0002340: train nll 1.387, valid error 075.220%, best valid error 074.330%, avg grad norm   0.174, avg grad norm (post clip)   0.052, rho_Whh  0.95, Omega  0.00, alpha  2.000, steps in the past 0.000, valid nll 1.386
  [diag] log10|dL/dh_t| hist bins=60 range=(-12.50,-11.50) mean=-12.00 p50=-12.00 p05=-12.00 p95=-12.00
  [diag] sat-dist hist bins=60 sat<0.05=0.0% mean=0.981 p10=0.981 p90=0.982
Iter 0002360: train nll 1.386, valid error 075.220%, best valid error 074.330%, avg grad norm   0.221, avg grad norm (post clip)   0.053, rho_Whh  0.95, Omega  0.00, alpha  2.000, steps in the past 0.000, valid nll 1.386
  [diag] log10|dL/dh_t| hist bins=60 range=(-12.50,-11.50) mean=-12.00 p50=-12.00 p05=-12.00 p95=-12.00
  [diag] sat-dist hist bins=60 sat<0.05=0.0% mean=0.982 p10=0.981 p90=0.982
Iter 0002380: train nll 1.387, valid error 075.220%, best valid error 074.330%, avg grad norm   0.202, avg grad norm (post clip)   0.053, rho_Whh  0.95, Omega  0.00, alpha  2.000, steps in the past 0.000, valid nll 1.386
  [diag] log10|dL/dh_t| hist bins=60 range=(-12.50,-11.50) mean=-12.00 p50=-12.00 p05=-12.00 p95=-12.00
  [diag] sat-dist hist bins=60 sat<0.05=0.0% mean=0.982 p10=0.981 p90=0.982
Iter 0002400: train nll 1.386, valid error 075.220%, best valid error 074.330%, avg grad norm   0.176, avg grad norm (post clip)   0.052, rho_Whh  0.95, Omega  0.00, alpha  2.000, steps in the past 0.000, valid nll 1.386
  [diag] log10|dL/dh_t| hist bins=60 range=(-12.50,-11.50) mean=-12.00 p50=-12.00 p05=-12.00 p95=-12.00
  [diag] sat-dist hist bins=60 sat<0.05=0.0% mean=0.982 p10=0.982 p90=0.983
Iter 0002420: train nll 1.386, valid error 075.260%, best valid error 074.330%, avg grad norm   0.163, avg grad norm (post clip)   0.052, rho_Whh  0.95, Omega  0.00, alpha  2.000, steps in the past 0.000, valid nll 1.386
  [diag] log10|dL/dh_t| hist bins=60 range=(-12.50,-11.50) mean=-12.00 p50=-12.00 p05=-12.00 p95=-12.00
  [diag] sat-dist hist bins=60 sat<0.05=0.0% mean=0.982 p10=0.982 p90=0.983
Iter 0002440: train nll 1.386, valid error 075.270%, best valid error 074.330%, avg grad norm   0.201, avg grad norm (post clip)   0.053, rho_Whh  0.95, Omega  0.00, alpha  2.000, steps in the past 0.000, valid nll 1.386
  [diag] log10|dL/dh_t| hist bins=60 range=(-12.50,-11.50) mean=-12.00 p50=-12.00 p05=-12.00 p95=-12.00
  [diag] sat-dist hist bins=60 sat<0.05=0.0% mean=0.982 p10=0.982 p90=0.983
Iter 0002460: train nll 1.387, valid error 075.220%, best valid error 074.330%, avg grad norm   0.188, avg grad norm (post clip)   0.052, rho_Whh  0.95, Omega  0.00, alpha  2.000, steps in the past 0.000, valid nll 1.386
  [diag] log10|dL/dh_t| hist bins=60 range=(-12.50,-11.50) mean=-12.00 p50=-12.00 p05=-12.00 p95=-12.00
  [diag] sat-dist hist bins=60 sat<0.05=0.0% mean=0.982 p10=0.982 p90=0.983
Iter 0002480: train nll 1.386, valid error 075.120%, best valid error 074.330%, avg grad norm   0.170, avg grad norm (post clip)   0.053, rho_Whh  0.95, Omega  0.00, alpha  2.000, steps in the past 0.000, valid nll 1.386
  [diag] log10|dL/dh_t| hist bins=60 range=(-12.50,-11.50) mean=-12.00 p50=-12.00 p05=-12.00 p95=-12.00
  [diag] sat-dist hist bins=60 sat<0.05=0.0% mean=0.983 p10=0.982 p90=0.983
Iter 0002500: train nll 1.386, valid error 075.280%, best valid error 074.330%, avg grad norm   0.192, avg grad norm (post clip)   0.053, rho_Whh  0.95, Omega  0.00, alpha  2.000, steps in the past 0.000, valid nll 1.386
  [diag] log10|dL/dh_t| hist bins=60 range=(-12.50,-11.50) mean=-12.00 p50=-12.00 p05=-12.00 p95=-12.00
  [diag] sat-dist hist bins=60 sat<0.05=0.0% mean=0.983 p10=0.982 p90=0.983
Iter 0002520: train nll 1.386, valid error 075.010%, best valid error 074.330%, avg grad norm   0.164, avg grad norm (post clip)   0.052, rho_Whh  0.95, Omega  0.00, alpha  2.000, steps in the past 0.000, valid nll 1.386
  [diag] log10|dL/dh_t| hist bins=60 range=(-12.50,-11.50) mean=-12.00 p50=-12.00 p05=-12.00 p95=-12.00
  [diag] sat-dist hist bins=60 sat<0.05=0.0% mean=0.982 p10=0.982 p90=0.983
Iter 0002540: train nll 1.386, valid error 075.220%, best valid error 074.330%, avg grad norm   0.212, avg grad norm (post clip)   0.053, rho_Whh  0.95, Omega  0.00, alpha  2.000, steps in the past 0.000, valid nll 1.386
  [diag] log10|dL/dh_t| hist bins=60 range=(-12.50,-11.50) mean=-12.00 p50=-12.00 p05=-12.00 p95=-12.00
  [diag] sat-dist hist bins=60 sat<0.05=0.0% mean=0.983 p10=0.982 p90=0.983
Iter 0002560: train nll 1.387, valid error 075.200%, best valid error 074.330%, avg grad norm   0.198, avg grad norm (post clip)   0.053, rho_Whh  0.95, Omega  0.00, alpha  2.000, steps in the past 0.000, valid nll 1.386
  [diag] log10|dL/dh_t| hist bins=60 range=(-12.50,-11.50) mean=-12.00 p50=-12.00 p05=-12.00 p95=-12.00
  [diag] sat-dist hist bins=60 sat<0.05=0.0% mean=0.982 p10=0.981 p90=0.983
Iter 0002580: train nll 1.386, valid error 075.220%, best valid error 074.330%, avg grad norm   0.175, avg grad norm (post clip)   0.052, rho_Whh  0.95, Omega  0.00, alpha  2.000, steps in the past 0.000, valid nll 1.386
  [diag] log10|dL/dh_t| hist bins=60 range=(-12.50,-11.50) mean=-12.00 p50=-12.00 p05=-12.00 p95=-12.00
  [diag] sat-dist hist bins=60 sat<0.05=0.0% mean=0.982 p10=0.981 p90=0.983
Iter 0002600: train nll 1.386, valid error 075.220%, best valid error 074.330%, avg grad norm   0.175, avg grad norm (post clip)   0.053, rho_Whh  0.95, Omega  0.00, alpha  2.000, steps in the past 0.000, valid nll 1.386
  [diag] log10|dL/dh_t| hist bins=60 range=(-12.50,-11.50) mean=-12.00 p50=-12.00 p05=-12.00 p95=-12.00
  [diag] sat-dist hist bins=60 sat<0.05=0.0% mean=0.982 p10=0.981 p90=0.982
Iter 0002620: train nll 1.387, valid error 075.220%, best valid error 074.330%, avg grad norm   0.214, avg grad norm (post clip)   0.053, rho_Whh  0.95, Omega  0.00, alpha  2.000, steps in the past 0.000, valid nll 1.386
  [diag] log10|dL/dh_t| hist bins=60 range=(-12.50,-11.50) mean=-12.00 p50=-12.00 p05=-12.00 p95=-12.00
  [diag] sat-dist hist bins=60 sat<0.05=0.0% mean=0.982 p10=0.981 p90=0.983
Iter 0002640: train nll 1.386, valid error 075.220%, best valid error 074.330%, avg grad norm   0.190, avg grad norm (post clip)   0.053, rho_Whh  0.95, Omega  0.00, alpha  2.000, steps in the past 0.000, valid nll 1.386
  [diag] log10|dL/dh_t| hist bins=60 range=(-12.50,-11.50) mean=-12.00 p50=-12.00 p05=-12.00 p95=-12.00
  [diag] sat-dist hist bins=60 sat<0.05=0.0% mean=0.982 p10=0.981 p90=0.983
Iter 0002660: train nll 1.386, valid error 075.220%, best valid error 074.330%, avg grad norm   0.190, avg grad norm (post clip)   0.053, rho_Whh  0.95, Omega  0.00, alpha  2.000, steps in the past 0.000, valid nll 1.386
  [diag] log10|dL/dh_t| hist bins=60 range=(-12.50,-11.50) mean=-12.00 p50=-12.00 p05=-12.00 p95=-12.00
  [diag] sat-dist hist bins=60 sat<0.05=0.0% mean=0.982 p10=0.982 p90=0.983
Iter 0002680: train nll 1.386, valid error 075.220%, best valid error 074.330%, avg grad norm   0.169, avg grad norm (post clip)   0.053, rho_Whh  0.95, Omega  0.00, alpha  2.000, steps in the past 0.000, valid nll 1.386
  [diag] log10|dL/dh_t| hist bins=60 range=(-12.50,-11.50) mean=-12.00 p50=-12.00 p05=-12.00 p95=-12.00
  [diag] sat-dist hist bins=60 sat<0.05=0.0% mean=0.983 p10=0.982 p90=0.983
Iter 0002700: train nll 1.387, valid error 075.220%, best valid error 074.330%, avg grad norm   0.161, avg grad norm (post clip)   0.053, rho_Whh  0.95, Omega  0.00, alpha  2.000, steps in the past 0.000, valid nll 1.386
  [diag] log10|dL/dh_t| hist bins=60 range=(-12.50,-11.50) mean=-12.00 p50=-12.00 p05=-12.00 p95=-12.00
  [diag] sat-dist hist bins=60 sat<0.05=0.0% mean=0.983 p10=0.982 p90=0.984
Iter 0002720: train nll 1.386, valid error 075.180%, best valid error 074.330%, avg grad norm   0.176, avg grad norm (post clip)   0.053, rho_Whh  0.95, Omega  0.00, alpha  2.000, steps in the past 0.000, valid nll 1.386
  [diag] log10|dL/dh_t| hist bins=60 range=(-12.50,-11.50) mean=-12.00 p50=-12.00 p05=-12.00 p95=-12.00
  [diag] sat-dist hist bins=60 sat<0.05=0.0% mean=0.983 p10=0.982 p90=0.983
Iter 0002740: train nll 1.386, valid error 075.200%, best valid error 074.330%, avg grad norm   0.170, avg grad norm (post clip)   0.053, rho_Whh  0.95, Omega  0.00, alpha  2.000, steps in the past 0.000, valid nll 1.386
  [diag] log10|dL/dh_t| hist bins=60 range=(-12.50,-11.50) mean=-12.00 p50=-12.00 p05=-12.00 p95=-12.00
  [diag] sat-dist hist bins=60 sat<0.05=0.0% mean=0.983 p10=0.982 p90=0.983
Iter 0002760: train nll 1.386, valid error 075.220%, best valid error 074.330%, avg grad norm   0.186, avg grad norm (post clip)   0.053, rho_Whh  0.95, Omega  0.00, alpha  2.000, steps in the past 0.000, valid nll 1.386
  [diag] log10|dL/dh_t| hist bins=60 range=(-12.50,-11.50) mean=-12.00 p50=-12.00 p05=-12.00 p95=-12.00
  [diag] sat-dist hist bins=60 sat<0.05=0.0% mean=0.983 p10=0.982 p90=0.983
Iter 0002780: train nll 1.386, valid error 075.220%, best valid error 074.330%, avg grad norm   0.174, avg grad norm (post clip)   0.053, rho_Whh  0.95, Omega  0.00, alpha  2.000, steps in the past 0.000, valid nll 1.386
  [diag] log10|dL/dh_t| hist bins=60 range=(-12.50,-11.50) mean=-12.00 p50=-12.00 p05=-12.00 p95=-12.00
  [diag] sat-dist hist bins=60 sat<0.05=0.0% mean=0.983 p10=0.982 p90=0.983
Iter 0002800: train nll 1.386, valid error 075.200%, best valid error 074.330%, avg grad norm   0.180, avg grad norm (post clip)   0.052, rho_Whh  0.95, Omega  0.00, alpha  2.000, steps in the past 0.000, valid nll 1.386
  [diag] log10|dL/dh_t| hist bins=60 range=(-12.50,-11.50) mean=-12.00 p50=-12.00 p05=-12.00 p95=-12.00
  [diag] sat-dist hist bins=60 sat<0.05=0.0% mean=0.982 p10=0.982 p90=0.983
Iter 0002820: train nll 1.387, valid error 075.220%, best valid error 074.330%, avg grad norm   0.172, avg grad norm (post clip)   0.053, rho_Whh  0.95, Omega  0.00, alpha  2.000, steps in the past 0.000, valid nll 1.386
  [diag] log10|dL/dh_t| hist bins=60 range=(-12.50,-11.50) mean=-12.00 p50=-12.00 p05=-12.00 p95=-12.00
  [diag] sat-dist hist bins=60 sat<0.05=0.0% mean=0.983 p10=0.982 p90=0.983
Iter 0002840: train nll 1.386, valid error 075.220%, best valid error 074.330%, avg grad norm   0.163, avg grad norm (post clip)   0.053, rho_Whh  0.95, Omega  0.00, alpha  2.000, steps in the past 0.000, valid nll 1.386
  [diag] log10|dL/dh_t| hist bins=60 range=(-12.50,-11.50) mean=-12.00 p50=-12.00 p05=-12.00 p95=-12.00
  [diag] sat-dist hist bins=60 sat<0.05=0.0% mean=0.983 p10=0.982 p90=0.983
Iter 0002860: train nll 1.385, valid error 075.220%, best valid error 074.330%, avg grad norm   0.180, avg grad norm (post clip)   0.053, rho_Whh  0.95, Omega  0.00, alpha  2.000, steps in the past 0.000, valid nll 1.386
  [diag] log10|dL/dh_t| hist bins=60 range=(-12.50,-11.50) mean=-12.00 p50=-12.00 p05=-12.00 p95=-12.00
  [diag] sat-dist hist bins=60 sat<0.05=0.0% mean=0.983 p10=0.982 p90=0.984
Iter 0002880: train nll 1.386, valid error 075.560%, best valid error 074.330%, avg grad norm   0.191, avg grad norm (post clip)   0.053, rho_Whh  0.95, Omega  0.00, alpha  2.000, steps in the past 0.000, valid nll 1.386
  [diag] log10|dL/dh_t| hist bins=60 range=(-12.50,-11.50) mean=-12.00 p50=-12.00 p05=-12.00 p95=-12.00
  [diag] sat-dist hist bins=60 sat<0.05=0.0% mean=0.983 p10=0.983 p90=0.984
Iter 0002900: train nll 1.386, valid error 075.120%, best valid error 074.330%, avg grad norm   0.181, avg grad norm (post clip)   0.053, rho_Whh  0.95, Omega  0.00, alpha  2.000, steps in the past 0.000, valid nll 1.386
  [diag] log10|dL/dh_t| hist bins=60 range=(-12.50,-11.50) mean=-12.00 p50=-12.00 p05=-12.00 p95=-12.00
  [diag] sat-dist hist bins=60 sat<0.05=0.0% mean=0.983 p10=0.983 p90=0.984
Iter 0002920: train nll 1.387, valid error 075.560%, best valid error 074.330%, avg grad norm   0.190, avg grad norm (post clip)   0.052, rho_Whh  0.95, Omega  0.00, alpha  2.000, steps in the past 0.000, valid nll 1.386
  [diag] log10|dL/dh_t| hist bins=60 range=(-12.50,-11.50) mean=-12.00 p50=-12.00 p05=-12.00 p95=-12.00
  [diag] sat-dist hist bins=60 sat<0.05=0.0% mean=0.984 p10=0.983 p90=0.984
Iter 0002940: train nll 1.386, valid error 075.630%, best valid error 074.330%, avg grad norm   0.159, avg grad norm (post clip)   0.052, rho_Whh  0.95, Omega  0.00, alpha  2.000, steps in the past 0.000, valid nll 1.386
  [diag] log10|dL/dh_t| hist bins=60 range=(-12.50,-11.50) mean=-12.00 p50=-12.00 p05=-12.00 p95=-12.00
  [diag] sat-dist hist bins=60 sat<0.05=0.0% mean=0.983 p10=0.983 p90=0.984
Iter 0002960: train nll 1.386, valid error 075.150%, best valid error 074.330%, avg grad norm   0.164, avg grad norm (post clip)   0.052, rho_Whh  0.95, Omega  0.00, alpha  2.000, steps in the past 0.000, valid nll 1.386
  [diag] log10|dL/dh_t| hist bins=60 range=(-12.50,-11.50) mean=-12.00 p50=-12.00 p05=-12.00 p95=-12.00
  [diag] sat-dist hist bins=60 sat<0.05=0.0% mean=0.983 p10=0.982 p90=0.984
Iter 0002980: train nll 1.386, valid error 075.040%, best valid error 074.330%, avg grad norm   0.190, avg grad norm (post clip)   0.053, rho_Whh  0.95, Omega  0.00, alpha  2.000, steps in the past 0.000, valid nll 1.386
  [diag] log10|dL/dh_t| hist bins=60 range=(-12.50,-11.50) mean=-12.00 p50=-12.00 p05=-12.00 p95=-12.00
  [diag] sat-dist hist bins=60 sat<0.05=0.0% mean=0.983 p10=0.982 p90=0.984
Iter 0003000: train nll 1.387, valid error 075.230%, best valid error 074.330%, avg grad norm   0.169, avg grad norm (post clip)   0.053, rho_Whh  0.95, Omega  0.00, alpha  2.000, steps in the past 0.000, valid nll 1.386
  [diag] log10|dL/dh_t| hist bins=60 range=(-12.50,-11.50) mean=-12.00 p50=-12.00 p05=-12.00 p95=-12.00
  [diag] sat-dist hist bins=60 sat<0.05=0.0% mean=0.983 p10=0.982 p90=0.984
Iter 0003020: train nll 1.387, valid error 075.240%, best valid error 074.330%, avg grad norm   0.196, avg grad norm (post clip)   0.053, rho_Whh  0.95, Omega  0.00, alpha  2.000, steps in the past 0.000, valid nll 1.386
  [diag] log10|dL/dh_t| hist bins=60 range=(-12.50,-11.50) mean=-12.00 p50=-12.00 p05=-12.00 p95=-12.00
  [diag] sat-dist hist bins=60 sat<0.05=0.0% mean=0.983 p10=0.982 p90=0.984
Iter 0003040: train nll 1.387, valid error 075.250%, best valid error 074.330%, avg grad norm   0.189, avg grad norm (post clip)   0.053, rho_Whh  0.95, Omega  0.00, alpha  2.000, steps in the past 0.000, valid nll 1.386
  [diag] log10|dL/dh_t| hist bins=60 range=(-12.50,-11.50) mean=-12.00 p50=-12.00 p05=-12.00 p95=-12.00
  [diag] sat-dist hist bins=60 sat<0.05=0.0% mean=0.983 p10=0.982 p90=0.984
Iter 0003060: train nll 1.386, valid error 075.180%, best valid error 074.330%, avg grad norm   0.199, avg grad norm (post clip)   0.053, rho_Whh  0.95, Omega  0.00, alpha  2.000, steps in the past 0.000, valid nll 1.386
  [diag] log10|dL/dh_t| hist bins=60 range=(-12.50,-11.50) mean=-12.00 p50=-12.00 p05=-12.00 p95=-12.00
  [diag] sat-dist hist bins=60 sat<0.05=0.0% mean=0.983 p10=0.982 p90=0.984
Iter 0003080: train nll 1.386, valid error 075.090%, best valid error 074.330%, avg grad norm   0.191, avg grad norm (post clip)   0.053, rho_Whh  0.95, Omega  0.00, alpha  2.000, steps in the past 0.000, valid nll 1.386
  [diag] log10|dL/dh_t| hist bins=60 range=(-12.50,-11.50) mean=-12.00 p50=-12.00 p05=-12.00 p95=-12.00
  [diag] sat-dist hist bins=60 sat<0.05=0.0% mean=0.983 p10=0.982 p90=0.984
Iter 0003100: train nll 1.386, valid error 075.120%, best valid error 074.330%, avg grad norm   0.177, avg grad norm (post clip)   0.053, rho_Whh  0.95, Omega  0.00, alpha  2.000, steps in the past 0.000, valid nll 1.386
  [diag] log10|dL/dh_t| hist bins=60 range=(-12.50,-11.50) mean=-12.00 p50=-12.00 p05=-12.00 p95=-12.00
  [diag] sat-dist hist bins=60 sat<0.05=0.0% mean=0.983 p10=0.982 p90=0.984
Iter 0003120: train nll 1.386, valid error 075.250%, best valid error 074.330%, avg grad norm   0.173, avg grad norm (post clip)   0.053, rho_Whh  0.95, Omega  0.00, alpha  2.000, steps in the past 0.000, valid nll 1.386
  [diag] log10|dL/dh_t| hist bins=60 range=(-12.50,-11.50) mean=-12.00 p50=-12.00 p05=-12.00 p95=-12.00
  [diag] sat-dist hist bins=60 sat<0.05=0.0% mean=0.983 p10=0.982 p90=0.983
Iter 0003140: train nll 1.386, valid error 075.220%, best valid error 074.330%, avg grad norm   0.220, avg grad norm (post clip)   0.053, rho_Whh  0.95, Omega  0.00, alpha  2.000, steps in the past 0.000, valid nll 1.386
  [diag] log10|dL/dh_t| hist bins=60 range=(-12.50,-11.50) mean=-12.00 p50=-12.00 p05=-12.00 p95=-12.00
  [diag] sat-dist hist bins=60 sat<0.05=0.0% mean=0.983 p10=0.982 p90=0.983
Iter 0003160: train nll 1.386, valid error 075.220%, best valid error 074.330%, avg grad norm   0.197, avg grad norm (post clip)   0.053, rho_Whh  0.95, Omega  0.00, alpha  2.000, steps in the past 0.000, valid nll 1.386
  [diag] log10|dL/dh_t| hist bins=60 range=(-12.50,-11.50) mean=-12.00 p50=-12.00 p05=-12.00 p95=-12.00
  [diag] sat-dist hist bins=60 sat<0.05=0.0% mean=0.983 p10=0.982 p90=0.983
Iter 0003180: train nll 1.387, valid error 075.220%, best valid error 074.330%, avg grad norm   0.178, avg grad norm (post clip)   0.053, rho_Whh  0.95, Omega  0.00, alpha  2.000, steps in the past 0.000, valid nll 1.386
  [diag] log10|dL/dh_t| hist bins=60 range=(-12.50,-11.50) mean=-12.00 p50=-12.00 p05=-12.00 p95=-12.00
  [diag] sat-dist hist bins=60 sat<0.05=0.0% mean=0.982 p10=0.982 p90=0.983
Iter 0003200: train nll 1.386, valid error 075.220%, best valid error 074.330%, avg grad norm   0.215, avg grad norm (post clip)   0.053, rho_Whh  0.95, Omega  0.00, alpha  2.000, steps in the past 0.000, valid nll 1.386
  [diag] log10|dL/dh_t| hist bins=60 range=(-12.50,-11.50) mean=-12.00 p50=-12.00 p05=-12.00 p95=-12.00
  [diag] sat-dist hist bins=60 sat<0.05=0.0% mean=0.983 p10=0.982 p90=0.983
Iter 0003220: train nll 1.386, valid error 075.220%, best valid error 074.330%, avg grad norm   0.215, avg grad norm (post clip)   0.053, rho_Whh  0.95, Omega  0.00, alpha  2.000, steps in the past 0.000, valid nll 1.386
  [diag] log10|dL/dh_t| hist bins=60 range=(-12.50,-11.50) mean=-12.00 p50=-12.00 p05=-12.00 p95=-12.00
  [diag] sat-dist hist bins=60 sat<0.05=0.0% mean=0.983 p10=0.982 p90=0.983
Iter 0003240: train nll 1.386, valid error 075.220%, best valid error 074.330%, avg grad norm   0.171, avg grad norm (post clip)   0.053, rho_Whh  0.95, Omega  0.00, alpha  2.000, steps in the past 0.000, valid nll 1.386
  [diag] log10|dL/dh_t| hist bins=60 range=(-12.50,-11.50) mean=-12.00 p50=-12.00 p05=-12.00 p95=-12.00
  [diag] sat-dist hist bins=60 sat<0.05=0.0% mean=0.983 p10=0.982 p90=0.983
Iter 0003260: train nll 1.387, valid error 075.220%, best valid error 074.330%, avg grad norm   0.222, avg grad norm (post clip)   0.053, rho_Whh  0.95, Omega  0.00, alpha  2.000, steps in the past 0.000, valid nll 1.386
  [diag] log10|dL/dh_t| hist bins=60 range=(-12.50,-11.50) mean=-12.00 p50=-12.00 p05=-12.00 p95=-12.00
  [diag] sat-dist hist bins=60 sat<0.05=0.0% mean=0.982 p10=0.982 p90=0.983
Iter 0003280: train nll 1.386, valid error 075.220%, best valid error 074.330%, avg grad norm   0.220, avg grad norm (post clip)   0.053, rho_Whh  0.95, Omega  0.00, alpha  2.000, steps in the past 0.000, valid nll 1.386
  [diag] log10|dL/dh_t| hist bins=60 range=(-12.50,-11.50) mean=-12.00 p50=-12.00 p05=-12.00 p95=-12.00
  [diag] sat-dist hist bins=60 sat<0.05=0.0% mean=0.982 p10=0.981 p90=0.982
Iter 0003300: train nll 1.386, valid error 075.220%, best valid error 074.330%, avg grad norm   0.185, avg grad norm (post clip)   0.053, rho_Whh  0.95, Omega  0.00, alpha  2.000, steps in the past 0.000, valid nll 1.386
  [diag] log10|dL/dh_t| hist bins=60 range=(-12.50,-11.50) mean=-12.00 p50=-12.00 p05=-12.00 p95=-12.00
  [diag] sat-dist hist bins=60 sat<0.05=0.0% mean=0.982 p10=0.981 p90=0.982
Iter 0003320: train nll 1.386, valid error 075.220%, best valid error 074.330%, avg grad norm   0.154, avg grad norm (post clip)   0.052, rho_Whh  0.95, Omega  0.00, alpha  2.000, steps in the past 0.000, valid nll 1.386
  [diag] log10|dL/dh_t| hist bins=60 range=(-12.50,-11.50) mean=-12.00 p50=-12.00 p05=-12.00 p95=-12.00
  [diag] sat-dist hist bins=60 sat<0.05=0.0% mean=0.982 p10=0.981 p90=0.982
Iter 0003340: train nll 1.385, valid error 075.220%, best valid error 074.330%, avg grad norm   0.207, avg grad norm (post clip)   0.053, rho_Whh  0.95, Omega  0.00, alpha  2.000, steps in the past 0.000, valid nll 1.386
  [diag] log10|dL/dh_t| hist bins=60 range=(-12.50,-11.50) mean=-12.00 p50=-12.00 p05=-12.00 p95=-12.00
  [diag] sat-dist hist bins=60 sat<0.05=0.0% mean=0.982 p10=0.981 p90=0.982
Iter 0003360: train nll 1.386, valid error 075.220%, best valid error 074.330%, avg grad norm   0.182, avg grad norm (post clip)   0.053, rho_Whh  0.95, Omega  0.00, alpha  2.000, steps in the past 0.000, valid nll 1.386
  [diag] log10|dL/dh_t| hist bins=60 range=(-12.50,-11.50) mean=-12.00 p50=-12.00 p05=-12.00 p95=-12.00
  [diag] sat-dist hist bins=60 sat<0.05=0.0% mean=0.982 p10=0.981 p90=0.982
Iter 0003380: train nll 1.387, valid error 075.220%, best valid error 074.330%, avg grad norm   0.185, avg grad norm (post clip)   0.052, rho_Whh  0.95, Omega  0.00, alpha  2.000, steps in the past 0.000, valid nll 1.386
  [diag] log10|dL/dh_t| hist bins=60 range=(-12.50,-11.50) mean=-12.00 p50=-12.00 p05=-12.00 p95=-12.00
  [diag] sat-dist hist bins=60 sat<0.05=0.0% mean=0.982 p10=0.981 p90=0.982
Iter 0003400: train nll 1.387, valid error 075.220%, best valid error 074.330%, avg grad norm   0.196, avg grad norm (post clip)   0.053, rho_Whh  0.95, Omega  0.00, alpha  2.000, steps in the past 0.000, valid nll 1.386
  [diag] log10|dL/dh_t| hist bins=60 range=(-12.50,-11.50) mean=-12.00 p50=-12.00 p05=-12.00 p95=-12.00
  [diag] sat-dist hist bins=60 sat<0.05=0.0% mean=0.982 p10=0.981 p90=0.982
Iter 0003420: train nll 1.386, valid error 075.220%, best valid error 074.330%, avg grad norm   0.181, avg grad norm (post clip)   0.053, rho_Whh  0.95, Omega  0.00, alpha  2.000, steps in the past 0.000, valid nll 1.386
  [diag] log10|dL/dh_t| hist bins=60 range=(-12.50,-11.50) mean=-12.00 p50=-12.00 p05=-12.00 p95=-12.00
  [diag] sat-dist hist bins=60 sat<0.05=0.0% mean=0.982 p10=0.981 p90=0.982
Iter 0003440: train nll 1.386, valid error 075.220%, best valid error 074.330%, avg grad norm   0.178, avg grad norm (post clip)   0.053, rho_Whh  0.95, Omega  0.00, alpha  2.000, steps in the past 0.000, valid nll 1.386
  [diag] log10|dL/dh_t| hist bins=60 range=(-12.50,-11.50) mean=-12.00 p50=-12.00 p05=-12.00 p95=-12.00
  [diag] sat-dist hist bins=60 sat<0.05=0.0% mean=0.981 p10=0.981 p90=0.982
Iter 0003460: train nll 1.386, valid error 075.220%, best valid error 074.330%, avg grad norm   0.195, avg grad norm (post clip)   0.053, rho_Whh  0.95, Omega  0.00, alpha  2.000, steps in the past 0.000, valid nll 1.386
  [diag] log10|dL/dh_t| hist bins=60 range=(-12.50,-11.50) mean=-12.00 p50=-12.00 p05=-12.00 p95=-12.00
  [diag] sat-dist hist bins=60 sat<0.05=0.0% mean=0.982 p10=0.981 p90=0.982
Iter 0003480: train nll 1.387, valid error 075.220%, best valid error 074.330%, avg grad norm   0.216, avg grad norm (post clip)   0.053, rho_Whh  0.95, Omega  0.00, alpha  2.000, steps in the past 0.000, valid nll 1.386
  [diag] log10|dL/dh_t| hist bins=60 range=(-12.50,-11.50) mean=-12.00 p50=-12.00 p05=-12.00 p95=-12.00
  [diag] sat-dist hist bins=60 sat<0.05=0.0% mean=0.982 p10=0.981 p90=0.982
Iter 0003500: train nll 1.386, valid error 075.220%, best valid error 074.330%, avg grad norm   0.174, avg grad norm (post clip)   0.053, rho_Whh  0.95, Omega  0.00, alpha  2.000, steps in the past 0.000, valid nll 1.386
  [diag] log10|dL/dh_t| hist bins=60 range=(-12.50,-11.50) mean=-12.00 p50=-12.00 p05=-12.00 p95=-12.00
  [diag] sat-dist hist bins=60 sat<0.05=0.0% mean=0.982 p10=0.981 p90=0.982
Iter 0003520: train nll 1.385, valid error 075.220%, best valid error 074.330%, avg grad norm   0.173, avg grad norm (post clip)   0.052, rho_Whh  0.95, Omega  0.00, alpha  2.000, steps in the past 0.000, valid nll 1.386
  [diag] log10|dL/dh_t| hist bins=60 range=(-12.50,-11.50) mean=-12.00 p50=-12.00 p05=-12.00 p95=-12.00
  [diag] sat-dist hist bins=60 sat<0.05=0.0% mean=0.981 p10=0.981 p90=0.982
Iter 0003540: train nll 1.387, valid error 075.220%, best valid error 074.330%, avg grad norm   0.212, avg grad norm (post clip)   0.053, rho_Whh  0.95, Omega  0.00, alpha  2.000, steps in the past 0.000, valid nll 1.386
  [diag] log10|dL/dh_t| hist bins=60 range=(-12.50,-11.50) mean=-12.00 p50=-12.00 p05=-12.00 p95=-12.00
  [diag] sat-dist hist bins=60 sat<0.05=0.0% mean=0.981 p10=0.981 p90=0.982
Iter 0003560: train nll 1.386, valid error 075.220%, best valid error 074.330%, avg grad norm   0.203, avg grad norm (post clip)   0.052, rho_Whh  0.95, Omega  0.00, alpha  2.000, steps in the past 0.000, valid nll 1.386
  [diag] log10|dL/dh_t| hist bins=60 range=(-12.50,-11.50) mean=-12.00 p50=-12.00 p05=-12.00 p95=-12.00
  [diag] sat-dist hist bins=60 sat<0.05=0.0% mean=0.981 p10=0.981 p90=0.982
Iter 0003580: train nll 1.387, valid error 075.220%, best valid error 074.330%, avg grad norm   0.210, avg grad norm (post clip)   0.053, rho_Whh  0.95, Omega  0.00, alpha  2.000, steps in the past 0.000, valid nll 1.386
  [diag] log10|dL/dh_t| hist bins=60 range=(-12.50,-11.50) mean=-12.00 p50=-12.00 p05=-12.00 p95=-12.00
  [diag] sat-dist hist bins=60 sat<0.05=0.0% mean=0.982 p10=0.981 p90=0.982
Iter 0003600: train nll 1.386, valid error 075.220%, best valid error 074.330%, avg grad norm   0.195, avg grad norm (post clip)   0.053, rho_Whh  0.95, Omega  0.00, alpha  2.000, steps in the past 0.000, valid nll 1.386
  [diag] log10|dL/dh_t| hist bins=60 range=(-12.50,-11.50) mean=-12.00 p50=-12.00 p05=-12.00 p95=-12.00
  [diag] sat-dist hist bins=60 sat<0.05=0.0% mean=0.982 p10=0.981 p90=0.982
Iter 0003620: train nll 1.386, valid error 075.220%, best valid error 074.330%, avg grad norm   0.176, avg grad norm (post clip)   0.053, rho_Whh  0.95, Omega  0.00, alpha  2.000, steps in the past 0.000, valid nll 1.386
  [diag] log10|dL/dh_t| hist bins=60 range=(-12.50,-11.50) mean=-12.00 p50=-12.00 p05=-12.00 p95=-12.00
  [diag] sat-dist hist bins=60 sat<0.05=0.0% mean=0.982 p10=0.981 p90=0.982
Iter 0003640: train nll 1.387, valid error 075.220%, best valid error 074.330%, avg grad norm   0.169, avg grad norm (post clip)   0.053, rho_Whh  0.95, Omega  0.00, alpha  2.000, steps in the past 0.000, valid nll 1.386
  [diag] log10|dL/dh_t| hist bins=60 range=(-12.50,-11.50) mean=-12.00 p50=-12.00 p05=-12.00 p95=-12.00
  [diag] sat-dist hist bins=60 sat<0.05=0.0% mean=0.982 p10=0.981 p90=0.983
Iter 0003660: train nll 1.386, valid error 075.220%, best valid error 074.330%, avg grad norm   0.179, avg grad norm (post clip)   0.052, rho_Whh  0.95, Omega  0.00, alpha  2.000, steps in the past 0.000, valid nll 1.386
  [diag] log10|dL/dh_t| hist bins=60 range=(-12.50,-11.50) mean=-12.00 p50=-12.00 p05=-12.00 p95=-12.00
  [diag] sat-dist hist bins=60 sat<0.05=0.0% mean=0.982 p10=0.981 p90=0.982
Iter 0003680: train nll 1.386, valid error 075.220%, best valid error 074.330%, avg grad norm   0.193, avg grad norm (post clip)   0.053, rho_Whh  0.95, Omega  0.00, alpha  2.000, steps in the past 0.000, valid nll 1.386
  [diag] log10|dL/dh_t| hist bins=60 range=(-12.50,-11.50) mean=-12.00 p50=-12.00 p05=-12.00 p95=-12.00
  [diag] sat-dist hist bins=60 sat<0.05=0.0% mean=0.982 p10=0.981 p90=0.982
Iter 0003700: train nll 1.387, valid error 075.220%, best valid error 074.330%, avg grad norm   0.174, avg grad norm (post clip)   0.051, rho_Whh  0.95, Omega  0.00, alpha  2.000, steps in the past 0.000, valid nll 1.386
  [diag] log10|dL/dh_t| hist bins=60 range=(-12.50,-11.50) mean=-12.00 p50=-12.00 p05=-12.00 p95=-12.00
  [diag] sat-dist hist bins=60 sat<0.05=0.0% mean=0.981 p10=0.981 p90=0.982
Iter 0003720: train nll 1.387, valid error 075.220%, best valid error 074.330%, avg grad norm   0.205, avg grad norm (post clip)   0.053, rho_Whh  0.95, Omega  0.00, alpha  2.000, steps in the past 0.000, valid nll 1.386
  [diag] log10|dL/dh_t| hist bins=60 range=(-12.50,-11.50) mean=-12.00 p50=-12.00 p05=-12.00 p95=-12.00
  [diag] sat-dist hist bins=60 sat<0.05=0.0% mean=0.982 p10=0.981 p90=0.982
Iter 0003740: train nll 1.387, valid error 075.220%, best valid error 074.330%, avg grad norm   0.164, avg grad norm (post clip)   0.053, rho_Whh  0.95, Omega  0.00, alpha  2.000, steps in the past 0.000, valid nll 1.386
  [diag] log10|dL/dh_t| hist bins=60 range=(-12.50,-11.50) mean=-12.00 p50=-12.00 p05=-12.00 p95=-12.00
  [diag] sat-dist hist bins=60 sat<0.05=0.0% mean=0.982 p10=0.981 p90=0.983
Iter 0003760: train nll 1.386, valid error 075.220%, best valid error 074.330%, avg grad norm   0.179, avg grad norm (post clip)   0.053, rho_Whh  0.95, Omega  0.00, alpha  2.000, steps in the past 0.000, valid nll 1.386
  [diag] log10|dL/dh_t| hist bins=60 range=(-12.50,-11.50) mean=-12.00 p50=-12.00 p05=-12.00 p95=-12.00
  [diag] sat-dist hist bins=60 sat<0.05=0.0% mean=0.982 p10=0.981 p90=0.983
Iter 0003780: train nll 1.386, valid error 075.220%, best valid error 074.330%, avg grad norm   0.169, avg grad norm (post clip)   0.053, rho_Whh  0.95, Omega  0.00, alpha  2.000, steps in the past 0.000, valid nll 1.386
  [diag] log10|dL/dh_t| hist bins=60 range=(-12.50,-11.50) mean=-12.00 p50=-12.00 p05=-12.00 p95=-12.00
  [diag] sat-dist hist bins=60 sat<0.05=0.0% mean=0.982 p10=0.982 p90=0.983
Iter 0003800: train nll 1.387, valid error 075.220%, best valid error 074.330%, avg grad norm   0.213, avg grad norm (post clip)   0.053, rho_Whh  0.95, Omega  0.00, alpha  2.000, steps in the past 0.000, valid nll 1.386
  [diag] log10|dL/dh_t| hist bins=60 range=(-12.50,-11.50) mean=-12.00 p50=-12.00 p05=-12.00 p95=-12.00
  [diag] sat-dist hist bins=60 sat<0.05=0.0% mean=0.982 p10=0.982 p90=0.983
Iter 0003820: train nll 1.386, valid error 075.220%, best valid error 074.330%, avg grad norm   0.212, avg grad norm (post clip)   0.052, rho_Whh  0.95, Omega  0.00, alpha  2.000, steps in the past 0.000, valid nll 1.386
  [diag] log10|dL/dh_t| hist bins=60 range=(-12.50,-11.50) mean=-12.00 p50=-12.00 p05=-12.00 p95=-12.00
  [diag] sat-dist hist bins=60 sat<0.05=0.0% mean=0.983 p10=0.982 p90=0.983
Iter 0003840: train nll 1.387, valid error 075.170%, best valid error 074.330%, avg grad norm   0.185, avg grad norm (post clip)   0.053, rho_Whh  0.95, Omega  0.00, alpha  2.000, steps in the past 0.000, valid nll 1.386
  [diag] log10|dL/dh_t| hist bins=60 range=(-12.50,-11.50) mean=-12.00 p50=-12.00 p05=-12.00 p95=-12.00
  [diag] sat-dist hist bins=60 sat<0.05=0.0% mean=0.983 p10=0.982 p90=0.983
Iter 0003860: train nll 1.387, valid error 075.300%, best valid error 074.330%, avg grad norm   0.184, avg grad norm (post clip)   0.053, rho_Whh  0.95, Omega  0.00, alpha  2.000, steps in the past 0.000, valid nll 1.386
  [diag] log10|dL/dh_t| hist bins=60 range=(-12.50,-11.50) mean=-12.00 p50=-12.00 p05=-12.00 p95=-12.00
  [diag] sat-dist hist bins=60 sat<0.05=0.0% mean=0.983 p10=0.982 p90=0.984
Iter 0003880: train nll 1.386, valid error 075.220%, best valid error 074.330%, avg grad norm   0.152, avg grad norm (post clip)   0.053, rho_Whh  0.95, Omega  0.00, alpha  2.000, steps in the past 0.000, valid nll 1.386
  [diag] log10|dL/dh_t| hist bins=60 range=(-12.50,-11.50) mean=-12.00 p50=-12.00 p05=-12.00 p95=-12.00
  [diag] sat-dist hist bins=60 sat<0.05=0.0% mean=0.983 p10=0.983 p90=0.984
Iter 0003900: train nll 1.386, valid error 075.140%, best valid error 074.330%, avg grad norm   0.184, avg grad norm (post clip)   0.053, rho_Whh  0.95, Omega  0.00, alpha  2.000, steps in the past 0.000, valid nll 1.386
  [diag] log10|dL/dh_t| hist bins=60 range=(-12.50,-11.50) mean=-12.00 p50=-12.00 p05=-12.00 p95=-12.00
  [diag] sat-dist hist bins=60 sat<0.05=0.0% mean=0.983 p10=0.983 p90=0.984
Iter 0003920: train nll 1.386, valid error 075.170%, best valid error 074.330%, avg grad norm   0.174, avg grad norm (post clip)   0.052, rho_Whh  0.95, Omega  0.00, alpha  2.000, steps in the past 0.000, valid nll 1.386
  [diag] log10|dL/dh_t| hist bins=60 range=(-12.50,-11.50) mean=-12.00 p50=-12.00 p05=-12.00 p95=-12.00
  [diag] sat-dist hist bins=60 sat<0.05=0.0% mean=0.983 p10=0.982 p90=0.984
Iter 0003940: train nll 1.386, valid error 075.140%, best valid error 074.330%, avg grad norm   0.183, avg grad norm (post clip)   0.053, rho_Whh  0.95, Omega  0.00, alpha  2.000, steps in the past 0.000, valid nll 1.386
  [diag] log10|dL/dh_t| hist bins=60 range=(-12.50,-11.50) mean=-12.00 p50=-12.00 p05=-12.00 p95=-12.00
  [diag] sat-dist hist bins=60 sat<0.05=0.0% mean=0.983 p10=0.982 p90=0.983
Iter 0003960: train nll 1.386, valid error 075.210%, best valid error 074.330%, avg grad norm   0.182, avg grad norm (post clip)   0.053, rho_Whh  0.95, Omega  0.00, alpha  2.000, steps in the past 0.000, valid nll 1.386
  [diag] log10|dL/dh_t| hist bins=60 range=(-12.50,-11.50) mean=-12.00 p50=-12.00 p05=-12.00 p95=-12.00
  [diag] sat-dist hist bins=60 sat<0.05=0.0% mean=0.983 p10=0.982 p90=0.984
Iter 0003980: train nll 1.387, valid error 075.320%, best valid error 074.330%, avg grad norm   0.182, avg grad norm (post clip)   0.053, rho_Whh  0.95, Omega  0.00, alpha  2.000, steps in the past 0.000, valid nll 1.386
  [diag] log10|dL/dh_t| hist bins=60 range=(-12.50,-11.50) mean=-12.00 p50=-12.00 p05=-12.00 p95=-12.00
  [diag] sat-dist hist bins=60 sat<0.05=0.0% mean=0.983 p10=0.982 p90=0.983
Iter 0004000: train nll 1.386, valid error 075.270%, best valid error 074.330%, avg grad norm   0.152, avg grad norm (post clip)   0.052, rho_Whh  0.95, Omega  0.00, alpha  2.000, steps in the past 0.000, valid nll 1.386
  [diag] log10|dL/dh_t| hist bins=60 range=(-12.50,-11.50) mean=-12.00 p50=-12.00 p05=-12.00 p95=-12.00
  [diag] sat-dist hist bins=60 sat<0.05=0.0% mean=0.983 p10=0.982 p90=0.983
Iter 0004020: train nll 1.386, valid error 075.210%, best valid error 074.330%, avg grad norm   0.179, avg grad norm (post clip)   0.052, rho_Whh  0.95, Omega  0.00, alpha  2.000, steps in the past 0.000, valid nll 1.386
  [diag] log10|dL/dh_t| hist bins=60 range=(-12.50,-11.50) mean=-12.00 p50=-12.00 p05=-12.00 p95=-12.00
  [diag] sat-dist hist bins=60 sat<0.05=0.0% mean=0.983 p10=0.982 p90=0.983
Iter 0004040: train nll 1.386, valid error 075.230%, best valid error 074.330%, avg grad norm   0.166, avg grad norm (post clip)   0.053, rho_Whh  0.95, Omega  0.00, alpha  2.000, steps in the past 0.000, valid nll 1.386
  [diag] log10|dL/dh_t| hist bins=60 range=(-12.50,-11.50) mean=-12.00 p50=-12.00 p05=-12.00 p95=-12.00
  [diag] sat-dist hist bins=60 sat<0.05=0.0% mean=0.982 p10=0.981 p90=0.983
Iter 0004060: train nll 1.386, valid error 075.220%, best valid error 074.330%, avg grad norm   0.173, avg grad norm (post clip)   0.053, rho_Whh  0.95, Omega  0.00, alpha  2.000, steps in the past 0.000, valid nll 1.386
  [diag] log10|dL/dh_t| hist bins=60 range=(-12.50,-11.50) mean=-12.00 p50=-12.00 p05=-12.00 p95=-12.00
  [diag] sat-dist hist bins=60 sat<0.05=0.0% mean=0.982 p10=0.981 p90=0.983
Iter 0004080: train nll 1.386, valid error 075.240%, best valid error 074.330%, avg grad norm   0.187, avg grad norm (post clip)   0.053, rho_Whh  0.95, Omega  0.00, alpha  2.000, steps in the past 0.000, valid nll 1.386
  [diag] log10|dL/dh_t| hist bins=60 range=(-12.50,-11.50) mean=-12.00 p50=-12.00 p05=-12.00 p95=-12.00
  [diag] sat-dist hist bins=60 sat<0.05=0.0% mean=0.982 p10=0.981 p90=0.982
Iter 0004100: train nll 1.386, valid error 075.140%, best valid error 074.330%, avg grad norm   0.181, avg grad norm (post clip)   0.051, rho_Whh  0.95, Omega  0.00, alpha  2.000, steps in the past 0.000, valid nll 1.386
  [diag] log10|dL/dh_t| hist bins=60 range=(-12.50,-11.50) mean=-12.00 p50=-12.00 p05=-12.00 p95=-12.00
  [diag] sat-dist hist bins=60 sat<0.05=0.0% mean=0.982 p10=0.981 p90=0.982
Iter 0004120: train nll 1.386, valid error 075.240%, best valid error 074.330%, avg grad norm   0.185, avg grad norm (post clip)   0.053, rho_Whh  0.95, Omega  0.00, alpha  2.000, steps in the past 0.000, valid nll 1.386
  [diag] log10|dL/dh_t| hist bins=60 range=(-12.50,-11.50) mean=-12.00 p50=-12.00 p05=-12.00 p95=-12.00
  [diag] sat-dist hist bins=60 sat<0.05=0.0% mean=0.981 p10=0.980 p90=0.982
Iter 0004140: train nll 1.386, valid error 075.230%, best valid error 074.330%, avg grad norm   0.222, avg grad norm (post clip)   0.053, rho_Whh  0.95, Omega  0.00, alpha  2.000, steps in the past 0.000, valid nll 1.386
  [diag] log10|dL/dh_t| hist bins=60 range=(-12.50,-11.50) mean=-12.00 p50=-12.00 p05=-12.00 p95=-12.00
  [diag] sat-dist hist bins=60 sat<0.05=0.0% mean=0.981 p10=0.980 p90=0.981
Iter 0004160: train nll 1.386, valid error 075.220%, best valid error 074.330%, avg grad norm   0.179, avg grad norm (post clip)   0.053, rho_Whh  0.95, Omega  0.00, alpha  2.000, steps in the past 0.000, valid nll 1.386
  [diag] log10|dL/dh_t| hist bins=60 range=(-12.50,-11.50) mean=-12.00 p50=-12.00 p05=-12.00 p95=-12.00
  [diag] sat-dist hist bins=60 sat<0.05=0.0% mean=0.981 p10=0.980 p90=0.982
Iter 0004180: train nll 1.386, valid error 075.050%, best valid error 074.330%, avg grad norm   0.170, avg grad norm (post clip)   0.052, rho_Whh  0.95, Omega  0.00, alpha  2.000, steps in the past 0.000, valid nll 1.386
  [diag] log10|dL/dh_t| hist bins=60 range=(-12.50,-11.50) mean=-12.00 p50=-12.00 p05=-12.00 p95=-12.00
  [diag] sat-dist hist bins=60 sat<0.05=0.0% mean=0.981 p10=0.980 p90=0.981
Iter 0004200: train nll 1.386, valid error 075.240%, best valid error 074.330%, avg grad norm   0.207, avg grad norm (post clip)   0.053, rho_Whh  0.95, Omega  0.00, alpha  2.000, steps in the past 0.000, valid nll 1.386
  [diag] log10|dL/dh_t| hist bins=60 range=(-12.50,-11.50) mean=-12.00 p50=-12.00 p05=-12.00 p95=-12.00
  [diag] sat-dist hist bins=60 sat<0.05=0.0% mean=0.981 p10=0.980 p90=0.981
Iter 0004220: train nll 1.386, valid error 075.230%, best valid error 074.330%, avg grad norm   0.190, avg grad norm (post clip)   0.052, rho_Whh  0.95, Omega  0.00, alpha  2.000, steps in the past 0.000, valid nll 1.386
  [diag] log10|dL/dh_t| hist bins=60 range=(-12.50,-11.50) mean=-12.00 p50=-12.00 p05=-12.00 p95=-12.00
  [diag] sat-dist hist bins=60 sat<0.05=0.0% mean=0.981 p10=0.980 p90=0.981
Iter 0004240: train nll 1.386, valid error 075.240%, best valid error 074.330%, avg grad norm   0.181, avg grad norm (post clip)   0.053, rho_Whh  0.95, Omega  0.00, alpha  2.000, steps in the past 0.000, valid nll 1.386
  [diag] log10|dL/dh_t| hist bins=60 range=(-12.50,-11.50) mean=-12.00 p50=-12.00 p05=-12.00 p95=-12.00
  [diag] sat-dist hist bins=60 sat<0.05=0.0% mean=0.981 p10=0.980 p90=0.981
Iter 0004260: train nll 1.386, valid error 075.230%, best valid error 074.330%, avg grad norm   0.176, avg grad norm (post clip)   0.053, rho_Whh  0.95, Omega  0.00, alpha  2.000, steps in the past 0.000, valid nll 1.386
  [diag] log10|dL/dh_t| hist bins=60 range=(-12.50,-11.50) mean=-12.00 p50=-12.00 p05=-12.00 p95=-12.00
  [diag] sat-dist hist bins=60 sat<0.05=0.0% mean=0.981 p10=0.980 p90=0.981
Iter 0004280: train nll 1.387, valid error 075.240%, best valid error 074.330%, avg grad norm   0.174, avg grad norm (post clip)   0.053, rho_Whh  0.95, Omega  0.00, alpha  2.000, steps in the past 0.000, valid nll 1.386
  [diag] log10|dL/dh_t| hist bins=60 range=(-12.50,-11.50) mean=-12.00 p50=-12.00 p05=-12.00 p95=-12.00
  [diag] sat-dist hist bins=60 sat<0.05=0.0% mean=0.981 p10=0.980 p90=0.981
Iter 0004300: train nll 1.386, valid error 075.140%, best valid error 074.330%, avg grad norm   0.187, avg grad norm (post clip)   0.053, rho_Whh  0.95, Omega  0.00, alpha  2.000, steps in the past 0.000, valid nll 1.386
  [diag] log10|dL/dh_t| hist bins=60 range=(-12.50,-11.50) mean=-12.00 p50=-12.00 p05=-12.00 p95=-12.00
  [diag] sat-dist hist bins=60 sat<0.05=0.0% mean=0.980 p10=0.980 p90=0.981
Iter 0004320: train nll 1.386, valid error 074.750%, best valid error 074.330%, avg grad norm   0.180, avg grad norm (post clip)   0.053, rho_Whh  0.95, Omega  0.00, alpha  2.000, steps in the past 0.000, valid nll 1.386
  [diag] log10|dL/dh_t| hist bins=60 range=(-12.50,-11.50) mean=-12.00 p50=-12.00 p05=-12.00 p95=-12.00
  [diag] sat-dist hist bins=60 sat<0.05=0.0% mean=0.981 p10=0.980 p90=0.981
Iter 0004340: train nll 1.386, valid error 074.630%, best valid error 074.330%, avg grad norm   0.192, avg grad norm (post clip)   0.053, rho_Whh  0.95, Omega  0.00, alpha  2.000, steps in the past 0.000, valid nll 1.386
  [diag] log10|dL/dh_t| hist bins=60 range=(-12.50,-11.50) mean=-12.00 p50=-12.00 p05=-12.00 p95=-12.00
  [diag] sat-dist hist bins=60 sat<0.05=0.0% mean=0.981 p10=0.980 p90=0.982
Iter 0004360: train nll 1.387, valid error 074.920%, best valid error 074.330%, avg grad norm   0.178, avg grad norm (post clip)   0.052, rho_Whh  0.95, Omega  0.00, alpha  2.000, steps in the past 0.000, valid nll 1.386
  [diag] log10|dL/dh_t| hist bins=60 range=(-12.50,-11.50) mean=-12.00 p50=-12.00 p05=-12.00 p95=-12.00
  [diag] sat-dist hist bins=60 sat<0.05=0.0% mean=0.981 p10=0.980 p90=0.982
Iter 0004380: train nll 1.386, valid error 075.050%, best valid error 074.330%, avg grad norm   0.189, avg grad norm (post clip)   0.052, rho_Whh  0.95, Omega  0.00, alpha  2.000, steps in the past 0.000, valid nll 1.386
  [diag] log10|dL/dh_t| hist bins=60 range=(-12.50,-11.50) mean=-12.00 p50=-12.00 p05=-12.00 p95=-12.00
  [diag] sat-dist hist bins=60 sat<0.05=0.0% mean=0.981 p10=0.980 p90=0.982
Iter 0004400: train nll 1.386, valid error 075.230%, best valid error 074.330%, avg grad norm   0.148, avg grad norm (post clip)   0.053, rho_Whh  0.95, Omega  0.00, alpha  2.000, steps in the past 0.000, valid nll 1.386
  [diag] log10|dL/dh_t| hist bins=60 range=(-12.50,-11.50) mean=-12.00 p50=-12.00 p05=-12.00 p95=-12.00
  [diag] sat-dist hist bins=60 sat<0.05=0.0% mean=0.981 p10=0.980 p90=0.981
Iter 0004420: train nll 1.385, valid error 075.180%, best valid error 074.330%, avg grad norm   0.201, avg grad norm (post clip)   0.053, rho_Whh  0.95, Omega  0.00, alpha  2.000, steps in the past 0.000, valid nll 1.386
  [diag] log10|dL/dh_t| hist bins=60 range=(-12.50,-11.50) mean=-12.00 p50=-12.00 p05=-12.00 p95=-12.00
  [diag] sat-dist hist bins=60 sat<0.05=0.0% mean=0.981 p10=0.980 p90=0.981
Iter 0004440: train nll 1.386, valid error 075.170%, best valid error 074.330%, avg grad norm   0.213, avg grad norm (post clip)   0.053, rho_Whh  0.95, Omega  0.00, alpha  2.000, steps in the past 0.000, valid nll 1.386
  [diag] log10|dL/dh_t| hist bins=60 range=(-12.50,-11.50) mean=-12.00 p50=-12.00 p05=-12.00 p95=-12.00
  [diag] sat-dist hist bins=60 sat<0.05=0.0% mean=0.981 p10=0.980 p90=0.981
Iter 0004460: train nll 1.387, valid error 075.140%, best valid error 074.330%, avg grad norm   0.204, avg grad norm (post clip)   0.053, rho_Whh  0.95, Omega  0.00, alpha  2.000, steps in the past 0.000, valid nll 1.386
  [diag] log10|dL/dh_t| hist bins=60 range=(-12.50,-11.50) mean=-12.00 p50=-12.00 p05=-12.00 p95=-12.00
  [diag] sat-dist hist bins=60 sat<0.05=0.0% mean=0.982 p10=0.981 p90=0.982
Iter 0004480: train nll 1.386, valid error 075.140%, best valid error 074.330%, avg grad norm   0.196, avg grad norm (post clip)   0.053, rho_Whh  0.95, Omega  0.00, alpha  2.000, steps in the past 0.000, valid nll 1.386
  [diag] log10|dL/dh_t| hist bins=60 range=(-12.50,-11.50) mean=-12.00 p50=-12.00 p05=-12.00 p95=-12.00
  [diag] sat-dist hist bins=60 sat<0.05=0.0% mean=0.982 p10=0.981 p90=0.982
Iter 0004500: train nll 1.387, valid error 075.030%, best valid error 074.330%, avg grad norm   0.167, avg grad norm (post clip)   0.053, rho_Whh  0.95, Omega  0.00, alpha  2.000, steps in the past 0.000, valid nll 1.386
  [diag] log10|dL/dh_t| hist bins=60 range=(-12.50,-11.50) mean=-12.00 p50=-12.00 p05=-12.00 p95=-12.00
  [diag] sat-dist hist bins=60 sat<0.05=0.0% mean=0.982 p10=0.981 p90=0.982
Iter 0004520: train nll 1.386, valid error 075.140%, best valid error 074.330%, avg grad norm   0.172, avg grad norm (post clip)   0.053, rho_Whh  0.95, Omega  0.00, alpha  2.000, steps in the past 0.000, valid nll 1.386
  [diag] log10|dL/dh_t| hist bins=60 range=(-12.50,-11.50) mean=-12.00 p50=-12.00 p05=-12.00 p95=-12.00
  [diag] sat-dist hist bins=60 sat<0.05=0.0% mean=0.982 p10=0.981 p90=0.982
Iter 0004540: train nll 1.386, valid error 075.630%, best valid error 074.330%, avg grad norm   0.203, avg grad norm (post clip)   0.053, rho_Whh  0.95, Omega  0.00, alpha  2.000, steps in the past 0.000, valid nll 1.386
  [diag] log10|dL/dh_t| hist bins=60 range=(-12.50,-11.50) mean=-12.00 p50=-12.00 p05=-12.00 p95=-12.00
  [diag] sat-dist hist bins=60 sat<0.05=0.0% mean=0.982 p10=0.981 p90=0.982
Iter 0004560: train nll 1.387, valid error 075.220%, best valid error 074.330%, avg grad norm   0.172, avg grad norm (post clip)   0.053, rho_Whh  0.95, Omega  0.00, alpha  2.000, steps in the past 0.000, valid nll 1.386
  [diag] log10|dL/dh_t| hist bins=60 range=(-12.50,-11.50) mean=-12.00 p50=-12.00 p05=-12.00 p95=-12.00
  [diag] sat-dist hist bins=60 sat<0.05=0.0% mean=0.982 p10=0.981 p90=0.982
Iter 0004580: train nll 1.387, valid error 075.290%, best valid error 074.330%, avg grad norm   0.149, avg grad norm (post clip)   0.053, rho_Whh  0.95, Omega  0.00, alpha  2.000, steps in the past 0.000, valid nll 1.386
  [diag] log10|dL/dh_t| hist bins=60 range=(-12.50,-11.50) mean=-12.00 p50=-12.00 p05=-12.00 p95=-12.00
  [diag] sat-dist hist bins=60 sat<0.05=0.0% mean=0.982 p10=0.981 p90=0.982
Iter 0004600: train nll 1.386, valid error 075.570%, best valid error 074.330%, avg grad norm   0.191, avg grad norm (post clip)   0.053, rho_Whh  0.95, Omega  0.00, alpha  2.000, steps in the past 0.000, valid nll 1.386
  [diag] log10|dL/dh_t| hist bins=60 range=(-12.50,-11.50) mean=-12.00 p50=-12.00 p05=-12.00 p95=-12.00
  [diag] sat-dist hist bins=60 sat<0.05=0.0% mean=0.982 p10=0.981 p90=0.982
Iter 0004620: train nll 1.386, valid error 075.240%, best valid error 074.330%, avg grad norm   0.197, avg grad norm (post clip)   0.053, rho_Whh  0.95, Omega  0.00, alpha  2.000, steps in the past 0.000, valid nll 1.386
  [diag] log10|dL/dh_t| hist bins=60 range=(-12.50,-11.50) mean=-12.00 p50=-12.00 p05=-12.00 p95=-12.00
  [diag] sat-dist hist bins=60 sat<0.05=0.0% mean=0.982 p10=0.981 p90=0.982
Iter 0004640: train nll 1.387, valid error 075.230%, best valid error 074.330%, avg grad norm   0.172, avg grad norm (post clip)   0.053, rho_Whh  0.95, Omega  0.00, alpha  2.000, steps in the past 0.000, valid nll 1.386
  [diag] log10|dL/dh_t| hist bins=60 range=(-12.50,-11.50) mean=-12.00 p50=-12.00 p05=-12.00 p95=-12.00
  [diag] sat-dist hist bins=60 sat<0.05=0.0% mean=0.982 p10=0.982 p90=0.983
Iter 0004660: train nll 1.386, valid error 075.260%, best valid error 074.330%, avg grad norm   0.179, avg grad norm (post clip)   0.053, rho_Whh  0.95, Omega  0.00, alpha  2.000, steps in the past 0.000, valid nll 1.386
  [diag] log10|dL/dh_t| hist bins=60 range=(-12.50,-11.50) mean=-12.00 p50=-12.00 p05=-12.00 p95=-12.00
  [diag] sat-dist hist bins=60 sat<0.05=0.0% mean=0.982 p10=0.982 p90=0.983
Iter 0004680: train nll 1.386, valid error 075.130%, best valid error 074.330%, avg grad norm   0.178, avg grad norm (post clip)   0.052, rho_Whh  0.95, Omega  0.00, alpha  2.000, steps in the past 0.000, valid nll 1.386
  [diag] log10|dL/dh_t| hist bins=60 range=(-12.50,-11.50) mean=-12.00 p50=-12.00 p05=-12.00 p95=-12.00
  [diag] sat-dist hist bins=60 sat<0.05=0.0% mean=0.982 p10=0.982 p90=0.983
Iter 0004700: train nll 1.387, valid error 075.090%, best valid error 074.330%, avg grad norm   0.183, avg grad norm (post clip)   0.053, rho_Whh  0.95, Omega  0.00, alpha  2.000, steps in the past 0.000, valid nll 1.386
  [diag] log10|dL/dh_t| hist bins=60 range=(-12.50,-11.50) mean=-12.00 p50=-12.00 p05=-12.00 p95=-12.00
  [diag] sat-dist hist bins=60 sat<0.05=0.0% mean=0.982 p10=0.982 p90=0.983
Iter 0004720: train nll 1.386, valid error 075.090%, best valid error 074.330%, avg grad norm   0.183, avg grad norm (post clip)   0.053, rho_Whh  0.95, Omega  0.00, alpha  2.000, steps in the past 0.000, valid nll 1.386
  [diag] log10|dL/dh_t| hist bins=60 range=(-12.50,-11.50) mean=-12.00 p50=-12.00 p05=-12.00 p95=-12.00
  [diag] sat-dist hist bins=60 sat<0.05=0.0% mean=0.982 p10=0.981 p90=0.982
Iter 0004740: train nll 1.386, valid error 075.050%, best valid error 074.330%, avg grad norm   0.165, avg grad norm (post clip)   0.053, rho_Whh  0.95, Omega  0.00, alpha  2.000, steps in the past 0.000, valid nll 1.386
  [diag] log10|dL/dh_t| hist bins=60 range=(-12.50,-11.50) mean=-12.00 p50=-12.00 p05=-12.00 p95=-12.00
  [diag] sat-dist hist bins=60 sat<0.05=0.0% mean=0.982 p10=0.981 p90=0.983
Iter 0004760: train nll 1.386, valid error 074.950%, best valid error 074.330%, avg grad norm   0.215, avg grad norm (post clip)   0.053, rho_Whh  0.95, Omega  0.00, alpha  2.000, steps in the past 0.000, valid nll 1.386
  [diag] log10|dL/dh_t| hist bins=60 range=(-12.50,-11.50) mean=-12.00 p50=-12.00 p05=-12.00 p95=-12.00
  [diag] sat-dist hist bins=60 sat<0.05=0.0% mean=0.983 p10=0.982 p90=0.983
Iter 0004780: train nll 1.386, valid error 075.430%, best valid error 074.330%, avg grad norm   0.182, avg grad norm (post clip)   0.053, rho_Whh  0.95, Omega  0.00, alpha  2.000, steps in the past 0.000, valid nll 1.386
  [diag] log10|dL/dh_t| hist bins=60 range=(-12.50,-11.50) mean=-12.00 p50=-12.00 p05=-12.00 p95=-12.00
  [diag] sat-dist hist bins=60 sat<0.05=0.0% mean=0.983 p10=0.982 p90=0.983
Iter 0004800: train nll 1.386, valid error 075.620%, best valid error 074.330%, avg grad norm   0.194, avg grad norm (post clip)   0.053, rho_Whh  0.95, Omega  0.00, alpha  2.000, steps in the past 0.000, valid nll 1.386
  [diag] log10|dL/dh_t| hist bins=60 range=(-12.50,-11.50) mean=-12.00 p50=-12.00 p05=-12.00 p95=-12.00
  [diag] sat-dist hist bins=60 sat<0.05=0.0% mean=0.982 p10=0.982 p90=0.983
Iter 0004820: train nll 1.386, valid error 075.630%, best valid error 074.330%, avg grad norm   0.177, avg grad norm (post clip)   0.053, rho_Whh  0.95, Omega  0.00, alpha  2.000, steps in the past 0.000, valid nll 1.386
  [diag] log10|dL/dh_t| hist bins=60 range=(-12.50,-11.50) mean=-12.00 p50=-12.00 p05=-12.00 p95=-12.00
  [diag] sat-dist hist bins=60 sat<0.05=0.0% mean=0.982 p10=0.982 p90=0.983
Iter 0004840: train nll 1.386, valid error 075.570%, best valid error 074.330%, avg grad norm   0.176, avg grad norm (post clip)   0.053, rho_Whh  0.95, Omega  0.00, alpha  2.000, steps in the past 0.000, valid nll 1.386
  [diag] log10|dL/dh_t| hist bins=60 range=(-12.50,-11.50) mean=-12.00 p50=-12.00 p05=-12.00 p95=-12.00
  [diag] sat-dist hist bins=60 sat<0.05=0.0% mean=0.982 p10=0.981 p90=0.983
Iter 0004860: train nll 1.386, valid error 075.330%, best valid error 074.330%, avg grad norm   0.197, avg grad norm (post clip)   0.053, rho_Whh  0.95, Omega  0.00, alpha  2.000, steps in the past 0.000, valid nll 1.386
  [diag] log10|dL/dh_t| hist bins=60 range=(-12.50,-11.50) mean=-12.00 p50=-12.00 p05=-12.00 p95=-12.00
  [diag] sat-dist hist bins=60 sat<0.05=0.0% mean=0.982 p10=0.981 p90=0.982
Iter 0004880: train nll 1.386, valid error 075.470%, best valid error 074.330%, avg grad norm   0.209, avg grad norm (post clip)   0.053, rho_Whh  0.95, Omega  0.00, alpha  2.000, steps in the past 0.000, valid nll 1.386
  [diag] log10|dL/dh_t| hist bins=60 range=(-12.50,-11.50) mean=-12.00 p50=-12.00 p05=-12.00 p95=-12.00
  [diag] sat-dist hist bins=60 sat<0.05=0.0% mean=0.982 p10=0.981 p90=0.982
Iter 0004900: train nll 1.386, valid error 075.120%, best valid error 074.330%, avg grad norm   0.159, avg grad norm (post clip)   0.053, rho_Whh  0.95, Omega  0.00, alpha  2.000, steps in the past 0.000, valid nll 1.386
  [diag] log10|dL/dh_t| hist bins=60 range=(-12.50,-11.50) mean=-12.00 p50=-12.00 p05=-12.00 p95=-12.00
  [diag] sat-dist hist bins=60 sat<0.05=0.0% mean=0.982 p10=0.981 p90=0.983
Iter 0004920: train nll 1.387, valid error 075.260%, best valid error 074.330%, avg grad norm   0.196, avg grad norm (post clip)   0.053, rho_Whh  0.95, Omega  0.00, alpha  2.000, steps in the past 0.000, valid nll 1.386
  [diag] log10|dL/dh_t| hist bins=60 range=(-12.50,-11.50) mean=-12.00 p50=-12.00 p05=-12.00 p95=-12.00
  [diag] sat-dist hist bins=60 sat<0.05=0.0% mean=0.982 p10=0.981 p90=0.982
Iter 0004940: train nll 1.386, valid error 075.220%, best valid error 074.330%, avg grad norm   0.178, avg grad norm (post clip)   0.053, rho_Whh  0.95, Omega  0.00, alpha  2.000, steps in the past 0.000, valid nll 1.386
  [diag] log10|dL/dh_t| hist bins=60 range=(-12.50,-11.50) mean=-12.00 p50=-12.00 p05=-12.00 p95=-12.00
  [diag] sat-dist hist bins=60 sat<0.05=0.0% mean=0.982 p10=0.981 p90=0.982
Iter 0004960: train nll 1.386, valid error 075.220%, best valid error 074.330%, avg grad norm   0.193, avg grad norm (post clip)   0.052, rho_Whh  0.95, Omega  0.00, alpha  2.000, steps in the past 0.000, valid nll 1.386
  [diag] log10|dL/dh_t| hist bins=60 range=(-12.50,-11.50) mean=-12.00 p50=-12.00 p05=-12.00 p95=-12.00
  [diag] sat-dist hist bins=60 sat<0.05=0.0% mean=0.982 p10=0.981 p90=0.982
Iter 0004980: train nll 1.386, valid error 075.220%, best valid error 074.330%, avg grad norm   0.179, avg grad norm (post clip)   0.053, rho_Whh  0.95, Omega  0.00, alpha  2.000, steps in the past 0.000, valid nll 1.386
  [diag] log10|dL/dh_t| hist bins=60 range=(-12.50,-11.50) mean=-12.00 p50=-12.00 p05=-12.00 p95=-12.00
  [diag] sat-dist hist bins=60 sat<0.05=0.0% mean=0.982 p10=0.981 p90=0.983
Iter 0005000: train nll 1.387, valid error 075.190%, best valid error 074.330%, avg grad norm   0.175, avg grad norm (post clip)   0.052, rho_Whh  0.95, Omega  0.00, alpha  2.000, steps in the past 0.000, valid nll 1.386
  [diag] log10|dL/dh_t| hist bins=60 range=(-12.50,-11.50) mean=-12.00 p50=-12.00 p05=-12.00 p95=-12.00
  [diag] sat-dist hist bins=60 sat<0.05=0.0% mean=0.982 p10=0.981 p90=0.982
Iter 0005020: train nll 1.386, valid error 075.220%, best valid error 074.330%, avg grad norm   0.243, avg grad norm (post clip)   0.053, rho_Whh  0.95, Omega  0.00, alpha  2.000, steps in the past 0.000, valid nll 1.386
  [diag] log10|dL/dh_t| hist bins=60 range=(-12.50,-11.50) mean=-12.00 p50=-12.00 p05=-12.00 p95=-12.00
  [diag] sat-dist hist bins=60 sat<0.05=0.0% mean=0.982 p10=0.981 p90=0.982
Iter 0005040: train nll 1.386, valid error 075.220%, best valid error 074.330%, avg grad norm   0.187, avg grad norm (post clip)   0.053, rho_Whh  0.95, Omega  0.00, alpha  2.000, steps in the past 0.000, valid nll 1.386
  [diag] log10|dL/dh_t| hist bins=60 range=(-12.50,-11.50) mean=-12.00 p50=-12.00 p05=-12.00 p95=-12.00
  [diag] sat-dist hist bins=60 sat<0.05=0.0% mean=0.982 p10=0.982 p90=0.983
Iter 0005060: train nll 1.386, valid error 075.200%, best valid error 074.330%, avg grad norm   0.188, avg grad norm (post clip)   0.053, rho_Whh  0.95, Omega  0.00, alpha  2.000, steps in the past 0.000, valid nll 1.386
  [diag] log10|dL/dh_t| hist bins=60 range=(-12.50,-11.50) mean=-12.00 p50=-12.00 p05=-12.00 p95=-12.00
  [diag] sat-dist hist bins=60 sat<0.05=0.0% mean=0.983 p10=0.982 p90=0.983
Iter 0005080: train nll 1.387, valid error 075.250%, best valid error 074.330%, avg grad norm   0.175, avg grad norm (post clip)   0.052, rho_Whh  0.95, Omega  0.00, alpha  2.000, steps in the past 0.000, valid nll 1.386
  [diag] log10|dL/dh_t| hist bins=60 range=(-12.50,-11.50) mean=-12.00 p50=-12.00 p05=-12.00 p95=-12.00
  [diag] sat-dist hist bins=60 sat<0.05=0.0% mean=0.983 p10=0.982 p90=0.983
Iter 0005100: train nll 1.387, valid error 075.130%, best valid error 074.330%, avg grad norm   0.208, avg grad norm (post clip)   0.052, rho_Whh  0.95, Omega  0.00, alpha  2.000, steps in the past 0.000, valid nll 1.386
  [diag] log10|dL/dh_t| hist bins=60 range=(-12.50,-11.50) mean=-12.00 p50=-12.00 p05=-12.00 p95=-12.00
  [diag] sat-dist hist bins=60 sat<0.05=0.0% mean=0.983 p10=0.982 p90=0.984
Iter 0005120: train nll 1.386, valid error 075.270%, best valid error 074.330%, avg grad norm   0.154, avg grad norm (post clip)   0.053, rho_Whh  0.95, Omega  0.00, alpha  2.000, steps in the past 0.000, valid nll 1.386
  [diag] log10|dL/dh_t| hist bins=60 range=(-12.50,-11.50) mean=-12.00 p50=-12.00 p05=-12.00 p95=-12.00
  [diag] sat-dist hist bins=60 sat<0.05=0.0% mean=0.984 p10=0.983 p90=0.984
Iter 0005140: train nll 1.386, valid error 075.230%, best valid error 074.330%, avg grad norm   0.175, avg grad norm (post clip)   0.052, rho_Whh  0.95, Omega  0.00, alpha  2.000, steps in the past 0.000, valid nll 1.386
  [diag] log10|dL/dh_t| hist bins=60 range=(-12.50,-11.50) mean=-12.00 p50=-12.00 p05=-12.00 p95=-12.00
  [diag] sat-dist hist bins=60 sat<0.05=0.0% mean=0.984 p10=0.983 p90=0.984
Iter 0005160: train nll 1.386, valid error 074.810%, best valid error 074.330%, avg grad norm   0.164, avg grad norm (post clip)   0.051, rho_Whh  0.95, Omega  0.00, alpha  2.000, steps in the past 0.000, valid nll 1.386
  [diag] log10|dL/dh_t| hist bins=60 range=(-12.50,-11.50) mean=-12.00 p50=-12.00 p05=-12.00 p95=-12.00
  [diag] sat-dist hist bins=60 sat<0.05=0.0% mean=0.984 p10=0.983 p90=0.984
Iter 0005180: train nll 1.386, valid error 075.400%, best valid error 074.330%, avg grad norm   0.196, avg grad norm (post clip)   0.053, rho_Whh  0.95, Omega  0.00, alpha  2.000, steps in the past 0.000, valid nll 1.386
  [diag] log10|dL/dh_t| hist bins=60 range=(-12.50,-11.50) mean=-12.00 p50=-12.00 p05=-12.00 p95=-12.00
  [diag] sat-dist hist bins=60 sat<0.05=0.0% mean=0.983 p10=0.983 p90=0.984
Iter 0005200: train nll 1.386, valid error 075.420%, best valid error 074.330%, avg grad norm   0.187, avg grad norm (post clip)   0.053, rho_Whh  0.95, Omega  0.00, alpha  2.000, steps in the past 0.000, valid nll 1.386
  [diag] log10|dL/dh_t| hist bins=60 range=(-12.50,-11.50) mean=-12.00 p50=-12.00 p05=-12.00 p95=-12.00
  [diag] sat-dist hist bins=60 sat<0.05=0.0% mean=0.983 p10=0.983 p90=0.984
Iter 0005220: train nll 1.386, valid error 075.220%, best valid error 074.330%, avg grad norm   0.186, avg grad norm (post clip)   0.053, rho_Whh  0.95, Omega  0.00, alpha  2.000, steps in the past 0.000, valid nll 1.386
  [diag] log10|dL/dh_t| hist bins=60 range=(-12.50,-11.50) mean=-12.00 p50=-12.00 p05=-12.00 p95=-12.00
  [diag] sat-dist hist bins=60 sat<0.05=0.0% mean=0.983 p10=0.982 p90=0.983
Iter 0005240: train nll 1.386, valid error 075.290%, best valid error 074.330%, avg grad norm   0.159, avg grad norm (post clip)   0.053, rho_Whh  0.95, Omega  0.00, alpha  2.000, steps in the past 0.000, valid nll 1.386
  [diag] log10|dL/dh_t| hist bins=60 range=(-12.50,-11.50) mean=-12.00 p50=-12.00 p05=-12.00 p95=-12.00
  [diag] sat-dist hist bins=60 sat<0.05=0.0% mean=0.983 p10=0.982 p90=0.983
Iter 0005260: train nll 1.386, valid error 075.160%, best valid error 074.330%, avg grad norm   0.172, avg grad norm (post clip)   0.053, rho_Whh  0.95, Omega  0.00, alpha  2.000, steps in the past 0.000, valid nll 1.386
  [diag] log10|dL/dh_t| hist bins=60 range=(-12.50,-11.50) mean=-12.00 p50=-12.00 p05=-12.00 p95=-12.00
  [diag] sat-dist hist bins=60 sat<0.05=0.0% mean=0.983 p10=0.982 p90=0.983
Iter 0005280: train nll 1.386, valid error 075.160%, best valid error 074.330%, avg grad norm   0.196, avg grad norm (post clip)   0.053, rho_Whh  0.95, Omega  0.00, alpha  2.000, steps in the past 0.000, valid nll 1.386
  [diag] log10|dL/dh_t| hist bins=60 range=(-12.50,-11.50) mean=-12.00 p50=-12.00 p05=-12.00 p95=-12.00
  [diag] sat-dist hist bins=60 sat<0.05=0.0% mean=0.982 p10=0.982 p90=0.983
Iter 0005300: train nll 1.386, valid error 075.100%, best valid error 074.330%, avg grad norm   0.194, avg grad norm (post clip)   0.053, rho_Whh  0.95, Omega  0.00, alpha  2.000, steps in the past 0.000, valid nll 1.386
  [diag] log10|dL/dh_t| hist bins=60 range=(-12.50,-11.50) mean=-12.00 p50=-12.00 p05=-12.00 p95=-12.00
  [diag] sat-dist hist bins=60 sat<0.05=0.0% mean=0.982 p10=0.981 p90=0.982
Iter 0005320: train nll 1.386, valid error 075.090%, best valid error 074.330%, avg grad norm   0.181, avg grad norm (post clip)   0.053, rho_Whh  0.95, Omega  0.00, alpha  2.000, steps in the past 0.000, valid nll 1.386
  [diag] log10|dL/dh_t| hist bins=60 range=(-12.50,-11.50) mean=-12.00 p50=-12.00 p05=-12.00 p95=-12.00
  [diag] sat-dist hist bins=60 sat<0.05=0.0% mean=0.983 p10=0.982 p90=0.983
Iter 0005340: train nll 1.386, valid error 074.970%, best valid error 074.330%, avg grad norm   0.187, avg grad norm (post clip)   0.052, rho_Whh  0.95, Omega  0.00, alpha  2.000, steps in the past 0.000, valid nll 1.386
  [diag] log10|dL/dh_t| hist bins=60 range=(-12.50,-11.50) mean=-12.00 p50=-12.00 p05=-12.00 p95=-12.00
  [diag] sat-dist hist bins=60 sat<0.05=0.0% mean=0.983 p10=0.982 p90=0.983
Iter 0005360: train nll 1.386, valid error 074.970%, best valid error 074.330%, avg grad norm   0.192, avg grad norm (post clip)   0.053, rho_Whh  0.95, Omega  0.00, alpha  2.000, steps in the past 0.000, valid nll 1.386
  [diag] log10|dL/dh_t| hist bins=60 range=(-12.50,-11.50) mean=-12.00 p50=-12.00 p05=-12.00 p95=-12.00
  [diag] sat-dist hist bins=60 sat<0.05=0.0% mean=0.983 p10=0.982 p90=0.983
Iter 0005380: train nll 1.386, valid error 074.970%, best valid error 074.330%, avg grad norm   0.176, avg grad norm (post clip)   0.053, rho_Whh  0.95, Omega  0.00, alpha  2.000, steps in the past 0.000, valid nll 1.386
  [diag] log10|dL/dh_t| hist bins=60 range=(-12.50,-11.50) mean=-12.00 p50=-12.00 p05=-12.00 p95=-12.00
  [diag] sat-dist hist bins=60 sat<0.05=0.0% mean=0.983 p10=0.982 p90=0.983
Iter 0005400: train nll 1.386, valid error 074.970%, best valid error 074.330%, avg grad norm   0.185, avg grad norm (post clip)   0.053, rho_Whh  0.95, Omega  0.00, alpha  2.000, steps in the past 0.000, valid nll 1.386
  [diag] log10|dL/dh_t| hist bins=60 range=(-12.50,-11.50) mean=-12.00 p50=-12.00 p05=-12.00 p95=-12.00
  [diag] sat-dist hist bins=60 sat<0.05=0.0% mean=0.982 p10=0.982 p90=0.983
Iter 0005420: train nll 1.386, valid error 074.970%, best valid error 074.330%, avg grad norm   0.181, avg grad norm (post clip)   0.053, rho_Whh  0.95, Omega  0.00, alpha  2.000, steps in the past 0.000, valid nll 1.386
  [diag] log10|dL/dh_t| hist bins=60 range=(-12.50,-11.50) mean=-12.00 p50=-12.00 p05=-12.00 p95=-12.00
  [diag] sat-dist hist bins=60 sat<0.05=0.0% mean=0.983 p10=0.982 p90=0.983
Iter 0005440: train nll 1.387, valid error 074.860%, best valid error 074.330%, avg grad norm   0.182, avg grad norm (post clip)   0.053, rho_Whh  0.95, Omega  0.00, alpha  2.000, steps in the past 0.000, valid nll 1.386
  [diag] log10|dL/dh_t| hist bins=60 range=(-12.50,-11.50) mean=-12.00 p50=-12.00 p05=-12.00 p95=-12.00
  [diag] sat-dist hist bins=60 sat<0.05=0.0% mean=0.982 p10=0.982 p90=0.983
Iter 0005460: train nll 1.386, valid error 074.880%, best valid error 074.330%, avg grad norm   0.192, avg grad norm (post clip)   0.053, rho_Whh  0.95, Omega  0.00, alpha  2.000, steps in the past 0.000, valid nll 1.386
  [diag] log10|dL/dh_t| hist bins=60 range=(-12.50,-11.50) mean=-12.00 p50=-12.00 p05=-12.00 p95=-12.00
  [diag] sat-dist hist bins=60 sat<0.05=0.0% mean=0.982 p10=0.982 p90=0.983
Iter 0005480: train nll 1.386, valid error 074.890%, best valid error 074.330%, avg grad norm   0.198, avg grad norm (post clip)   0.053, rho_Whh  0.95, Omega  0.00, alpha  2.000, steps in the past 0.000, valid nll 1.386
  [diag] log10|dL/dh_t| hist bins=60 range=(-12.50,-11.50) mean=-12.00 p50=-12.00 p05=-12.00 p95=-12.00
  [diag] sat-dist hist bins=60 sat<0.05=0.0% mean=0.983 p10=0.982 p90=0.983
Iter 0005500: train nll 1.387, valid error 074.910%, best valid error 074.330%, avg grad norm   0.171, avg grad norm (post clip)   0.053, rho_Whh  0.95, Omega  0.00, alpha  2.000, steps in the past 0.000, valid nll 1.386
  [diag] log10|dL/dh_t| hist bins=60 range=(-12.50,-11.50) mean=-12.00 p50=-12.00 p05=-12.00 p95=-12.00
  [diag] sat-dist hist bins=60 sat<0.05=0.0% mean=0.982 p10=0.982 p90=0.983
Iter 0005520: train nll 1.386, valid error 075.050%, best valid error 074.330%, avg grad norm   0.185, avg grad norm (post clip)   0.053, rho_Whh  0.95, Omega  0.00, alpha  2.000, steps in the past 0.000, valid nll 1.386
  [diag] log10|dL/dh_t| hist bins=60 range=(-12.50,-11.50) mean=-12.00 p50=-12.00 p05=-12.00 p95=-12.00
  [diag] sat-dist hist bins=60 sat<0.05=0.0% mean=0.982 p10=0.982 p90=0.983
Iter 0005540: train nll 1.386, valid error 074.900%, best valid error 074.330%, avg grad norm   0.176, avg grad norm (post clip)   0.053, rho_Whh  0.95, Omega  0.00, alpha  2.000, steps in the past 0.000, valid nll 1.386
  [diag] log10|dL/dh_t| hist bins=60 range=(-12.50,-11.50) mean=-12.00 p50=-12.00 p05=-12.00 p95=-12.00
  [diag] sat-dist hist bins=60 sat<0.05=0.0% mean=0.982 p10=0.982 p90=0.983
Iter 0005560: train nll 1.386, valid error 074.970%, best valid error 074.330%, avg grad norm   0.213, avg grad norm (post clip)   0.053, rho_Whh  0.95, Omega  0.00, alpha  2.000, steps in the past 0.000, valid nll 1.386
  [diag] log10|dL/dh_t| hist bins=60 range=(-12.50,-11.50) mean=-12.00 p50=-12.00 p05=-12.00 p95=-12.00
  [diag] sat-dist hist bins=60 sat<0.05=0.0% mean=0.983 p10=0.982 p90=0.983
Iter 0005580: train nll 1.387, valid error 074.970%, best valid error 074.330%, avg grad norm   0.191, avg grad norm (post clip)   0.053, rho_Whh  0.95, Omega  0.00, alpha  2.000, steps in the past 0.000, valid nll 1.386
  [diag] log10|dL/dh_t| hist bins=60 range=(-12.50,-11.50) mean=-12.00 p50=-12.00 p05=-12.00 p95=-12.00
  [diag] sat-dist hist bins=60 sat<0.05=0.0% mean=0.983 p10=0.982 p90=0.983
Iter 0005600: train nll 1.386, valid error 074.970%, best valid error 074.330%, avg grad norm   0.215, avg grad norm (post clip)   0.053, rho_Whh  0.95, Omega  0.00, alpha  2.000, steps in the past 0.000, valid nll 1.386
  [diag] log10|dL/dh_t| hist bins=60 range=(-12.50,-11.50) mean=-12.00 p50=-12.00 p05=-12.00 p95=-12.00
  [diag] sat-dist hist bins=60 sat<0.05=0.0% mean=0.982 p10=0.982 p90=0.983
Iter 0005620: train nll 1.386, valid error 074.970%, best valid error 074.330%, avg grad norm   0.176, avg grad norm (post clip)   0.053, rho_Whh  0.95, Omega  0.00, alpha  2.000, steps in the past 0.000, valid nll 1.386
  [diag] log10|dL/dh_t| hist bins=60 range=(-12.50,-11.50) mean=-12.00 p50=-12.00 p05=-12.00 p95=-12.00
  [diag] sat-dist hist bins=60 sat<0.05=0.0% mean=0.982 p10=0.981 p90=0.983
Iter 0005640: train nll 1.386, valid error 074.970%, best valid error 074.330%, avg grad norm   0.194, avg grad norm (post clip)   0.053, rho_Whh  0.95, Omega  0.00, alpha  2.000, steps in the past 0.000, valid nll 1.386
  [diag] log10|dL/dh_t| hist bins=60 range=(-12.50,-11.50) mean=-12.00 p50=-12.00 p05=-12.00 p95=-12.00
  [diag] sat-dist hist bins=60 sat<0.05=0.0% mean=0.982 p10=0.981 p90=0.983
Iter 0005660: train nll 1.387, valid error 074.970%, best valid error 074.330%, avg grad norm   0.181, avg grad norm (post clip)   0.052, rho_Whh  0.95, Omega  0.00, alpha  2.000, steps in the past 0.000, valid nll 1.386
  [diag] log10|dL/dh_t| hist bins=60 range=(-12.50,-11.50) mean=-12.00 p50=-12.00 p05=-12.00 p95=-12.00
  [diag] sat-dist hist bins=60 sat<0.05=0.0% mean=0.982 p10=0.981 p90=0.983
Iter 0005680: train nll 1.386, valid error 074.970%, best valid error 074.330%, avg grad norm   0.216, avg grad norm (post clip)   0.053, rho_Whh  0.95, Omega  0.00, alpha  2.000, steps in the past 0.000, valid nll 1.386
  [diag] log10|dL/dh_t| hist bins=60 range=(-12.50,-11.50) mean=-12.00 p50=-12.00 p05=-12.00 p95=-12.00
  [diag] sat-dist hist bins=60 sat<0.05=0.0% mean=0.983 p10=0.982 p90=0.983
Iter 0005700: train nll 1.386, valid error 074.970%, best valid error 074.330%, avg grad norm   0.164, avg grad norm (post clip)   0.053, rho_Whh  0.95, Omega  0.00, alpha  2.000, steps in the past 0.000, valid nll 1.386
  [diag] log10|dL/dh_t| hist bins=60 range=(-12.50,-11.50) mean=-12.00 p50=-12.00 p05=-12.00 p95=-12.00
  [diag] sat-dist hist bins=60 sat<0.05=0.0% mean=0.983 p10=0.982 p90=0.983
Iter 0005720: train nll 1.386, valid error 074.970%, best valid error 074.330%, avg grad norm   0.200, avg grad norm (post clip)   0.052, rho_Whh  0.95, Omega  0.00, alpha  2.000, steps in the past 0.000, valid nll 1.386
  [diag] log10|dL/dh_t| hist bins=60 range=(-12.50,-11.50) mean=-12.00 p50=-12.00 p05=-12.00 p95=-12.00
  [diag] sat-dist hist bins=60 sat<0.05=0.0% mean=0.982 p10=0.982 p90=0.983
Iter 0005740: train nll 1.386, valid error 074.970%, best valid error 074.330%, avg grad norm   0.163, avg grad norm (post clip)   0.053, rho_Whh  0.95, Omega  0.00, alpha  2.000, steps in the past 0.000, valid nll 1.386
  [diag] log10|dL/dh_t| hist bins=60 range=(-12.50,-11.50) mean=-12.00 p50=-12.00 p05=-12.00 p95=-12.00
  [diag] sat-dist hist bins=60 sat<0.05=0.0% mean=0.982 p10=0.981 p90=0.982
Iter 0005760: train nll 1.386, valid error 074.970%, best valid error 074.330%, avg grad norm   0.198, avg grad norm (post clip)   0.053, rho_Whh  0.95, Omega  0.00, alpha  2.000, steps in the past 0.000, valid nll 1.386
  [diag] log10|dL/dh_t| hist bins=60 range=(-12.50,-11.50) mean=-12.00 p50=-12.00 p05=-12.00 p95=-12.00
  [diag] sat-dist hist bins=60 sat<0.05=0.0% mean=0.982 p10=0.981 p90=0.983
Iter 0005780: train nll 1.387, valid error 074.970%, best valid error 074.330%, avg grad norm   0.202, avg grad norm (post clip)   0.053, rho_Whh  0.95, Omega  0.00, alpha  2.000, steps in the past 0.000, valid nll 1.386
  [diag] log10|dL/dh_t| hist bins=60 range=(-12.50,-11.50) mean=-12.00 p50=-12.00 p05=-12.00 p95=-12.00
  [diag] sat-dist hist bins=60 sat<0.05=0.0% mean=0.982 p10=0.981 p90=0.983
Iter 0005800: train nll 1.386, valid error 074.970%, best valid error 074.330%, avg grad norm   0.178, avg grad norm (post clip)   0.053, rho_Whh  0.95, Omega  0.00, alpha  2.000, steps in the past 0.000, valid nll 1.386
  [diag] log10|dL/dh_t| hist bins=60 range=(-12.50,-11.50) mean=-12.00 p50=-12.00 p05=-12.00 p95=-12.00
  [diag] sat-dist hist bins=60 sat<0.05=0.0% mean=0.982 p10=0.981 p90=0.983
Iter 0005820: train nll 1.387, valid error 074.970%, best valid error 074.330%, avg grad norm   0.224, avg grad norm (post clip)   0.052, rho_Whh  0.95, Omega  0.00, alpha  2.000, steps in the past 0.000, valid nll 1.386
  [diag] log10|dL/dh_t| hist bins=60 range=(-12.50,-11.50) mean=-12.00 p50=-12.00 p05=-12.00 p95=-12.00
  [diag] sat-dist hist bins=60 sat<0.05=0.0% mean=0.982 p10=0.982 p90=0.983
Iter 0005840: train nll 1.386, valid error 074.970%, best valid error 074.330%, avg grad norm   0.143, avg grad norm (post clip)   0.053, rho_Whh  0.95, Omega  0.00, alpha  2.000, steps in the past 0.000, valid nll 1.386
  [diag] log10|dL/dh_t| hist bins=60 range=(-12.50,-11.50) mean=-12.00 p50=-12.00 p05=-12.00 p95=-12.00
  [diag] sat-dist hist bins=60 sat<0.05=0.0% mean=0.982 p10=0.982 p90=0.983
Iter 0005860: train nll 1.386, valid error 074.970%, best valid error 074.330%, avg grad norm   0.177, avg grad norm (post clip)   0.053, rho_Whh  0.95, Omega  0.00, alpha  2.000, steps in the past 0.000, valid nll 1.386
  [diag] log10|dL/dh_t| hist bins=60 range=(-12.50,-11.50) mean=-12.00 p50=-12.00 p05=-12.00 p95=-12.00
  [diag] sat-dist hist bins=60 sat<0.05=0.0% mean=0.982 p10=0.982 p90=0.983
Iter 0005880: train nll 1.386, valid error 074.970%, best valid error 074.330%, avg grad norm   0.178, avg grad norm (post clip)   0.053, rho_Whh  0.95, Omega  0.00, alpha  2.000, steps in the past 0.000, valid nll 1.386
  [diag] log10|dL/dh_t| hist bins=60 range=(-12.50,-11.50) mean=-12.00 p50=-12.00 p05=-12.00 p95=-12.00
  [diag] sat-dist hist bins=60 sat<0.05=0.0% mean=0.982 p10=0.982 p90=0.983
Iter 0005900: train nll 1.386, valid error 074.970%, best valid error 074.330%, avg grad norm   0.185, avg grad norm (post clip)   0.053, rho_Whh  0.95, Omega  0.00, alpha  2.000, steps in the past 0.000, valid nll 1.386
  [diag] log10|dL/dh_t| hist bins=60 range=(-12.50,-11.50) mean=-12.00 p50=-12.00 p05=-12.00 p95=-12.00
  [diag] sat-dist hist bins=60 sat<0.05=0.0% mean=0.983 p10=0.982 p90=0.983
Iter 0005920: train nll 1.386, valid error 074.970%, best valid error 074.330%, avg grad norm   0.199, avg grad norm (post clip)   0.053, rho_Whh  0.95, Omega  0.00, alpha  2.000, steps in the past 0.000, valid nll 1.386
  [diag] log10|dL/dh_t| hist bins=60 range=(-12.50,-11.50) mean=-12.00 p50=-12.00 p05=-12.00 p95=-12.00
  [diag] sat-dist hist bins=60 sat<0.05=0.0% mean=0.982 p10=0.981 p90=0.983
Iter 0005940: train nll 1.386, valid error 074.970%, best valid error 074.330%, avg grad norm   0.202, avg grad norm (post clip)   0.052, rho_Whh  0.95, Omega  0.00, alpha  2.000, steps in the past 0.000, valid nll 1.386
  [diag] log10|dL/dh_t| hist bins=60 range=(-12.50,-11.50) mean=-12.00 p50=-12.00 p05=-12.00 p95=-12.00
  [diag] sat-dist hist bins=60 sat<0.05=0.0% mean=0.982 p10=0.981 p90=0.982
Iter 0005960: train nll 1.386, valid error 074.970%, best valid error 074.330%, avg grad norm   0.227, avg grad norm (post clip)   0.053, rho_Whh  0.95, Omega  0.00, alpha  2.000, steps in the past 0.000, valid nll 1.386
  [diag] log10|dL/dh_t| hist bins=60 range=(-12.50,-11.50) mean=-12.00 p50=-12.00 p05=-12.00 p95=-12.00
  [diag] sat-dist hist bins=60 sat<0.05=0.0% mean=0.982 p10=0.981 p90=0.982
Iter 0005980: train nll 1.386, valid error 074.970%, best valid error 074.330%, avg grad norm   0.169, avg grad norm (post clip)   0.053, rho_Whh  0.95, Omega  0.00, alpha  2.000, steps in the past 0.000, valid nll 1.386
  [diag] log10|dL/dh_t| hist bins=60 range=(-12.50,-11.50) mean=-12.00 p50=-12.00 p05=-12.00 p95=-12.00
  [diag] sat-dist hist bins=60 sat<0.05=0.0% mean=0.982 p10=0.981 p90=0.982
Iter 0006000: train nll 1.386, valid error 074.970%, best valid error 074.330%, avg grad norm   0.188, avg grad norm (post clip)   0.053, rho_Whh  0.95, Omega  0.00, alpha  2.000, steps in the past 0.000, valid nll 1.386
  [diag] log10|dL/dh_t| hist bins=60 range=(-12.50,-11.50) mean=-12.00 p50=-12.00 p05=-12.00 p95=-12.00
  [diag] sat-dist hist bins=60 sat<0.05=0.0% mean=0.981 p10=0.980 p90=0.981
Iter 0006020: train nll 1.385, valid error 074.970%, best valid error 074.330%, avg grad norm   0.183, avg grad norm (post clip)   0.052, rho_Whh  0.95, Omega  0.00, alpha  2.000, steps in the past 0.000, valid nll 1.386
  [diag] log10|dL/dh_t| hist bins=60 range=(-12.50,-11.50) mean=-12.00 p50=-12.00 p05=-12.00 p95=-12.00
  [diag] sat-dist hist bins=60 sat<0.05=0.0% mean=0.981 p10=0.980 p90=0.981
Iter 0006040: train nll 1.387, valid error 074.970%, best valid error 074.330%, avg grad norm   0.194, avg grad norm (post clip)   0.052, rho_Whh  0.95, Omega  0.00, alpha  2.000, steps in the past 0.000, valid nll 1.386
  [diag] log10|dL/dh_t| hist bins=60 range=(-12.50,-11.50) mean=-12.00 p50=-12.00 p05=-12.00 p95=-12.00
  [diag] sat-dist hist bins=60 sat<0.05=0.0% mean=0.982 p10=0.981 p90=0.982
Iter 0006060: train nll 1.387, valid error 074.970%, best valid error 074.330%, avg grad norm   0.184, avg grad norm (post clip)   0.053, rho_Whh  0.95, Omega  0.00, alpha  2.000, steps in the past 0.000, valid nll 1.386
  [diag] log10|dL/dh_t| hist bins=60 range=(-12.50,-11.50) mean=-12.00 p50=-12.00 p05=-12.00 p95=-12.00
  [diag] sat-dist hist bins=60 sat<0.05=0.0% mean=0.981 p10=0.981 p90=0.982
Iter 0006080: train nll 1.386, valid error 074.970%, best valid error 074.330%, avg grad norm   0.170, avg grad norm (post clip)   0.052, rho_Whh  0.95, Omega  0.00, alpha  2.000, steps in the past 0.000, valid nll 1.386
  [diag] log10|dL/dh_t| hist bins=60 range=(-12.50,-11.50) mean=-12.00 p50=-12.00 p05=-12.00 p95=-12.00
  [diag] sat-dist hist bins=60 sat<0.05=0.0% mean=0.981 p10=0.980 p90=0.982
Iter 0006100: train nll 1.386, valid error 074.970%, best valid error 074.330%, avg grad norm   0.204, avg grad norm (post clip)   0.053, rho_Whh  0.95, Omega  0.00, alpha  2.000, steps in the past 0.000, valid nll 1.386
  [diag] log10|dL/dh_t| hist bins=60 range=(-12.50,-11.50) mean=-12.00 p50=-12.00 p05=-12.00 p95=-12.00
  [diag] sat-dist hist bins=60 sat<0.05=0.0% mean=0.981 p10=0.980 p90=0.982
Iter 0006120: train nll 1.386, valid error 074.970%, best valid error 074.330%, avg grad norm   0.210, avg grad norm (post clip)   0.053, rho_Whh  0.95, Omega  0.00, alpha  2.000, steps in the past 0.000, valid nll 1.386
  [diag] log10|dL/dh_t| hist bins=60 range=(-12.50,-11.50) mean=-12.00 p50=-12.00 p05=-12.00 p95=-12.00
  [diag] sat-dist hist bins=60 sat<0.05=0.0% mean=0.981 p10=0.980 p90=0.981
Iter 0006140: train nll 1.386, valid error 074.970%, best valid error 074.330%, avg grad norm   0.176, avg grad norm (post clip)   0.053, rho_Whh  0.95, Omega  0.00, alpha  2.000, steps in the past 0.000, valid nll 1.386
  [diag] log10|dL/dh_t| hist bins=60 range=(-12.50,-11.50) mean=-12.00 p50=-12.00 p05=-12.00 p95=-12.00
  [diag] sat-dist hist bins=60 sat<0.05=0.0% mean=0.981 p10=0.980 p90=0.981
Iter 0006160: train nll 1.386, valid error 074.970%, best valid error 074.330%, avg grad norm   0.186, avg grad norm (post clip)   0.053, rho_Whh  0.95, Omega  0.00, alpha  2.000, steps in the past 0.000, valid nll 1.386
  [diag] log10|dL/dh_t| hist bins=60 range=(-12.50,-11.50) mean=-12.00 p50=-12.00 p05=-12.00 p95=-12.00
  [diag] sat-dist hist bins=60 sat<0.05=0.0% mean=0.981 p10=0.980 p90=0.981
Iter 0006180: train nll 1.386, valid error 074.970%, best valid error 074.330%, avg grad norm   0.188, avg grad norm (post clip)   0.053, rho_Whh  0.95, Omega  0.00, alpha  2.000, steps in the past 0.000, valid nll 1.386
  [diag] log10|dL/dh_t| hist bins=60 range=(-12.50,-11.50) mean=-12.00 p50=-12.00 p05=-12.00 p95=-12.00
  [diag] sat-dist hist bins=60 sat<0.05=0.0% mean=0.981 p10=0.981 p90=0.982
Iter 0006200: train nll 1.386, valid error 074.970%, best valid error 074.330%, avg grad norm   0.200, avg grad norm (post clip)   0.053, rho_Whh  0.95, Omega  0.00, alpha  2.000, steps in the past 0.000, valid nll 1.386
  [diag] log10|dL/dh_t| hist bins=60 range=(-12.50,-11.50) mean=-12.00 p50=-12.00 p05=-12.00 p95=-12.00
  [diag] sat-dist hist bins=60 sat<0.05=0.0% mean=0.982 p10=0.981 p90=0.982
Iter 0006220: train nll 1.387, valid error 074.970%, best valid error 074.330%, avg grad norm   0.179, avg grad norm (post clip)   0.053, rho_Whh  0.95, Omega  0.00, alpha  2.000, steps in the past 0.000, valid nll 1.386
  [diag] log10|dL/dh_t| hist bins=60 range=(-12.50,-11.50) mean=-12.00 p50=-12.00 p05=-12.00 p95=-12.00
  [diag] sat-dist hist bins=60 sat<0.05=0.0% mean=0.982 p10=0.981 p90=0.982
Iter 0006240: train nll 1.387, valid error 074.850%, best valid error 074.330%, avg grad norm   0.200, avg grad norm (post clip)   0.053, rho_Whh  0.95, Omega  0.00, alpha  2.000, steps in the past 0.000, valid nll 1.386
  [diag] log10|dL/dh_t| hist bins=60 range=(-12.50,-11.50) mean=-12.00 p50=-12.00 p05=-12.00 p95=-12.00
  [diag] sat-dist hist bins=60 sat<0.05=0.0% mean=0.981 p10=0.981 p90=0.982
Iter 0006260: train nll 1.387, valid error 074.980%, best valid error 074.330%, avg grad norm   0.196, avg grad norm (post clip)   0.053, rho_Whh  0.95, Omega  0.00, alpha  2.000, steps in the past 0.000, valid nll 1.386
  [diag] log10|dL/dh_t| hist bins=60 range=(-12.50,-11.50) mean=-12.00 p50=-12.00 p05=-12.00 p95=-12.00
  [diag] sat-dist hist bins=60 sat<0.05=0.0% mean=0.981 p10=0.980 p90=0.981
Iter 0006280: train nll 1.386, valid error 075.180%, best valid error 074.330%, avg grad norm   0.202, avg grad norm (post clip)   0.052, rho_Whh  0.95, Omega  0.00, alpha  2.000, steps in the past 0.000, valid nll 1.386
  [diag] log10|dL/dh_t| hist bins=60 range=(-12.50,-11.50) mean=-12.00 p50=-12.00 p05=-12.00 p95=-12.00
  [diag] sat-dist hist bins=60 sat<0.05=0.0% mean=0.981 p10=0.981 p90=0.982
Iter 0006300: train nll 1.387, valid error 075.170%, best valid error 074.330%, avg grad norm   0.190, avg grad norm (post clip)   0.053, rho_Whh  0.95, Omega  0.00, alpha  2.000, steps in the past 0.000, valid nll 1.386
  [diag] log10|dL/dh_t| hist bins=60 range=(-12.50,-11.50) mean=-12.00 p50=-12.00 p05=-12.00 p95=-12.00
  [diag] sat-dist hist bins=60 sat<0.05=0.0% mean=0.981 p10=0.980 p90=0.981
Iter 0006320: train nll 1.386, valid error 075.230%, best valid error 074.330%, avg grad norm   0.173, avg grad norm (post clip)   0.053, rho_Whh  0.95, Omega  0.00, alpha  2.000, steps in the past 0.000, valid nll 1.386
  [diag] log10|dL/dh_t| hist bins=60 range=(-12.50,-11.50) mean=-12.00 p50=-12.00 p05=-12.00 p95=-12.00
  [diag] sat-dist hist bins=60 sat<0.05=0.0% mean=0.981 p10=0.980 p90=0.981
Iter 0006340: train nll 1.386, valid error 075.230%, best valid error 074.330%, avg grad norm   0.190, avg grad norm (post clip)   0.053, rho_Whh  0.95, Omega  0.00, alpha  2.000, steps in the past 0.000, valid nll 1.386
  [diag] log10|dL/dh_t| hist bins=60 range=(-12.50,-11.50) mean=-12.00 p50=-12.00 p05=-12.00 p95=-12.00
  [diag] sat-dist hist bins=60 sat<0.05=0.0% mean=0.981 p10=0.980 p90=0.982
Iter 0006360: train nll 1.386, valid error 074.930%, best valid error 074.330%, avg grad norm   0.167, avg grad norm (post clip)   0.053, rho_Whh  0.95, Omega  0.00, alpha  2.000, steps in the past 0.000, valid nll 1.386
  [diag] log10|dL/dh_t| hist bins=60 range=(-12.50,-11.50) mean=-12.00 p50=-12.00 p05=-12.00 p95=-12.00
  [diag] sat-dist hist bins=60 sat<0.05=0.0% mean=0.981 p10=0.980 p90=0.981
Iter 0006380: train nll 1.386, valid error 074.970%, best valid error 074.330%, avg grad norm   0.170, avg grad norm (post clip)   0.053, rho_Whh  0.95, Omega  0.00, alpha  2.000, steps in the past 0.000, valid nll 1.386
  [diag] log10|dL/dh_t| hist bins=60 range=(-12.50,-11.50) mean=-12.00 p50=-12.00 p05=-12.00 p95=-12.00
  [diag] sat-dist hist bins=60 sat<0.05=0.0% mean=0.981 p10=0.980 p90=0.981
Iter 0006400: train nll 1.386, valid error 074.970%, best valid error 074.330%, avg grad norm   0.183, avg grad norm (post clip)   0.053, rho_Whh  0.95, Omega  0.00, alpha  2.000, steps in the past 0.000, valid nll 1.386
  [diag] log10|dL/dh_t| hist bins=60 range=(-12.50,-11.50) mean=-12.00 p50=-12.00 p05=-12.00 p95=-12.00
  [diag] sat-dist hist bins=60 sat<0.05=0.0% mean=0.981 p10=0.980 p90=0.981
Iter 0006420: train nll 1.386, valid error 074.970%, best valid error 074.330%, avg grad norm   0.185, avg grad norm (post clip)   0.053, rho_Whh  0.95, Omega  0.00, alpha  2.000, steps in the past 0.000, valid nll 1.386
  [diag] log10|dL/dh_t| hist bins=60 range=(-12.50,-11.50) mean=-12.00 p50=-12.00 p05=-12.00 p95=-12.00
  [diag] sat-dist hist bins=60 sat<0.05=0.0% mean=0.981 p10=0.980 p90=0.981
Iter 0006440: train nll 1.386, valid error 074.970%, best valid error 074.330%, avg grad norm   0.179, avg grad norm (post clip)   0.053, rho_Whh  0.95, Omega  0.00, alpha  2.000, steps in the past 0.000, valid nll 1.386
  [diag] log10|dL/dh_t| hist bins=60 range=(-12.50,-11.50) mean=-12.00 p50=-12.00 p05=-12.00 p95=-12.00
  [diag] sat-dist hist bins=60 sat<0.05=0.0% mean=0.981 p10=0.980 p90=0.981
Iter 0006460: train nll 1.386, valid error 074.970%, best valid error 074.330%, avg grad norm   0.192, avg grad norm (post clip)   0.053, rho_Whh  0.95, Omega  0.00, alpha  2.000, steps in the past 0.000, valid nll 1.386
  [diag] log10|dL/dh_t| hist bins=60 range=(-12.50,-11.50) mean=-12.00 p50=-12.00 p05=-12.00 p95=-12.00
  [diag] sat-dist hist bins=60 sat<0.05=0.0% mean=0.981 p10=0.980 p90=0.981
Iter 0006480: train nll 1.387, valid error 074.970%, best valid error 074.330%, avg grad norm   0.223, avg grad norm (post clip)   0.053, rho_Whh  0.95, Omega  0.00, alpha  2.000, steps in the past 0.000, valid nll 1.386
  [diag] log10|dL/dh_t| hist bins=60 range=(-12.50,-11.50) mean=-12.00 p50=-12.00 p05=-12.00 p95=-12.00
  [diag] sat-dist hist bins=60 sat<0.05=0.0% mean=0.981 p10=0.980 p90=0.981
Iter 0006500: train nll 1.387, valid error 074.970%, best valid error 074.330%, avg grad norm   0.180, avg grad norm (post clip)   0.053, rho_Whh  0.95, Omega  0.00, alpha  2.000, steps in the past 0.000, valid nll 1.386
  [diag] log10|dL/dh_t| hist bins=60 range=(-12.50,-11.50) mean=-12.00 p50=-12.00 p05=-12.00 p95=-12.00
  [diag] sat-dist hist bins=60 sat<0.05=0.0% mean=0.981 p10=0.980 p90=0.982
Iter 0006520: train nll 1.387, valid error 074.970%, best valid error 074.330%, avg grad norm   0.175, avg grad norm (post clip)   0.053, rho_Whh  0.95, Omega  0.00, alpha  2.000, steps in the past 0.000, valid nll 1.386
  [diag] log10|dL/dh_t| hist bins=60 range=(-12.50,-11.50) mean=-12.00 p50=-12.00 p05=-12.00 p95=-12.00
  [diag] sat-dist hist bins=60 sat<0.05=0.0% mean=0.981 p10=0.981 p90=0.982
Iter 0006540: train nll 1.386, valid error 074.970%, best valid error 074.330%, avg grad norm   0.169, avg grad norm (post clip)   0.053, rho_Whh  0.95, Omega  0.00, alpha  2.000, steps in the past 0.000, valid nll 1.386
  [diag] log10|dL/dh_t| hist bins=60 range=(-12.50,-11.50) mean=-12.00 p50=-12.00 p05=-12.00 p95=-12.00
  [diag] sat-dist hist bins=60 sat<0.05=0.0% mean=0.982 p10=0.981 p90=0.983
Iter 0006560: train nll 1.387, valid error 074.970%, best valid error 074.330%, avg grad norm   0.207, avg grad norm (post clip)   0.053, rho_Whh  0.95, Omega  0.00, alpha  2.000, steps in the past 0.000, valid nll 1.386
  [diag] log10|dL/dh_t| hist bins=60 range=(-12.50,-11.50) mean=-12.00 p50=-12.00 p05=-12.00 p95=-12.00
  [diag] sat-dist hist bins=60 sat<0.05=0.0% mean=0.982 p10=0.981 p90=0.982
Iter 0006580: train nll 1.386, valid error 074.970%, best valid error 074.330%, avg grad norm   0.191, avg grad norm (post clip)   0.053, rho_Whh  0.95, Omega  0.00, alpha  2.000, steps in the past 0.000, valid nll 1.386
  [diag] log10|dL/dh_t| hist bins=60 range=(-12.50,-11.50) mean=-12.00 p50=-12.00 p05=-12.00 p95=-12.00
  [diag] sat-dist hist bins=60 sat<0.05=0.0% mean=0.981 p10=0.981 p90=0.982
Iter 0006600: train nll 1.386, valid error 074.970%, best valid error 074.330%, avg grad norm   0.227, avg grad norm (post clip)   0.053, rho_Whh  0.95, Omega  0.00, alpha  2.000, steps in the past 0.000, valid nll 1.386
  [diag] log10|dL/dh_t| hist bins=60 range=(-12.50,-11.50) mean=-12.00 p50=-12.00 p05=-12.00 p95=-12.00
  [diag] sat-dist hist bins=60 sat<0.05=0.0% mean=0.981 p10=0.980 p90=0.982
Iter 0006620: train nll 1.387, valid error 074.970%, best valid error 074.330%, avg grad norm   0.177, avg grad norm (post clip)   0.052, rho_Whh  0.95, Omega  0.00, alpha  2.000, steps in the past 0.000, valid nll 1.386
  [diag] log10|dL/dh_t| hist bins=60 range=(-12.50,-11.50) mean=-12.00 p50=-12.00 p05=-12.00 p95=-12.00
  [diag] sat-dist hist bins=60 sat<0.05=0.0% mean=0.981 p10=0.981 p90=0.982
Iter 0006640: train nll 1.387, valid error 074.970%, best valid error 074.330%, avg grad norm   0.190, avg grad norm (post clip)   0.053, rho_Whh  0.95, Omega  0.00, alpha  2.000, steps in the past 0.000, valid nll 1.386
  [diag] log10|dL/dh_t| hist bins=60 range=(-12.50,-11.50) mean=-12.00 p50=-12.00 p05=-12.00 p95=-12.00
  [diag] sat-dist hist bins=60 sat<0.05=0.0% mean=0.982 p10=0.981 p90=0.982
Iter 0006660: train nll 1.386, valid error 074.970%, best valid error 074.330%, avg grad norm   0.180, avg grad norm (post clip)   0.053, rho_Whh  0.95, Omega  0.00, alpha  2.000, steps in the past 0.000, valid nll 1.386
  [diag] log10|dL/dh_t| hist bins=60 range=(-12.50,-11.50) mean=-12.00 p50=-12.00 p05=-12.00 p95=-12.00
  [diag] sat-dist hist bins=60 sat<0.05=0.0% mean=0.982 p10=0.981 p90=0.982
Iter 0006680: train nll 1.387, valid error 074.970%, best valid error 074.330%, avg grad norm   0.175, avg grad norm (post clip)   0.053, rho_Whh  0.95, Omega  0.00, alpha  2.000, steps in the past 0.000, valid nll 1.386
  [diag] log10|dL/dh_t| hist bins=60 range=(-12.50,-11.50) mean=-12.00 p50=-12.00 p05=-12.00 p95=-12.00
  [diag] sat-dist hist bins=60 sat<0.05=0.0% mean=0.982 p10=0.981 p90=0.982
Iter 0006700: train nll 1.387, valid error 074.930%, best valid error 074.330%, avg grad norm   0.190, avg grad norm (post clip)   0.053, rho_Whh  0.95, Omega  0.00, alpha  2.000, steps in the past 0.000, valid nll 1.386
  [diag] log10|dL/dh_t| hist bins=60 range=(-12.50,-11.50) mean=-12.00 p50=-12.00 p05=-12.00 p95=-12.00
  [diag] sat-dist hist bins=60 sat<0.05=0.0% mean=0.982 p10=0.981 p90=0.983
Iter 0006720: train nll 1.387, valid error 074.880%, best valid error 074.330%, avg grad norm   0.188, avg grad norm (post clip)   0.052, rho_Whh  0.95, Omega  0.00, alpha  2.000, steps in the past 0.000, valid nll 1.386
  [diag] log10|dL/dh_t| hist bins=60 range=(-12.50,-11.50) mean=-12.00 p50=-12.00 p05=-12.00 p95=-12.00
  [diag] sat-dist hist bins=60 sat<0.05=0.0% mean=0.982 p10=0.981 p90=0.983
Iter 0006740: train nll 1.386, valid error 074.980%, best valid error 074.330%, avg grad norm   0.181, avg grad norm (post clip)   0.053, rho_Whh  0.95, Omega  0.00, alpha  2.000, steps in the past 0.000, valid nll 1.386
  [diag] log10|dL/dh_t| hist bins=60 range=(-12.50,-11.50) mean=-12.00 p50=-12.00 p05=-12.00 p95=-12.00
  [diag] sat-dist hist bins=60 sat<0.05=0.0% mean=0.982 p10=0.982 p90=0.983
Iter 0006760: train nll 1.386, valid error 074.970%, best valid error 074.330%, avg grad norm   0.181, avg grad norm (post clip)   0.053, rho_Whh  0.95, Omega  0.00, alpha  2.000, steps in the past 0.000, valid nll 1.386
  [diag] log10|dL/dh_t| hist bins=60 range=(-12.50,-11.50) mean=-12.00 p50=-12.00 p05=-12.00 p95=-12.00
  [diag] sat-dist hist bins=60 sat<0.05=0.0% mean=0.983 p10=0.982 p90=0.983
Iter 0006780: train nll 1.387, valid error 074.970%, best valid error 074.330%, avg grad norm   0.196, avg grad norm (post clip)   0.053, rho_Whh  0.95, Omega  0.00, alpha  2.000, steps in the past 0.000, valid nll 1.386
  [diag] log10|dL/dh_t| hist bins=60 range=(-12.50,-11.50) mean=-12.00 p50=-12.00 p05=-12.00 p95=-12.00
  [diag] sat-dist hist bins=60 sat<0.05=0.0% mean=0.983 p10=0.982 p90=0.984
Iter 0006800: train nll 1.386, valid error 074.970%, best valid error 074.330%, avg grad norm   0.188, avg grad norm (post clip)   0.053, rho_Whh  0.95, Omega  0.00, alpha  2.000, steps in the past 0.000, valid nll 1.386
  [diag] log10|dL/dh_t| hist bins=60 range=(-12.50,-11.50) mean=-12.00 p50=-12.00 p05=-12.00 p95=-12.00
  [diag] sat-dist hist bins=60 sat<0.05=0.0% mean=0.983 p10=0.982 p90=0.984
Iter 0006820: train nll 1.386, valid error 074.970%, best valid error 074.330%, avg grad norm   0.213, avg grad norm (post clip)   0.053, rho_Whh  0.95, Omega  0.00, alpha  2.000, steps in the past 0.000, valid nll 1.386
  [diag] log10|dL/dh_t| hist bins=60 range=(-12.50,-11.50) mean=-12.00 p50=-12.00 p05=-12.00 p95=-12.00
  [diag] sat-dist hist bins=60 sat<0.05=0.0% mean=0.983 p10=0.983 p90=0.984
Iter 0006840: train nll 1.386, valid error 074.970%, best valid error 074.330%, avg grad norm   0.166, avg grad norm (post clip)   0.053, rho_Whh  0.95, Omega  0.00, alpha  2.000, steps in the past 0.000, valid nll 1.386
  [diag] log10|dL/dh_t| hist bins=60 range=(-12.50,-11.50) mean=-12.00 p50=-12.00 p05=-12.00 p95=-12.00
  [diag] sat-dist hist bins=60 sat<0.05=0.0% mean=0.983 p10=0.983 p90=0.984
Iter 0006860: train nll 1.386, valid error 074.970%, best valid error 074.330%, avg grad norm   0.195, avg grad norm (post clip)   0.053, rho_Whh  0.95, Omega  0.00, alpha  2.000, steps in the past 0.000, valid nll 1.386
  [diag] log10|dL/dh_t| hist bins=60 range=(-12.50,-11.50) mean=-12.00 p50=-12.00 p05=-12.00 p95=-12.00
  [diag] sat-dist hist bins=60 sat<0.05=0.0% mean=0.983 p10=0.983 p90=0.984
Iter 0006880: train nll 1.386, valid error 074.970%, best valid error 074.330%, avg grad norm   0.195, avg grad norm (post clip)   0.053, rho_Whh  0.95, Omega  0.00, alpha  2.000, steps in the past 0.000, valid nll 1.386
  [diag] log10|dL/dh_t| hist bins=60 range=(-12.50,-11.50) mean=-12.00 p50=-12.00 p05=-12.00 p95=-12.00
  [diag] sat-dist hist bins=60 sat<0.05=0.0% mean=0.983 p10=0.983 p90=0.984
Iter 0006900: train nll 1.387, valid error 074.970%, best valid error 074.330%, avg grad norm   0.223, avg grad norm (post clip)   0.053, rho_Whh  0.95, Omega  0.00, alpha  2.000, steps in the past 0.000, valid nll 1.386
  [diag] log10|dL/dh_t| hist bins=60 range=(-12.50,-11.50) mean=-12.00 p50=-12.00 p05=-12.00 p95=-12.00
  [diag] sat-dist hist bins=60 sat<0.05=0.0% mean=0.983 p10=0.982 p90=0.984
Iter 0006920: train nll 1.386, valid error 074.970%, best valid error 074.330%, avg grad norm   0.153, avg grad norm (post clip)   0.052, rho_Whh  0.95, Omega  0.00, alpha  2.000, steps in the past 0.000, valid nll 1.386
  [diag] log10|dL/dh_t| hist bins=60 range=(-12.50,-11.50) mean=-12.00 p50=-12.00 p05=-12.00 p95=-12.00
  [diag] sat-dist hist bins=60 sat<0.05=0.0% mean=0.983 p10=0.983 p90=0.984
Iter 0006940: train nll 1.387, valid error 074.970%, best valid error 074.330%, avg grad norm   0.156, avg grad norm (post clip)   0.053, rho_Whh  0.95, Omega  0.00, alpha  2.000, steps in the past 0.000, valid nll 1.386
  [diag] log10|dL/dh_t| hist bins=60 range=(-12.50,-11.50) mean=-12.00 p50=-12.00 p05=-12.00 p95=-12.00
  [diag] sat-dist hist bins=60 sat<0.05=0.0% mean=0.983 p10=0.982 p90=0.984
Iter 0006960: train nll 1.386, valid error 074.970%, best valid error 074.330%, avg grad norm   0.189, avg grad norm (post clip)   0.052, rho_Whh  0.95, Omega  0.00, alpha  2.000, steps in the past 0.000, valid nll 1.386
  [diag] log10|dL/dh_t| hist bins=60 range=(-12.50,-11.50) mean=-12.00 p50=-12.00 p05=-12.00 p95=-12.00
  [diag] sat-dist hist bins=60 sat<0.05=0.0% mean=0.983 p10=0.983 p90=0.984
Iter 0006980: train nll 1.386, valid error 074.970%, best valid error 074.330%, avg grad norm   0.193, avg grad norm (post clip)   0.053, rho_Whh  0.95, Omega  0.00, alpha  2.000, steps in the past 0.000, valid nll 1.386
  [diag] log10|dL/dh_t| hist bins=60 range=(-12.50,-11.50) mean=-12.00 p50=-12.00 p05=-12.00 p95=-12.00
  [diag] sat-dist hist bins=60 sat<0.05=0.0% mean=0.983 p10=0.983 p90=0.984
Iter 0007000: train nll 1.386, valid error 074.970%, best valid error 074.330%, avg grad norm   0.191, avg grad norm (post clip)   0.053, rho_Whh  0.95, Omega  0.00, alpha  2.000, steps in the past 0.000, valid nll 1.386
  [diag] log10|dL/dh_t| hist bins=60 range=(-12.50,-11.50) mean=-12.00 p50=-12.00 p05=-12.00 p95=-12.00
  [diag] sat-dist hist bins=60 sat<0.05=0.0% mean=0.983 p10=0.982 p90=0.984
Iter 0007020: train nll 1.386, valid error 074.970%, best valid error 074.330%, avg grad norm   0.191, avg grad norm (post clip)   0.053, rho_Whh  0.95, Omega  0.00, alpha  2.000, steps in the past 0.000, valid nll 1.386
  [diag] log10|dL/dh_t| hist bins=60 range=(-12.50,-11.50) mean=-12.00 p50=-12.00 p05=-12.00 p95=-12.00
  [diag] sat-dist hist bins=60 sat<0.05=0.0% mean=0.983 p10=0.983 p90=0.984
Iter 0007040: train nll 1.387, valid error 074.970%, best valid error 074.330%, avg grad norm   0.174, avg grad norm (post clip)   0.053, rho_Whh  0.95, Omega  0.00, alpha  2.000, steps in the past 0.000, valid nll 1.386
  [diag] log10|dL/dh_t| hist bins=60 range=(-12.50,-11.50) mean=-12.00 p50=-12.00 p05=-12.00 p95=-12.00
  [diag] sat-dist hist bins=60 sat<0.05=0.0% mean=0.984 p10=0.983 p90=0.984
Iter 0007060: train nll 1.387, valid error 074.970%, best valid error 074.330%, avg grad norm   0.169, avg grad norm (post clip)   0.053, rho_Whh  0.95, Omega  0.00, alpha  2.000, steps in the past 0.000, valid nll 1.386
  [diag] log10|dL/dh_t| hist bins=60 range=(-12.50,-11.50) mean=-12.00 p50=-12.00 p05=-12.00 p95=-12.00
  [diag] sat-dist hist bins=60 sat<0.05=0.0% mean=0.983 p10=0.983 p90=0.984
Iter 0007080: train nll 1.386, valid error 074.970%, best valid error 074.330%, avg grad norm   0.168, avg grad norm (post clip)   0.053, rho_Whh  0.95, Omega  0.00, alpha  2.000, steps in the past 0.000, valid nll 1.386
  [diag] log10|dL/dh_t| hist bins=60 range=(-12.50,-11.50) mean=-12.00 p50=-12.00 p05=-12.00 p95=-12.00
  [diag] sat-dist hist bins=60 sat<0.05=0.0% mean=0.983 p10=0.982 p90=0.984
Iter 0007100: train nll 1.386, valid error 074.970%, best valid error 074.330%, avg grad norm   0.194, avg grad norm (post clip)   0.053, rho_Whh  0.95, Omega  0.00, alpha  2.000, steps in the past 0.000, valid nll 1.386
  [diag] log10|dL/dh_t| hist bins=60 range=(-12.50,-11.50) mean=-12.00 p50=-12.00 p05=-12.00 p95=-12.00
  [diag] sat-dist hist bins=60 sat<0.05=0.0% mean=0.983 p10=0.983 p90=0.984
Iter 0007120: train nll 1.386, valid error 074.970%, best valid error 074.330%, avg grad norm   0.167, avg grad norm (post clip)   0.053, rho_Whh  0.95, Omega  0.00, alpha  2.000, steps in the past 0.000, valid nll 1.386
  [diag] log10|dL/dh_t| hist bins=60 range=(-12.50,-11.50) mean=-12.00 p50=-12.00 p05=-12.00 p95=-12.00
  [diag] sat-dist hist bins=60 sat<0.05=0.0% mean=0.984 p10=0.983 p90=0.984
Iter 0007140: train nll 1.386, valid error 074.930%, best valid error 074.330%, avg grad norm   0.180, avg grad norm (post clip)   0.053, rho_Whh  0.95, Omega  0.00, alpha  2.000, steps in the past 0.000, valid nll 1.386
  [diag] log10|dL/dh_t| hist bins=60 range=(-12.50,-11.50) mean=-12.00 p50=-12.00 p05=-12.00 p95=-12.00
  [diag] sat-dist hist bins=60 sat<0.05=0.0% mean=0.983 p10=0.983 p90=0.984
Iter 0007160: train nll 1.386, valid error 074.970%, best valid error 074.330%, avg grad norm   0.183, avg grad norm (post clip)   0.052, rho_Whh  0.95, Omega  0.00, alpha  2.000, steps in the past 0.000, valid nll 1.386
  [diag] log10|dL/dh_t| hist bins=60 range=(-12.50,-11.50) mean=-12.00 p50=-12.00 p05=-12.00 p95=-12.00
  [diag] sat-dist hist bins=60 sat<0.05=0.0% mean=0.983 p10=0.983 p90=0.984
Iter 0007180: train nll 1.386, valid error 074.970%, best valid error 074.330%, avg grad norm   0.211, avg grad norm (post clip)   0.053, rho_Whh  0.95, Omega  0.00, alpha  2.000, steps in the past 0.000, valid nll 1.386
  [diag] log10|dL/dh_t| hist bins=60 range=(-12.50,-11.50) mean=-12.00 p50=-12.00 p05=-12.00 p95=-12.00
  [diag] sat-dist hist bins=60 sat<0.05=0.0% mean=0.984 p10=0.983 p90=0.984
Iter 0007200: train nll 1.386, valid error 074.970%, best valid error 074.330%, avg grad norm   0.179, avg grad norm (post clip)   0.052, rho_Whh  0.95, Omega  0.00, alpha  2.000, steps in the past 0.000, valid nll 1.386
  [diag] log10|dL/dh_t| hist bins=60 range=(-12.50,-11.50) mean=-12.00 p50=-12.00 p05=-12.00 p95=-12.00
  [diag] sat-dist hist bins=60 sat<0.05=0.0% mean=0.983 p10=0.983 p90=0.984
Iter 0007220: train nll 1.387, valid error 074.970%, best valid error 074.330%, avg grad norm   0.205, avg grad norm (post clip)   0.052, rho_Whh  0.95, Omega  0.00, alpha  2.000, steps in the past 0.000, valid nll 1.386
  [diag] log10|dL/dh_t| hist bins=60 range=(-12.50,-11.50) mean=-12.00 p50=-12.00 p05=-12.00 p95=-12.00
  [diag] sat-dist hist bins=60 sat<0.05=0.0% mean=0.983 p10=0.982 p90=0.984
Iter 0007240: train nll 1.386, valid error 074.970%, best valid error 074.330%, avg grad norm   0.169, avg grad norm (post clip)   0.052, rho_Whh  0.95, Omega  0.00, alpha  2.000, steps in the past 0.000, valid nll 1.386
  [diag] log10|dL/dh_t| hist bins=60 range=(-12.50,-11.50) mean=-12.00 p50=-12.00 p05=-12.00 p95=-12.00
  [diag] sat-dist hist bins=60 sat<0.05=0.0% mean=0.983 p10=0.982 p90=0.983
Iter 0007260: train nll 1.387, valid error 074.970%, best valid error 074.330%, avg grad norm   0.197, avg grad norm (post clip)   0.053, rho_Whh  0.95, Omega  0.00, alpha  2.000, steps in the past 0.000, valid nll 1.386
  [diag] log10|dL/dh_t| hist bins=60 range=(-12.50,-11.50) mean=-12.00 p50=-12.00 p05=-12.00 p95=-12.00
  [diag] sat-dist hist bins=60 sat<0.05=0.0% mean=0.983 p10=0.982 p90=0.983
Iter 0007280: train nll 1.386, valid error 074.970%, best valid error 074.330%, avg grad norm   0.167, avg grad norm (post clip)   0.053, rho_Whh  0.95, Omega  0.00, alpha  2.000, steps in the past 0.000, valid nll 1.386
  [diag] log10|dL/dh_t| hist bins=60 range=(-12.50,-11.50) mean=-12.00 p50=-12.00 p05=-12.00 p95=-12.00
  [diag] sat-dist hist bins=60 sat<0.05=0.0% mean=0.983 p10=0.982 p90=0.983
Iter 0007300: train nll 1.386, valid error 074.970%, best valid error 074.330%, avg grad norm   0.182, avg grad norm (post clip)   0.053, rho_Whh  0.95, Omega  0.00, alpha  2.000, steps in the past 0.000, valid nll 1.386
  [diag] log10|dL/dh_t| hist bins=60 range=(-12.50,-11.50) mean=-12.00 p50=-12.00 p05=-12.00 p95=-12.00
  [diag] sat-dist hist bins=60 sat<0.05=0.0% mean=0.983 p10=0.982 p90=0.983
Iter 0007320: train nll 1.386, valid error 074.970%, best valid error 074.330%, avg grad norm   0.170, avg grad norm (post clip)   0.053, rho_Whh  0.95, Omega  0.00, alpha  2.000, steps in the past 0.000, valid nll 1.386
  [diag] log10|dL/dh_t| hist bins=60 range=(-12.50,-11.50) mean=-12.00 p50=-12.00 p05=-12.00 p95=-12.00
  [diag] sat-dist hist bins=60 sat<0.05=0.0% mean=0.982 p10=0.982 p90=0.983
Iter 0007340: train nll 1.386, valid error 074.970%, best valid error 074.330%, avg grad norm   0.203, avg grad norm (post clip)   0.053, rho_Whh  0.95, Omega  0.00, alpha  2.000, steps in the past 0.000, valid nll 1.386
  [diag] log10|dL/dh_t| hist bins=60 range=(-12.50,-11.50) mean=-12.00 p50=-12.00 p05=-12.00 p95=-12.00
  [diag] sat-dist hist bins=60 sat<0.05=0.0% mean=0.983 p10=0.982 p90=0.983
Iter 0007360: train nll 1.386, valid error 074.970%, best valid error 074.330%, avg grad norm   0.166, avg grad norm (post clip)   0.053, rho_Whh  0.95, Omega  0.00, alpha  2.000, steps in the past 0.000, valid nll 1.386
  [diag] log10|dL/dh_t| hist bins=60 range=(-12.50,-11.50) mean=-12.00 p50=-12.00 p05=-12.00 p95=-12.00
  [diag] sat-dist hist bins=60 sat<0.05=0.0% mean=0.983 p10=0.982 p90=0.983
Iter 0007380: train nll 1.387, valid error 074.970%, best valid error 074.330%, avg grad norm   0.213, avg grad norm (post clip)   0.053, rho_Whh  0.95, Omega  0.00, alpha  2.000, steps in the past 0.000, valid nll 1.386
  [diag] log10|dL/dh_t| hist bins=60 range=(-12.50,-11.50) mean=-12.00 p50=-12.00 p05=-12.00 p95=-12.00
  [diag] sat-dist hist bins=60 sat<0.05=0.0% mean=0.983 p10=0.982 p90=0.983
Iter 0007400: train nll 1.386, valid error 074.970%, best valid error 074.330%, avg grad norm   0.218, avg grad norm (post clip)   0.053, rho_Whh  0.95, Omega  0.00, alpha  2.000, steps in the past 0.000, valid nll 1.386
  [diag] log10|dL/dh_t| hist bins=60 range=(-12.50,-11.50) mean=-12.00 p50=-12.00 p05=-12.00 p95=-12.00
  [diag] sat-dist hist bins=60 sat<0.05=0.0% mean=0.982 p10=0.982 p90=0.983
Iter 0007420: train nll 1.386, valid error 074.970%, best valid error 074.330%, avg grad norm   0.178, avg grad norm (post clip)   0.052, rho_Whh  0.95, Omega  0.00, alpha  2.000, steps in the past 0.000, valid nll 1.386
  [diag] log10|dL/dh_t| hist bins=60 range=(-12.50,-11.50) mean=-12.00 p50=-12.00 p05=-12.00 p95=-12.00
  [diag] sat-dist hist bins=60 sat<0.05=0.0% mean=0.982 p10=0.981 p90=0.982
Iter 0007440: train nll 1.385, valid error 074.970%, best valid error 074.330%, avg grad norm   0.206, avg grad norm (post clip)   0.053, rho_Whh  0.95, Omega  0.00, alpha  2.000, steps in the past 0.000, valid nll 1.386
  [diag] log10|dL/dh_t| hist bins=60 range=(-12.50,-11.50) mean=-12.00 p50=-12.00 p05=-12.00 p95=-12.00
  [diag] sat-dist hist bins=60 sat<0.05=0.0% mean=0.982 p10=0.981 p90=0.983
Iter 0007460: train nll 1.387, valid error 074.970%, best valid error 074.330%, avg grad norm   0.195, avg grad norm (post clip)   0.053, rho_Whh  0.95, Omega  0.00, alpha  2.000, steps in the past 0.000, valid nll 1.386
  [diag] log10|dL/dh_t| hist bins=60 range=(-12.50,-11.50) mean=-12.00 p50=-12.00 p05=-12.00 p95=-12.00
  [diag] sat-dist hist bins=60 sat<0.05=0.0% mean=0.982 p10=0.981 p90=0.983
Iter 0007480: train nll 1.386, valid error 074.970%, best valid error 074.330%, avg grad norm   0.194, avg grad norm (post clip)   0.053, rho_Whh  0.95, Omega  0.00, alpha  2.000, steps in the past 0.000, valid nll 1.386
  [diag] log10|dL/dh_t| hist bins=60 range=(-12.50,-11.50) mean=-12.00 p50=-12.00 p05=-12.00 p95=-12.00
  [diag] sat-dist hist bins=60 sat<0.05=0.0% mean=0.982 p10=0.981 p90=0.982
Iter 0007500: train nll 1.386, valid error 074.970%, best valid error 074.330%, avg grad norm   0.181, avg grad norm (post clip)   0.053, rho_Whh  0.95, Omega  0.00, alpha  2.000, steps in the past 0.000, valid nll 1.386
  [diag] log10|dL/dh_t| hist bins=60 range=(-12.50,-11.50) mean=-12.00 p50=-12.00 p05=-12.00 p95=-12.00
  [diag] sat-dist hist bins=60 sat<0.05=0.0% mean=0.982 p10=0.981 p90=0.983
Iter 0007520: train nll 1.386, valid error 074.970%, best valid error 074.330%, avg grad norm   0.153, avg grad norm (post clip)   0.053, rho_Whh  0.95, Omega  0.00, alpha  2.000, steps in the past 0.000, valid nll 1.386
  [diag] log10|dL/dh_t| hist bins=60 range=(-12.50,-11.50) mean=-12.00 p50=-12.00 p05=-12.00 p95=-12.00
  [diag] sat-dist hist bins=60 sat<0.05=0.0% mean=0.982 p10=0.981 p90=0.982
Iter 0007540: train nll 1.386, valid error 074.970%, best valid error 074.330%, avg grad norm   0.168, avg grad norm (post clip)   0.052, rho_Whh  0.95, Omega  0.00, alpha  2.000, steps in the past 0.000, valid nll 1.386
  [diag] log10|dL/dh_t| hist bins=60 range=(-12.50,-11.50) mean=-12.00 p50=-12.00 p05=-12.00 p95=-12.00
  [diag] sat-dist hist bins=60 sat<0.05=0.0% mean=0.982 p10=0.981 p90=0.982
Iter 0007560: train nll 1.387, valid error 074.970%, best valid error 074.330%, avg grad norm   0.199, avg grad norm (post clip)   0.053, rho_Whh  0.95, Omega  0.00, alpha  2.000, steps in the past 0.000, valid nll 1.386
  [diag] log10|dL/dh_t| hist bins=60 range=(-12.50,-11.50) mean=-12.00 p50=-12.00 p05=-12.00 p95=-12.00
  [diag] sat-dist hist bins=60 sat<0.05=0.0% mean=0.982 p10=0.981 p90=0.982
Iter 0007580: train nll 1.386, valid error 074.970%, best valid error 074.330%, avg grad norm   0.188, avg grad norm (post clip)   0.051, rho_Whh  0.95, Omega  0.00, alpha  2.000, steps in the past 0.000, valid nll 1.386
  [diag] log10|dL/dh_t| hist bins=60 range=(-12.50,-11.50) mean=-12.00 p50=-12.00 p05=-12.00 p95=-12.00
  [diag] sat-dist hist bins=60 sat<0.05=0.0% mean=0.983 p10=0.982 p90=0.983
Iter 0007600: train nll 1.387, valid error 074.970%, best valid error 074.330%, avg grad norm   0.182, avg grad norm (post clip)   0.052, rho_Whh  0.95, Omega  0.00, alpha  2.000, steps in the past 0.000, valid nll 1.386
  [diag] log10|dL/dh_t| hist bins=60 range=(-12.50,-11.50) mean=-12.00 p50=-12.00 p05=-12.00 p95=-12.00
  [diag] sat-dist hist bins=60 sat<0.05=0.0% mean=0.983 p10=0.982 p90=0.983
Iter 0007620: train nll 1.387, valid error 074.980%, best valid error 074.330%, avg grad norm   0.177, avg grad norm (post clip)   0.053, rho_Whh  0.95, Omega  0.00, alpha  2.000, steps in the past 0.000, valid nll 1.386
  [diag] log10|dL/dh_t| hist bins=60 range=(-12.50,-11.50) mean=-12.00 p50=-12.00 p05=-12.00 p95=-12.00
  [diag] sat-dist hist bins=60 sat<0.05=0.0% mean=0.983 p10=0.982 p90=0.983
Iter 0007640: train nll 1.387, valid error 074.920%, best valid error 074.330%, avg grad norm   0.163, avg grad norm (post clip)   0.053, rho_Whh  0.95, Omega  0.00, alpha  2.000, steps in the past 0.000, valid nll 1.386
  [diag] log10|dL/dh_t| hist bins=60 range=(-12.50,-11.50) mean=-12.00 p50=-12.00 p05=-12.00 p95=-12.00
  [diag] sat-dist hist bins=60 sat<0.05=0.0% mean=0.983 p10=0.982 p90=0.983
Iter 0007660: train nll 1.386, valid error 075.240%, best valid error 074.330%, avg grad norm   0.177, avg grad norm (post clip)   0.052, rho_Whh  0.95, Omega  0.00, alpha  2.000, steps in the past 0.000, valid nll 1.386
  [diag] log10|dL/dh_t| hist bins=60 range=(-12.50,-11.50) mean=-12.00 p50=-12.00 p05=-12.00 p95=-12.00
  [diag] sat-dist hist bins=60 sat<0.05=0.0% mean=0.982 p10=0.982 p90=0.983
Iter 0007680: train nll 1.386, valid error 075.080%, best valid error 074.330%, avg grad norm   0.173, avg grad norm (post clip)   0.053, rho_Whh  0.95, Omega  0.00, alpha  2.000, steps in the past 0.000, valid nll 1.386
  [diag] log10|dL/dh_t| hist bins=60 range=(-12.50,-11.50) mean=-12.00 p50=-12.00 p05=-12.00 p95=-12.00
  [diag] sat-dist hist bins=60 sat<0.05=0.0% mean=0.982 p10=0.982 p90=0.983
Iter 0007700: train nll 1.386, valid error 075.280%, best valid error 074.330%, avg grad norm   0.177, avg grad norm (post clip)   0.053, rho_Whh  0.95, Omega  0.00, alpha  2.000, steps in the past 0.000, valid nll 1.386
  [diag] log10|dL/dh_t| hist bins=60 range=(-12.50,-11.50) mean=-12.00 p50=-12.00 p05=-12.00 p95=-12.00
  [diag] sat-dist hist bins=60 sat<0.05=0.0% mean=0.982 p10=0.981 p90=0.983
Iter 0007720: train nll 1.386, valid error 074.920%, best valid error 074.330%, avg grad norm   0.189, avg grad norm (post clip)   0.053, rho_Whh  0.95, Omega  0.00, alpha  2.000, steps in the past 0.000, valid nll 1.386
  [diag] log10|dL/dh_t| hist bins=60 range=(-12.50,-11.50) mean=-12.00 p50=-12.00 p05=-12.00 p95=-12.00
  [diag] sat-dist hist bins=60 sat<0.05=0.0% mean=0.982 p10=0.981 p90=0.983
Iter 0007740: train nll 1.386, valid error 074.980%, best valid error 074.330%, avg grad norm   0.201, avg grad norm (post clip)   0.053, rho_Whh  0.95, Omega  0.00, alpha  2.000, steps in the past 0.000, valid nll 1.386
  [diag] log10|dL/dh_t| hist bins=60 range=(-12.50,-11.50) mean=-12.00 p50=-12.00 p05=-12.00 p95=-12.00
  [diag] sat-dist hist bins=60 sat<0.05=0.0% mean=0.982 p10=0.982 p90=0.983
Iter 0007760: train nll 1.387, valid error 075.070%, best valid error 074.330%, avg grad norm   0.205, avg grad norm (post clip)   0.053, rho_Whh  0.95, Omega  0.00, alpha  2.000, steps in the past 0.000, valid nll 1.386
  [diag] log10|dL/dh_t| hist bins=60 range=(-12.50,-11.50) mean=-12.00 p50=-12.00 p05=-12.00 p95=-12.00
  [diag] sat-dist hist bins=60 sat<0.05=0.0% mean=0.983 p10=0.982 p90=0.983
Iter 0007780: train nll 1.386, valid error 074.980%, best valid error 074.330%, avg grad norm   0.223, avg grad norm (post clip)   0.053, rho_Whh  0.95, Omega  0.00, alpha  2.000, steps in the past 0.000, valid nll 1.386
  [diag] log10|dL/dh_t| hist bins=60 range=(-12.50,-11.50) mean=-12.00 p50=-12.00 p05=-12.00 p95=-12.00
  [diag] sat-dist hist bins=60 sat<0.05=0.0% mean=0.983 p10=0.982 p90=0.983
Iter 0007800: train nll 1.386, valid error 074.880%, best valid error 074.330%, avg grad norm   0.181, avg grad norm (post clip)   0.053, rho_Whh  0.95, Omega  0.00, alpha  2.000, steps in the past 0.000, valid nll 1.386
  [diag] log10|dL/dh_t| hist bins=60 range=(-12.50,-11.50) mean=-12.00 p50=-12.00 p05=-12.00 p95=-12.00
  [diag] sat-dist hist bins=60 sat<0.05=0.0% mean=0.982 p10=0.981 p90=0.983
Iter 0007820: train nll 1.386, valid error 075.270%, best valid error 074.330%, avg grad norm   0.177, avg grad norm (post clip)   0.053, rho_Whh  0.95, Omega  0.00, alpha  2.000, steps in the past 0.000, valid nll 1.386
  [diag] log10|dL/dh_t| hist bins=60 range=(-12.50,-11.50) mean=-12.00 p50=-12.00 p05=-12.00 p95=-12.00
  [diag] sat-dist hist bins=60 sat<0.05=0.0% mean=0.983 p10=0.982 p90=0.983
Iter 0007840: train nll 1.387, valid error 075.160%, best valid error 074.330%, avg grad norm   0.191, avg grad norm (post clip)   0.053, rho_Whh  0.95, Omega  0.00, alpha  2.000, steps in the past 0.000, valid nll 1.386
  [diag] log10|dL/dh_t| hist bins=60 range=(-12.50,-11.50) mean=-12.00 p50=-12.00 p05=-12.00 p95=-12.00
  [diag] sat-dist hist bins=60 sat<0.05=0.0% mean=0.983 p10=0.982 p90=0.983
Iter 0007860: train nll 1.386, valid error 074.910%, best valid error 074.330%, avg grad norm   0.203, avg grad norm (post clip)   0.053, rho_Whh  0.95, Omega  0.00, alpha  2.000, steps in the past 0.000, valid nll 1.386
  [diag] log10|dL/dh_t| hist bins=60 range=(-12.50,-11.50) mean=-12.00 p50=-12.00 p05=-12.00 p95=-12.00
  [diag] sat-dist hist bins=60 sat<0.05=0.0% mean=0.983 p10=0.982 p90=0.983
Iter 0007880: train nll 1.386, valid error 074.980%, best valid error 074.330%, avg grad norm   0.190, avg grad norm (post clip)   0.053, rho_Whh  0.95, Omega  0.00, alpha  2.000, steps in the past 0.000, valid nll 1.386
  [diag] log10|dL/dh_t| hist bins=60 range=(-12.50,-11.50) mean=-12.00 p50=-12.00 p05=-12.00 p95=-12.00
  [diag] sat-dist hist bins=60 sat<0.05=0.0% mean=0.983 p10=0.982 p90=0.983
Iter 0007900: train nll 1.387, valid error 074.880%, best valid error 074.330%, avg grad norm   0.200, avg grad norm (post clip)   0.052, rho_Whh  0.95, Omega  0.00, alpha  2.000, steps in the past 0.000, valid nll 1.386
  [diag] log10|dL/dh_t| hist bins=60 range=(-12.50,-11.50) mean=-12.00 p50=-12.00 p05=-12.00 p95=-12.00
  [diag] sat-dist hist bins=60 sat<0.05=0.0% mean=0.982 p10=0.982 p90=0.983
Iter 0007920: train nll 1.386, valid error 074.950%, best valid error 074.330%, avg grad norm   0.198, avg grad norm (post clip)   0.053, rho_Whh  0.95, Omega  0.00, alpha  2.000, steps in the past 0.000, valid nll 1.386
  [diag] log10|dL/dh_t| hist bins=60 range=(-12.50,-11.50) mean=-12.00 p50=-12.00 p05=-12.00 p95=-12.00
  [diag] sat-dist hist bins=60 sat<0.05=0.0% mean=0.983 p10=0.982 p90=0.983
Iter 0007940: train nll 1.387, valid error 075.120%, best valid error 074.330%, avg grad norm   0.177, avg grad norm (post clip)   0.053, rho_Whh  0.95, Omega  0.00, alpha  2.000, steps in the past 0.000, valid nll 1.386
  [diag] log10|dL/dh_t| hist bins=60 range=(-12.50,-11.50) mean=-12.00 p50=-12.00 p05=-12.00 p95=-12.00
  [diag] sat-dist hist bins=60 sat<0.05=0.0% mean=0.982 p10=0.982 p90=0.983
Iter 0007960: train nll 1.386, valid error 075.150%, best valid error 074.330%, avg grad norm   0.196, avg grad norm (post clip)   0.053, rho_Whh  0.95, Omega  0.00, alpha  2.000, steps in the past 0.000, valid nll 1.386
  [diag] log10|dL/dh_t| hist bins=60 range=(-12.50,-11.50) mean=-12.00 p50=-12.00 p05=-12.00 p95=-12.00
  [diag] sat-dist hist bins=60 sat<0.05=0.0% mean=0.982 p10=0.982 p90=0.983
Iter 0007980: train nll 1.386, valid error 074.970%, best valid error 074.330%, avg grad norm   0.199, avg grad norm (post clip)   0.053, rho_Whh  0.95, Omega  0.00, alpha  2.000, steps in the past 0.000, valid nll 1.386
  [diag] log10|dL/dh_t| hist bins=60 range=(-12.50,-11.50) mean=-12.00 p50=-12.00 p05=-12.00 p95=-12.00
  [diag] sat-dist hist bins=60 sat<0.05=0.0% mean=0.983 p10=0.982 p90=0.983
Iter 0008000: train nll 1.386, valid error 074.970%, best valid error 074.330%, avg grad norm   0.174, avg grad norm (post clip)   0.053, rho_Whh  0.95, Omega  0.00, alpha  2.000, steps in the past 0.000, valid nll 1.386
  [diag] log10|dL/dh_t| hist bins=60 range=(-12.50,-11.50) mean=-12.00 p50=-12.00 p05=-12.00 p95=-12.00
  [diag] sat-dist hist bins=60 sat<0.05=0.0% mean=0.983 p10=0.982 p90=0.983
Iter 0008020: train nll 1.386, valid error 074.970%, best valid error 074.330%, avg grad norm   0.206, avg grad norm (post clip)   0.053, rho_Whh  0.95, Omega  0.00, alpha  2.000, steps in the past 0.000, valid nll 1.386
  [diag] log10|dL/dh_t| hist bins=60 range=(-12.50,-11.50) mean=-12.00 p50=-12.00 p05=-12.00 p95=-12.00
  [diag] sat-dist hist bins=60 sat<0.05=0.0% mean=0.982 p10=0.982 p90=0.983
Iter 0008040: train nll 1.387, valid error 074.970%, best valid error 074.330%, avg grad norm   0.189, avg grad norm (post clip)   0.052, rho_Whh  0.95, Omega  0.00, alpha  2.000, steps in the past 0.000, valid nll 1.386
  [diag] log10|dL/dh_t| hist bins=60 range=(-12.50,-11.50) mean=-12.00 p50=-12.00 p05=-12.00 p95=-12.00
  [diag] sat-dist hist bins=60 sat<0.05=0.0% mean=0.982 p10=0.981 p90=0.983
Iter 0008060: train nll 1.386, valid error 074.930%, best valid error 074.330%, avg grad norm   0.188, avg grad norm (post clip)   0.052, rho_Whh  0.95, Omega  0.00, alpha  2.000, steps in the past 0.000, valid nll 1.386
  [diag] log10|dL/dh_t| hist bins=60 range=(-12.50,-11.50) mean=-12.00 p50=-12.00 p05=-12.00 p95=-12.00
  [diag] sat-dist hist bins=60 sat<0.05=0.0% mean=0.982 p10=0.981 p90=0.982
Iter 0008080: train nll 1.386, valid error 074.970%, best valid error 074.330%, avg grad norm   0.204, avg grad norm (post clip)   0.053, rho_Whh  0.95, Omega  0.00, alpha  2.000, steps in the past 0.000, valid nll 1.386
  [diag] log10|dL/dh_t| hist bins=60 range=(-12.50,-11.50) mean=-12.00 p50=-12.00 p05=-12.00 p95=-12.00
  [diag] sat-dist hist bins=60 sat<0.05=0.0% mean=0.982 p10=0.982 p90=0.983
Iter 0008100: train nll 1.387, valid error 074.970%, best valid error 074.330%, avg grad norm   0.179, avg grad norm (post clip)   0.053, rho_Whh  0.95, Omega  0.00, alpha  2.000, steps in the past 0.000, valid nll 1.386
  [diag] log10|dL/dh_t| hist bins=60 range=(-12.50,-11.50) mean=-12.00 p50=-12.00 p05=-12.00 p95=-12.00
  [diag] sat-dist hist bins=60 sat<0.05=0.0% mean=0.982 p10=0.981 p90=0.982
Iter 0008120: train nll 1.386, valid error 074.920%, best valid error 074.330%, avg grad norm   0.176, avg grad norm (post clip)   0.053, rho_Whh  0.95, Omega  0.00, alpha  2.000, steps in the past 0.000, valid nll 1.386
  [diag] log10|dL/dh_t| hist bins=60 range=(-12.50,-11.50) mean=-12.00 p50=-12.00 p05=-12.00 p95=-12.00
  [diag] sat-dist hist bins=60 sat<0.05=0.0% mean=0.982 p10=0.981 p90=0.982
Iter 0008140: train nll 1.386, valid error 074.990%, best valid error 074.330%, avg grad norm   0.187, avg grad norm (post clip)   0.053, rho_Whh  0.95, Omega  0.00, alpha  2.000, steps in the past 0.000, valid nll 1.386
  [diag] log10|dL/dh_t| hist bins=60 range=(-12.50,-11.50) mean=-12.00 p50=-12.00 p05=-12.00 p95=-12.00
  [diag] sat-dist hist bins=60 sat<0.05=0.0% mean=0.982 p10=0.981 p90=0.982
Iter 0008160: train nll 1.386, valid error 075.000%, best valid error 074.330%, avg grad norm   0.189, avg grad norm (post clip)   0.053, rho_Whh  0.95, Omega  0.00, alpha  2.000, steps in the past 0.000, valid nll 1.386
  [diag] log10|dL/dh_t| hist bins=60 range=(-12.50,-11.50) mean=-12.00 p50=-12.00 p05=-12.00 p95=-12.00
  [diag] sat-dist hist bins=60 sat<0.05=0.0% mean=0.981 p10=0.981 p90=0.982
Iter 0008180: train nll 1.386, valid error 074.970%, best valid error 074.330%, avg grad norm   0.195, avg grad norm (post clip)   0.053, rho_Whh  0.95, Omega  0.00, alpha  2.000, steps in the past 0.000, valid nll 1.386
  [diag] log10|dL/dh_t| hist bins=60 range=(-12.50,-11.50) mean=-12.00 p50=-12.00 p05=-12.00 p95=-12.00
  [diag] sat-dist hist bins=60 sat<0.05=0.0% mean=0.981 p10=0.980 p90=0.982
Iter 0008200: train nll 1.386, valid error 074.970%, best valid error 074.330%, avg grad norm   0.199, avg grad norm (post clip)   0.053, rho_Whh  0.95, Omega  0.00, alpha  2.000, steps in the past 0.000, valid nll 1.386
  [diag] log10|dL/dh_t| hist bins=60 range=(-12.50,-11.50) mean=-12.00 p50=-12.00 p05=-12.00 p95=-12.00
  [diag] sat-dist hist bins=60 sat<0.05=0.0% mean=0.981 p10=0.981 p90=0.982
Iter 0008220: train nll 1.387, valid error 074.970%, best valid error 074.330%, avg grad norm   0.168, avg grad norm (post clip)   0.052, rho_Whh  0.95, Omega  0.00, alpha  2.000, steps in the past 0.000, valid nll 1.386
  [diag] log10|dL/dh_t| hist bins=60 range=(-12.50,-11.50) mean=-12.00 p50=-12.00 p05=-12.00 p95=-12.00
  [diag] sat-dist hist bins=60 sat<0.05=0.0% mean=0.981 p10=0.981 p90=0.982
Iter 0008240: train nll 1.387, valid error 074.970%, best valid error 074.330%, avg grad norm   0.180, avg grad norm (post clip)   0.053, rho_Whh  0.95, Omega  0.00, alpha  2.000, steps in the past 0.000, valid nll 1.386
  [diag] log10|dL/dh_t| hist bins=60 range=(-12.50,-11.50) mean=-12.00 p50=-12.00 p05=-12.00 p95=-12.00
  [diag] sat-dist hist bins=60 sat<0.05=0.0% mean=0.981 p10=0.981 p90=0.982
Iter 0008260: train nll 1.386, valid error 074.970%, best valid error 074.330%, avg grad norm   0.205, avg grad norm (post clip)   0.053, rho_Whh  0.95, Omega  0.00, alpha  2.000, steps in the past 0.000, valid nll 1.386
  [diag] log10|dL/dh_t| hist bins=60 range=(-12.50,-11.50) mean=-12.00 p50=-12.00 p05=-12.00 p95=-12.00
  [diag] sat-dist hist bins=60 sat<0.05=0.0% mean=0.982 p10=0.981 p90=0.982
Iter 0008280: train nll 1.387, valid error 074.970%, best valid error 074.330%, avg grad norm   0.197, avg grad norm (post clip)   0.053, rho_Whh  0.95, Omega  0.00, alpha  2.000, steps in the past 0.000, valid nll 1.386
  [diag] log10|dL/dh_t| hist bins=60 range=(-12.50,-11.50) mean=-12.00 p50=-12.00 p05=-12.00 p95=-12.00
  [diag] sat-dist hist bins=60 sat<0.05=0.0% mean=0.982 p10=0.981 p90=0.982
Iter 0008300: train nll 1.386, valid error 074.970%, best valid error 074.330%, avg grad norm   0.211, avg grad norm (post clip)   0.053, rho_Whh  0.95, Omega  0.00, alpha  2.000, steps in the past 0.000, valid nll 1.386
  [diag] log10|dL/dh_t| hist bins=60 range=(-12.50,-11.50) mean=-12.00 p50=-12.00 p05=-12.00 p95=-12.00
  [diag] sat-dist hist bins=60 sat<0.05=0.0% mean=0.982 p10=0.981 p90=0.982
Iter 0008320: train nll 1.386, valid error 074.970%, best valid error 074.330%, avg grad norm   0.178, avg grad norm (post clip)   0.053, rho_Whh  0.95, Omega  0.00, alpha  2.000, steps in the past 0.000, valid nll 1.386
  [diag] log10|dL/dh_t| hist bins=60 range=(-12.50,-11.50) mean=-12.00 p50=-12.00 p05=-12.00 p95=-12.00
  [diag] sat-dist hist bins=60 sat<0.05=0.0% mean=0.982 p10=0.981 p90=0.982
Iter 0008340: train nll 1.386, valid error 074.970%, best valid error 074.330%, avg grad norm   0.205, avg grad norm (post clip)   0.053, rho_Whh  0.95, Omega  0.00, alpha  2.000, steps in the past 0.000, valid nll 1.386
  [diag] log10|dL/dh_t| hist bins=60 range=(-12.50,-11.50) mean=-12.00 p50=-12.00 p05=-12.00 p95=-12.00
  [diag] sat-dist hist bins=60 sat<0.05=0.0% mean=0.982 p10=0.981 p90=0.982
Iter 0008360: train nll 1.386, valid error 074.970%, best valid error 074.330%, avg grad norm   0.196, avg grad norm (post clip)   0.053, rho_Whh  0.95, Omega  0.00, alpha  2.000, steps in the past 0.000, valid nll 1.386
  [diag] log10|dL/dh_t| hist bins=60 range=(-12.50,-11.50) mean=-12.00 p50=-12.00 p05=-12.00 p95=-12.00
  [diag] sat-dist hist bins=60 sat<0.05=0.0% mean=0.982 p10=0.981 p90=0.982
Iter 0008380: train nll 1.387, valid error 074.970%, best valid error 074.330%, avg grad norm   0.219, avg grad norm (post clip)   0.053, rho_Whh  0.95, Omega  0.00, alpha  2.000, steps in the past 0.000, valid nll 1.386
  [diag] log10|dL/dh_t| hist bins=60 range=(-12.50,-11.50) mean=-12.00 p50=-12.00 p05=-12.00 p95=-12.00
  [diag] sat-dist hist bins=60 sat<0.05=0.0% mean=0.982 p10=0.981 p90=0.982
Iter 0008400: train nll 1.386, valid error 074.970%, best valid error 074.330%, avg grad norm   0.192, avg grad norm (post clip)   0.053, rho_Whh  0.95, Omega  0.00, alpha  2.000, steps in the past 0.000, valid nll 1.386
  [diag] log10|dL/dh_t| hist bins=60 range=(-12.50,-11.50) mean=-12.00 p50=-12.00 p05=-12.00 p95=-12.00
  [diag] sat-dist hist bins=60 sat<0.05=0.0% mean=0.982 p10=0.981 p90=0.982
Iter 0008420: train nll 1.386, valid error 074.970%, best valid error 074.330%, avg grad norm   0.185, avg grad norm (post clip)   0.053, rho_Whh  0.95, Omega  0.00, alpha  2.000, steps in the past 0.000, valid nll 1.386
  [diag] log10|dL/dh_t| hist bins=60 range=(-12.50,-11.50) mean=-12.00 p50=-12.00 p05=-12.00 p95=-12.00
  [diag] sat-dist hist bins=60 sat<0.05=0.0% mean=0.982 p10=0.981 p90=0.982
Iter 0008440: train nll 1.386, valid error 074.970%, best valid error 074.330%, avg grad norm   0.172, avg grad norm (post clip)   0.053, rho_Whh  0.95, Omega  0.00, alpha  2.000, steps in the past 0.000, valid nll 1.386
  [diag] log10|dL/dh_t| hist bins=60 range=(-12.50,-11.50) mean=-12.00 p50=-12.00 p05=-12.00 p95=-12.00
  [diag] sat-dist hist bins=60 sat<0.05=0.0% mean=0.982 p10=0.981 p90=0.983
Iter 0008460: train nll 1.387, valid error 074.970%, best valid error 074.330%, avg grad norm   0.194, avg grad norm (post clip)   0.053, rho_Whh  0.95, Omega  0.00, alpha  2.000, steps in the past 0.000, valid nll 1.386
  [diag] log10|dL/dh_t| hist bins=60 range=(-12.50,-11.50) mean=-12.00 p50=-12.00 p05=-12.00 p95=-12.00
  [diag] sat-dist hist bins=60 sat<0.05=0.0% mean=0.982 p10=0.982 p90=0.983
Iter 0008480: train nll 1.386, valid error 074.970%, best valid error 074.330%, avg grad norm   0.190, avg grad norm (post clip)   0.053, rho_Whh  0.95, Omega  0.00, alpha  2.000, steps in the past 0.000, valid nll 1.386
  [diag] log10|dL/dh_t| hist bins=60 range=(-12.50,-11.50) mean=-12.00 p50=-12.00 p05=-12.00 p95=-12.00
  [diag] sat-dist hist bins=60 sat<0.05=0.0% mean=0.982 p10=0.981 p90=0.982
Iter 0008500: train nll 1.385, valid error 074.970%, best valid error 074.330%, avg grad norm   0.199, avg grad norm (post clip)   0.052, rho_Whh  0.95, Omega  0.00, alpha  2.000, steps in the past 0.000, valid nll 1.386
  [diag] log10|dL/dh_t| hist bins=60 range=(-12.50,-11.50) mean=-12.00 p50=-12.00 p05=-12.00 p95=-12.00
  [diag] sat-dist hist bins=60 sat<0.05=0.0% mean=0.983 p10=0.982 p90=0.983
Iter 0008520: train nll 1.387, valid error 074.970%, best valid error 074.330%, avg grad norm   0.169, avg grad norm (post clip)   0.052, rho_Whh  0.95, Omega  0.00, alpha  2.000, steps in the past 0.000, valid nll 1.386
  [diag] log10|dL/dh_t| hist bins=60 range=(-12.50,-11.50) mean=-12.00 p50=-12.00 p05=-12.00 p95=-12.00
  [diag] sat-dist hist bins=60 sat<0.05=0.0% mean=0.982 p10=0.982 p90=0.983
Iter 0008540: train nll 1.387, valid error 074.970%, best valid error 074.330%, avg grad norm   0.177, avg grad norm (post clip)   0.053, rho_Whh  0.95, Omega  0.00, alpha  2.000, steps in the past 0.000, valid nll 1.386
  [diag] log10|dL/dh_t| hist bins=60 range=(-12.50,-11.50) mean=-12.00 p50=-12.00 p05=-12.00 p95=-12.00
  [diag] sat-dist hist bins=60 sat<0.05=0.0% mean=0.983 p10=0.982 p90=0.983
Iter 0008560: train nll 1.387, valid error 074.970%, best valid error 074.330%, avg grad norm   0.176, avg grad norm (post clip)   0.053, rho_Whh  0.95, Omega  0.00, alpha  2.000, steps in the past 0.000, valid nll 1.386
  [diag] log10|dL/dh_t| hist bins=60 range=(-12.50,-11.50) mean=-12.00 p50=-12.00 p05=-12.00 p95=-12.00
  [diag] sat-dist hist bins=60 sat<0.05=0.0% mean=0.983 p10=0.982 p90=0.983
Iter 0008580: train nll 1.386, valid error 074.970%, best valid error 074.330%, avg grad norm   0.165, avg grad norm (post clip)   0.052, rho_Whh  0.95, Omega  0.00, alpha  2.000, steps in the past 0.000, valid nll 1.386
  [diag] log10|dL/dh_t| hist bins=60 range=(-12.50,-11.50) mean=-12.00 p50=-12.00 p05=-12.00 p95=-12.00
  [diag] sat-dist hist bins=60 sat<0.05=0.0% mean=0.983 p10=0.982 p90=0.983
Iter 0008600: train nll 1.386, valid error 074.970%, best valid error 074.330%, avg grad norm   0.206, avg grad norm (post clip)   0.053, rho_Whh  0.95, Omega  0.00, alpha  2.000, steps in the past 0.000, valid nll 1.386
  [diag] log10|dL/dh_t| hist bins=60 range=(-12.50,-11.50) mean=-12.00 p50=-12.00 p05=-12.00 p95=-12.00
  [diag] sat-dist hist bins=60 sat<0.05=0.0% mean=0.982 p10=0.982 p90=0.983
Iter 0008620: train nll 1.386, valid error 074.970%, best valid error 074.330%, avg grad norm   0.166, avg grad norm (post clip)   0.053, rho_Whh  0.95, Omega  0.00, alpha  2.000, steps in the past 0.000, valid nll 1.386
  [diag] log10|dL/dh_t| hist bins=60 range=(-12.50,-11.50) mean=-12.00 p50=-12.00 p05=-12.00 p95=-12.00
  [diag] sat-dist hist bins=60 sat<0.05=0.0% mean=0.982 p10=0.982 p90=0.983
Iter 0008640: train nll 1.387, valid error 074.970%, best valid error 074.330%, avg grad norm   0.232, avg grad norm (post clip)   0.053, rho_Whh  0.95, Omega  0.00, alpha  2.000, steps in the past 0.000, valid nll 1.386
  [diag] log10|dL/dh_t| hist bins=60 range=(-12.50,-11.50) mean=-12.00 p50=-12.00 p05=-12.00 p95=-12.00
  [diag] sat-dist hist bins=60 sat<0.05=0.0% mean=0.983 p10=0.982 p90=0.983
Iter 0008660: train nll 1.387, valid error 074.970%, best valid error 074.330%, avg grad norm   0.157, avg grad norm (post clip)   0.053, rho_Whh  0.95, Omega  0.00, alpha  2.000, steps in the past 0.000, valid nll 1.386
  [diag] log10|dL/dh_t| hist bins=60 range=(-12.50,-11.50) mean=-12.00 p50=-12.00 p05=-12.00 p95=-12.00
  [diag] sat-dist hist bins=60 sat<0.05=0.0% mean=0.983 p10=0.982 p90=0.983
Iter 0008680: train nll 1.386, valid error 074.970%, best valid error 074.330%, avg grad norm   0.181, avg grad norm (post clip)   0.053, rho_Whh  0.95, Omega  0.00, alpha  2.000, steps in the past 0.000, valid nll 1.386
  [diag] log10|dL/dh_t| hist bins=60 range=(-12.50,-11.50) mean=-12.00 p50=-12.00 p05=-12.00 p95=-12.00
  [diag] sat-dist hist bins=60 sat<0.05=0.0% mean=0.983 p10=0.982 p90=0.984
Iter 0008700: train nll 1.386, valid error 074.970%, best valid error 074.330%, avg grad norm   0.202, avg grad norm (post clip)   0.053, rho_Whh  0.95, Omega  0.00, alpha  2.000, steps in the past 0.000, valid nll 1.386
  [diag] log10|dL/dh_t| hist bins=60 range=(-12.50,-11.50) mean=-12.00 p50=-12.00 p05=-12.00 p95=-12.00
  [diag] sat-dist hist bins=60 sat<0.05=0.0% mean=0.983 p10=0.983 p90=0.984
Iter 0008720: train nll 1.386, valid error 074.970%, best valid error 074.330%, avg grad norm   0.197, avg grad norm (post clip)   0.053, rho_Whh  0.95, Omega  0.00, alpha  2.000, steps in the past 0.000, valid nll 1.386
  [diag] log10|dL/dh_t| hist bins=60 range=(-12.50,-11.50) mean=-12.00 p50=-12.00 p05=-12.00 p95=-12.00
  [diag] sat-dist hist bins=60 sat<0.05=0.0% mean=0.983 p10=0.983 p90=0.984
Iter 0008740: train nll 1.387, valid error 074.970%, best valid error 074.330%, avg grad norm   0.162, avg grad norm (post clip)   0.052, rho_Whh  0.95, Omega  0.00, alpha  2.000, steps in the past 0.000, valid nll 1.386
  [diag] log10|dL/dh_t| hist bins=60 range=(-12.50,-11.50) mean=-12.00 p50=-12.00 p05=-12.00 p95=-12.00
  [diag] sat-dist hist bins=60 sat<0.05=0.0% mean=0.984 p10=0.983 p90=0.984
Iter 0008760: train nll 1.386, valid error 074.970%, best valid error 074.330%, avg grad norm   0.186, avg grad norm (post clip)   0.053, rho_Whh  0.95, Omega  0.00, alpha  2.000, steps in the past 0.000, valid nll 1.386
  [diag] log10|dL/dh_t| hist bins=60 range=(-12.50,-11.50) mean=-12.00 p50=-12.00 p05=-12.00 p95=-12.00
  [diag] sat-dist hist bins=60 sat<0.05=0.0% mean=0.983 p10=0.983 p90=0.984
Iter 0008780: train nll 1.386, valid error 074.970%, best valid error 074.330%, avg grad norm   0.205, avg grad norm (post clip)   0.053, rho_Whh  0.95, Omega  0.00, alpha  2.000, steps in the past 0.000, valid nll 1.386
  [diag] log10|dL/dh_t| hist bins=60 range=(-12.50,-11.50) mean=-12.00 p50=-12.00 p05=-12.00 p95=-12.00
  [diag] sat-dist hist bins=60 sat<0.05=0.0% mean=0.984 p10=0.983 p90=0.984
Iter 0008800: train nll 1.387, valid error 074.960%, best valid error 074.330%, avg grad norm   0.187, avg grad norm (post clip)   0.053, rho_Whh  0.95, Omega  0.00, alpha  2.000, steps in the past 0.000, valid nll 1.386
  [diag] log10|dL/dh_t| hist bins=60 range=(-12.50,-11.50) mean=-12.00 p50=-12.00 p05=-12.00 p95=-12.00
  [diag] sat-dist hist bins=60 sat<0.05=0.0% mean=0.984 p10=0.983 p90=0.984
Iter 0008820: train nll 1.387, valid error 074.860%, best valid error 074.330%, avg grad norm   0.195, avg grad norm (post clip)   0.053, rho_Whh  0.95, Omega  0.00, alpha  2.000, steps in the past 0.000, valid nll 1.386
  [diag] log10|dL/dh_t| hist bins=60 range=(-12.50,-11.50) mean=-12.00 p50=-12.00 p05=-12.00 p95=-12.00
  [diag] sat-dist hist bins=60 sat<0.05=0.0% mean=0.984 p10=0.983 p90=0.985
Iter 0008840: train nll 1.386, valid error 074.790%, best valid error 074.330%, avg grad norm   0.175, avg grad norm (post clip)   0.052, rho_Whh  0.95, Omega  0.00, alpha  2.000, steps in the past 0.000, valid nll 1.386
  [diag] log10|dL/dh_t| hist bins=60 range=(-12.50,-11.50) mean=-12.00 p50=-12.00 p05=-12.00 p95=-12.00
  [diag] sat-dist hist bins=60 sat<0.05=0.0% mean=0.984 p10=0.984 p90=0.985
Iter 0008860: train nll 1.386, valid error 074.820%, best valid error 074.330%, avg grad norm   0.200, avg grad norm (post clip)   0.053, rho_Whh  0.95, Omega  0.00, alpha  2.000, steps in the past 0.000, valid nll 1.386
  [diag] log10|dL/dh_t| hist bins=60 range=(-12.50,-11.50) mean=-12.00 p50=-12.00 p05=-12.00 p95=-12.00
  [diag] sat-dist hist bins=60 sat<0.05=0.0% mean=0.984 p10=0.984 p90=0.985
Iter 0008880: train nll 1.387, valid error 074.620%, best valid error 074.330%, avg grad norm   0.196, avg grad norm (post clip)   0.053, rho_Whh  0.95, Omega  0.00, alpha  2.000, steps in the past 0.000, valid nll 1.386
  [diag] log10|dL/dh_t| hist bins=60 range=(-12.50,-11.50) mean=-12.00 p50=-12.00 p05=-12.00 p95=-12.00
  [diag] sat-dist hist bins=60 sat<0.05=0.0% mean=0.984 p10=0.983 p90=0.985
Iter 0008900: train nll 1.386, valid error 074.720%, best valid error 074.330%, avg grad norm   0.198, avg grad norm (post clip)   0.053, rho_Whh  0.95, Omega  0.00, alpha  2.000, steps in the past 0.000, valid nll 1.386
  [diag] log10|dL/dh_t| hist bins=60 range=(-12.50,-11.50) mean=-12.00 p50=-12.00 p05=-12.00 p95=-12.00
  [diag] sat-dist hist bins=60 sat<0.05=0.0% mean=0.984 p10=0.983 p90=0.984
Iter 0008920: train nll 1.386, valid error 074.830%, best valid error 074.330%, avg grad norm   0.178, avg grad norm (post clip)   0.053, rho_Whh  0.95, Omega  0.00, alpha  2.000, steps in the past 0.000, valid nll 1.386
  [diag] log10|dL/dh_t| hist bins=60 range=(-12.50,-11.50) mean=-12.00 p50=-12.00 p05=-12.00 p95=-12.00
  [diag] sat-dist hist bins=60 sat<0.05=0.0% mean=0.984 p10=0.983 p90=0.984
Iter 0008940: train nll 1.387, valid error 074.930%, best valid error 074.330%, avg grad norm   0.208, avg grad norm (post clip)   0.053, rho_Whh  0.95, Omega  0.00, alpha  2.000, steps in the past 0.000, valid nll 1.386
  [diag] log10|dL/dh_t| hist bins=60 range=(-12.50,-11.50) mean=-12.00 p50=-12.00 p05=-12.00 p95=-12.00
  [diag] sat-dist hist bins=60 sat<0.05=0.0% mean=0.984 p10=0.983 p90=0.984
Iter 0008960: train nll 1.386, valid error 074.570%, best valid error 074.330%, avg grad norm   0.203, avg grad norm (post clip)   0.052, rho_Whh  0.95, Omega  0.00, alpha  2.000, steps in the past 0.000, valid nll 1.386
  [diag] log10|dL/dh_t| hist bins=60 range=(-12.50,-11.50) mean=-12.00 p50=-12.00 p05=-12.00 p95=-12.00
  [diag] sat-dist hist bins=60 sat<0.05=0.0% mean=0.984 p10=0.983 p90=0.984
Iter 0008980: train nll 1.386, valid error 074.920%, best valid error 074.330%, avg grad norm   0.168, avg grad norm (post clip)   0.053, rho_Whh  0.95, Omega  0.00, alpha  2.000, steps in the past 0.000, valid nll 1.386
  [diag] log10|dL/dh_t| hist bins=60 range=(-12.50,-11.50) mean=-12.00 p50=-12.00 p05=-12.00 p95=-12.00
  [diag] sat-dist hist bins=60 sat<0.05=0.0% mean=0.984 p10=0.983 p90=0.984
Iter 0009000: train nll 1.386, valid error 074.890%, best valid error 074.330%, avg grad norm   0.170, avg grad norm (post clip)   0.053, rho_Whh  0.95, Omega  0.00, alpha  2.000, steps in the past 0.000, valid nll 1.386
  [diag] log10|dL/dh_t| hist bins=60 range=(-12.50,-11.50) mean=-12.00 p50=-12.00 p05=-12.00 p95=-12.00
  [diag] sat-dist hist bins=60 sat<0.05=0.0% mean=0.983 p10=0.982 p90=0.984
Iter 0009020: train nll 1.386, valid error 074.990%, best valid error 074.330%, avg grad norm   0.185, avg grad norm (post clip)   0.053, rho_Whh  0.95, Omega  0.00, alpha  2.000, steps in the past 0.000, valid nll 1.386
  [diag] log10|dL/dh_t| hist bins=60 range=(-12.50,-11.50) mean=-12.00 p50=-12.00 p05=-12.00 p95=-12.00
  [diag] sat-dist hist bins=60 sat<0.05=0.0% mean=0.983 p10=0.983 p90=0.984
Iter 0009040: train nll 1.386, valid error 074.890%, best valid error 074.330%, avg grad norm   0.174, avg grad norm (post clip)   0.053, rho_Whh  0.95, Omega  0.00, alpha  2.000, steps in the past 0.000, valid nll 1.386
  [diag] log10|dL/dh_t| hist bins=60 range=(-12.50,-11.50) mean=-12.00 p50=-12.00 p05=-12.00 p95=-12.00
  [diag] sat-dist hist bins=60 sat<0.05=0.0% mean=0.984 p10=0.983 p90=0.984
Iter 0009060: train nll 1.386, valid error 074.800%, best valid error 074.330%, avg grad norm   0.185, avg grad norm (post clip)   0.053, rho_Whh  0.95, Omega  0.00, alpha  2.000, steps in the past 0.000, valid nll 1.386
  [diag] log10|dL/dh_t| hist bins=60 range=(-12.50,-11.50) mean=-12.00 p50=-12.00 p05=-12.00 p95=-12.00
  [diag] sat-dist hist bins=60 sat<0.05=0.0% mean=0.984 p10=0.983 p90=0.984
Iter 0009080: train nll 1.386, valid error 074.740%, best valid error 074.330%, avg grad norm   0.181, avg grad norm (post clip)   0.053, rho_Whh  0.95, Omega  0.00, alpha  2.000, steps in the past 0.000, valid nll 1.386
  [diag] log10|dL/dh_t| hist bins=60 range=(-12.50,-11.50) mean=-12.00 p50=-12.00 p05=-12.00 p95=-12.00
  [diag] sat-dist hist bins=60 sat<0.05=0.0% mean=0.984 p10=0.983 p90=0.984
Iter 0009100: train nll 1.386, valid error 074.620%, best valid error 074.330%, avg grad norm   0.168, avg grad norm (post clip)   0.052, rho_Whh  0.95, Omega  0.00, alpha  2.000, steps in the past 0.000, valid nll 1.386
  [diag] log10|dL/dh_t| hist bins=60 range=(-12.50,-11.50) mean=-12.00 p50=-12.00 p05=-12.00 p95=-12.00
  [diag] sat-dist hist bins=60 sat<0.05=0.0% mean=0.984 p10=0.983 p90=0.985
Iter 0009120: train nll 1.387, valid error 074.560%, best valid error 074.330%, avg grad norm   0.204, avg grad norm (post clip)   0.053, rho_Whh  0.95, Omega  0.00, alpha  2.000, steps in the past 0.000, valid nll 1.386
  [diag] log10|dL/dh_t| hist bins=60 range=(-12.50,-11.50) mean=-12.00 p50=-12.00 p05=-12.00 p95=-12.00
  [diag] sat-dist hist bins=60 sat<0.05=0.0% mean=0.984 p10=0.983 p90=0.984
Iter 0009140: train nll 1.386, valid error 074.870%, best valid error 074.330%, avg grad norm   0.206, avg grad norm (post clip)   0.053, rho_Whh  0.95, Omega  0.00, alpha  2.000, steps in the past 0.000, valid nll 1.386
  [diag] log10|dL/dh_t| hist bins=60 range=(-12.50,-11.50) mean=-12.00 p50=-12.00 p05=-12.00 p95=-12.00
  [diag] sat-dist hist bins=60 sat<0.05=0.0% mean=0.984 p10=0.983 p90=0.984
Iter 0009160: train nll 1.386, valid error 074.700%, best valid error 074.330%, avg grad norm   0.170, avg grad norm (post clip)   0.052, rho_Whh  0.95, Omega  0.00, alpha  2.000, steps in the past 0.000, valid nll 1.386
  [diag] log10|dL/dh_t| hist bins=60 range=(-12.50,-11.50) mean=-12.00 p50=-12.00 p05=-12.00 p95=-12.00
  [diag] sat-dist hist bins=60 sat<0.05=0.0% mean=0.984 p10=0.983 p90=0.985
Iter 0009180: train nll 1.386, valid error 074.870%, best valid error 074.330%, avg grad norm   0.185, avg grad norm (post clip)   0.053, rho_Whh  0.95, Omega  0.00, alpha  2.000, steps in the past 0.000, valid nll 1.386
  [diag] log10|dL/dh_t| hist bins=60 range=(-12.50,-11.50) mean=-12.00 p50=-12.00 p05=-12.00 p95=-12.00
  [diag] sat-dist hist bins=60 sat<0.05=0.0% mean=0.984 p10=0.983 p90=0.984
Iter 0009200: train nll 1.387, valid error 074.870%, best valid error 074.330%, avg grad norm   0.175, avg grad norm (post clip)   0.052, rho_Whh  0.95, Omega  0.00, alpha  2.000, steps in the past 0.000, valid nll 1.386
  [diag] log10|dL/dh_t| hist bins=60 range=(-12.50,-11.50) mean=-12.00 p50=-12.00 p05=-12.00 p95=-12.00
  [diag] sat-dist hist bins=60 sat<0.05=0.0% mean=0.984 p10=0.983 p90=0.984
Iter 0009220: train nll 1.386, valid error 074.910%, best valid error 074.330%, avg grad norm   0.176, avg grad norm (post clip)   0.052, rho_Whh  0.95, Omega  0.00, alpha  2.000, steps in the past 0.000, valid nll 1.386
  [diag] log10|dL/dh_t| hist bins=60 range=(-12.50,-11.50) mean=-12.00 p50=-12.00 p05=-12.00 p95=-12.00
  [diag] sat-dist hist bins=60 sat<0.05=0.0% mean=0.984 p10=0.983 p90=0.985
Iter 0009240: train nll 1.386, valid error 074.850%, best valid error 074.330%, avg grad norm   0.168, avg grad norm (post clip)   0.053, rho_Whh  0.95, Omega  0.00, alpha  2.000, steps in the past 0.000, valid nll 1.386
  [diag] log10|dL/dh_t| hist bins=60 range=(-12.50,-11.50) mean=-12.00 p50=-12.00 p05=-12.00 p95=-12.00
  [diag] sat-dist hist bins=60 sat<0.05=0.0% mean=0.984 p10=0.983 p90=0.984
Iter 0009260: train nll 1.386, valid error 074.980%, best valid error 074.330%, avg grad norm   0.164, avg grad norm (post clip)   0.052, rho_Whh  0.95, Omega  0.00, alpha  2.000, steps in the past 0.000, valid nll 1.386
  [diag] log10|dL/dh_t| hist bins=60 range=(-12.50,-11.50) mean=-12.00 p50=-12.00 p05=-12.00 p95=-12.00
  [diag] sat-dist hist bins=60 sat<0.05=0.0% mean=0.984 p10=0.983 p90=0.985
Iter 0009280: train nll 1.387, valid error 074.870%, best valid error 074.330%, avg grad norm   0.223, avg grad norm (post clip)   0.053, rho_Whh  0.95, Omega  0.00, alpha  2.000, steps in the past 0.000, valid nll 1.386
  [diag] log10|dL/dh_t| hist bins=60 range=(-12.50,-11.50) mean=-12.00 p50=-12.00 p05=-12.00 p95=-12.00
  [diag] sat-dist hist bins=60 sat<0.05=0.0% mean=0.984 p10=0.983 p90=0.985
Iter 0009300: train nll 1.386, valid error 074.780%, best valid error 074.330%, avg grad norm   0.209, avg grad norm (post clip)   0.053, rho_Whh  0.95, Omega  0.00, alpha  2.000, steps in the past 0.000, valid nll 1.386
  [diag] log10|dL/dh_t| hist bins=60 range=(-12.50,-11.50) mean=-12.00 p50=-12.00 p05=-12.00 p95=-12.00
  [diag] sat-dist hist bins=60 sat<0.05=0.0% mean=0.984 p10=0.983 p90=0.984
Iter 0009320: train nll 1.386, valid error 074.880%, best valid error 074.330%, avg grad norm   0.176, avg grad norm (post clip)   0.053, rho_Whh  0.95, Omega  0.00, alpha  2.000, steps in the past 0.000, valid nll 1.386
  [diag] log10|dL/dh_t| hist bins=60 range=(-12.50,-11.50) mean=-12.00 p50=-12.00 p05=-12.00 p95=-12.00
  [diag] sat-dist hist bins=60 sat<0.05=0.0% mean=0.984 p10=0.983 p90=0.985
Iter 0009340: train nll 1.386, valid error 074.880%, best valid error 074.330%, avg grad norm   0.192, avg grad norm (post clip)   0.053, rho_Whh  0.95, Omega  0.00, alpha  2.000, steps in the past 0.000, valid nll 1.386
  [diag] log10|dL/dh_t| hist bins=60 range=(-12.50,-11.50) mean=-12.00 p50=-12.00 p05=-12.00 p95=-12.00
  [diag] sat-dist hist bins=60 sat<0.05=0.0% mean=0.984 p10=0.983 p90=0.985
Iter 0009360: train nll 1.386, valid error 074.880%, best valid error 074.330%, avg grad norm   0.181, avg grad norm (post clip)   0.053, rho_Whh  0.95, Omega  0.00, alpha  2.000, steps in the past 0.000, valid nll 1.386
  [diag] log10|dL/dh_t| hist bins=60 range=(-12.50,-11.50) mean=-12.00 p50=-12.00 p05=-12.00 p95=-12.00
  [diag] sat-dist hist bins=60 sat<0.05=0.0% mean=0.984 p10=0.983 p90=0.985
Iter 0009380: train nll 1.386, valid error 074.780%, best valid error 074.330%, avg grad norm   0.187, avg grad norm (post clip)   0.053, rho_Whh  0.95, Omega  0.00, alpha  2.000, steps in the past 0.000, valid nll 1.386
  [diag] log10|dL/dh_t| hist bins=60 range=(-12.50,-11.50) mean=-12.00 p50=-12.00 p05=-12.00 p95=-12.00
  [diag] sat-dist hist bins=60 sat<0.05=0.0% mean=0.984 p10=0.984 p90=0.985
Iter 0009400: train nll 1.386, valid error 074.500%, best valid error 074.330%, avg grad norm   0.168, avg grad norm (post clip)   0.053, rho_Whh  0.95, Omega  0.00, alpha  2.000, steps in the past 0.000, valid nll 1.386
  [diag] log10|dL/dh_t| hist bins=60 range=(-12.50,-11.50) mean=-12.00 p50=-12.00 p05=-12.00 p95=-12.00
  [diag] sat-dist hist bins=60 sat<0.05=0.0% mean=0.984 p10=0.984 p90=0.985
Iter 0009420: train nll 1.387, valid error 074.600%, best valid error 074.330%, avg grad norm   0.202, avg grad norm (post clip)   0.053, rho_Whh  0.95, Omega  0.00, alpha  2.000, steps in the past 0.000, valid nll 1.386
  [diag] log10|dL/dh_t| hist bins=60 range=(-12.50,-11.50) mean=-12.00 p50=-12.00 p05=-12.00 p95=-12.00
  [diag] sat-dist hist bins=60 sat<0.05=0.0% mean=0.984 p10=0.984 p90=0.985
Iter 0009440: train nll 1.386, valid error 074.760%, best valid error 074.330%, avg grad norm   0.190, avg grad norm (post clip)   0.053, rho_Whh  0.95, Omega  0.00, alpha  2.000, steps in the past 0.000, valid nll 1.386
  [diag] log10|dL/dh_t| hist bins=60 range=(-12.50,-11.50) mean=-12.00 p50=-12.00 p05=-12.00 p95=-12.00
  [diag] sat-dist hist bins=60 sat<0.05=0.0% mean=0.985 p10=0.984 p90=0.985
Iter 0009460: train nll 1.386, valid error 074.970%, best valid error 074.330%, avg grad norm   0.152, avg grad norm (post clip)   0.052, rho_Whh  0.95, Omega  0.00, alpha  2.000, steps in the past 0.000, valid nll 1.386
  [diag] log10|dL/dh_t| hist bins=60 range=(-12.50,-11.50) mean=-12.00 p50=-12.00 p05=-12.00 p95=-12.00
  [diag] sat-dist hist bins=60 sat<0.05=0.0% mean=0.985 p10=0.984 p90=0.985
Iter 0009480: train nll 1.387, valid error 074.260%, best valid error 074.330%, avg grad norm   0.201, avg grad norm (post clip)   0.053, rho_Whh  0.95, Omega  0.00, alpha  2.000, steps in the past 0.000, valid nll 1.386
  [diag] log10|dL/dh_t| hist bins=60 range=(-12.50,-11.50) mean=-12.00 p50=-12.00 p05=-12.00 p95=-12.00
  [diag] sat-dist hist bins=60 sat<0.05=0.0% mean=0.984 p10=0.984 p90=0.985
Iter 0009500: train nll 1.386, valid error 074.770%, best valid error 074.260%, avg grad norm   0.177, avg grad norm (post clip)   0.053, rho_Whh  0.95, Omega  0.00, alpha  2.000, steps in the past 0.000, valid nll 1.386
  [diag] log10|dL/dh_t| hist bins=60 range=(-12.50,-11.50) mean=-12.00 p50=-12.00 p05=-12.00 p95=-12.00
  [diag] sat-dist hist bins=60 sat<0.05=0.0% mean=0.985 p10=0.984 p90=0.985
Iter 0009520: train nll 1.386, valid error 074.200%, best valid error 074.260%, avg grad norm   0.186, avg grad norm (post clip)   0.051, rho_Whh  0.95, Omega  0.00, alpha  2.000, steps in the past 0.000, valid nll 1.386
  [diag] log10|dL/dh_t| hist bins=60 range=(-12.50,-11.50) mean=-12.00 p50=-12.00 p05=-12.00 p95=-12.00
  [diag] sat-dist hist bins=60 sat<0.05=0.0% mean=0.984 p10=0.984 p90=0.985
Iter 0009540: train nll 1.386, valid error 074.760%, best valid error 074.200%, avg grad norm   0.195, avg grad norm (post clip)   0.052, rho_Whh  0.95, Omega  0.00, alpha  2.000, steps in the past 0.000, valid nll 1.386
  [diag] log10|dL/dh_t| hist bins=60 range=(-12.50,-11.50) mean=-12.00 p50=-12.00 p05=-12.00 p95=-12.00
  [diag] sat-dist hist bins=60 sat<0.05=0.0% mean=0.984 p10=0.984 p90=0.985
Iter 0009560: train nll 1.386, valid error 074.810%, best valid error 074.200%, avg grad norm   0.185, avg grad norm (post clip)   0.053, rho_Whh  0.95, Omega  0.00, alpha  2.000, steps in the past 0.000, valid nll 1.386
  [diag] log10|dL/dh_t| hist bins=60 range=(-12.50,-11.50) mean=-12.00 p50=-12.00 p05=-12.00 p95=-12.00
  [diag] sat-dist hist bins=60 sat<0.05=0.0% mean=0.985 p10=0.984 p90=0.985
Iter 0009580: train nll 1.386, valid error 074.870%, best valid error 074.200%, avg grad norm   0.166, avg grad norm (post clip)   0.052, rho_Whh  0.95, Omega  0.00, alpha  2.000, steps in the past 0.000, valid nll 1.386
  [diag] log10|dL/dh_t| hist bins=60 range=(-12.50,-11.50) mean=-12.00 p50=-12.00 p05=-12.00 p95=-12.00
  [diag] sat-dist hist bins=60 sat<0.05=0.0% mean=0.985 p10=0.984 p90=0.985
Iter 0009600: train nll 1.386, valid error 074.790%, best valid error 074.200%, avg grad norm   0.191, avg grad norm (post clip)   0.053, rho_Whh  0.95, Omega  0.00, alpha  2.000, steps in the past 0.000, valid nll 1.386
  [diag] log10|dL/dh_t| hist bins=60 range=(-12.50,-11.50) mean=-12.00 p50=-12.00 p05=-12.00 p95=-12.00
  [diag] sat-dist hist bins=60 sat<0.05=0.0% mean=0.985 p10=0.984 p90=0.985
Iter 0009620: train nll 1.387, valid error 074.070%, best valid error 074.200%, avg grad norm   0.174, avg grad norm (post clip)   0.053, rho_Whh  0.95, Omega  0.00, alpha  2.000, steps in the past 0.000, valid nll 1.386
  [diag] log10|dL/dh_t| hist bins=60 range=(-12.50,-11.50) mean=-12.00 p50=-12.00 p05=-12.00 p95=-12.00
  [diag] sat-dist hist bins=60 sat<0.05=0.0% mean=0.985 p10=0.984 p90=0.985
Iter 0009640: train nll 1.386, valid error 074.130%, best valid error 074.070%, avg grad norm   0.197, avg grad norm (post clip)   0.053, rho_Whh  0.95, Omega  0.00, alpha  2.000, steps in the past 0.000, valid nll 1.386
  [diag] log10|dL/dh_t| hist bins=60 range=(-12.50,-11.50) mean=-12.00 p50=-12.00 p05=-12.00 p95=-12.00
  [diag] sat-dist hist bins=60 sat<0.05=0.0% mean=0.985 p10=0.984 p90=0.985
Iter 0009660: train nll 1.386, valid error 074.310%, best valid error 074.070%, avg grad norm   0.182, avg grad norm (post clip)   0.053, rho_Whh  0.95, Omega  0.00, alpha  2.000, steps in the past 0.000, valid nll 1.386
  [diag] log10|dL/dh_t| hist bins=60 range=(-12.50,-11.50) mean=-12.00 p50=-12.00 p05=-12.00 p95=-12.00
  [diag] sat-dist hist bins=60 sat<0.05=0.0% mean=0.985 p10=0.984 p90=0.985
Iter 0009680: train nll 1.386, valid error 074.440%, best valid error 074.070%, avg grad norm   0.161, avg grad norm (post clip)   0.053, rho_Whh  0.95, Omega  0.00, alpha  2.000, steps in the past 0.000, valid nll 1.386
  [diag] log10|dL/dh_t| hist bins=60 range=(-12.50,-11.50) mean=-12.00 p50=-12.00 p05=-12.00 p95=-12.00
  [diag] sat-dist hist bins=60 sat<0.05=0.0% mean=0.985 p10=0.984 p90=0.985
Iter 0009700: train nll 1.387, valid error 074.300%, best valid error 074.070%, avg grad norm   0.174, avg grad norm (post clip)   0.052, rho_Whh  0.95, Omega  0.00, alpha  2.000, steps in the past 0.000, valid nll 1.386
  [diag] log10|dL/dh_t| hist bins=60 range=(-12.50,-11.50) mean=-12.00 p50=-12.00 p05=-12.00 p95=-12.00
  [diag] sat-dist hist bins=60 sat<0.05=0.0% mean=0.985 p10=0.984 p90=0.985
Iter 0009720: train nll 1.386, valid error 074.410%, best valid error 074.070%, avg grad norm   0.199, avg grad norm (post clip)   0.053, rho_Whh  0.95, Omega  0.00, alpha  2.000, steps in the past 0.000, valid nll 1.386
  [diag] log10|dL/dh_t| hist bins=60 range=(-12.50,-11.50) mean=-12.00 p50=-12.00 p05=-12.00 p95=-12.00
  [diag] sat-dist hist bins=60 sat<0.05=0.0% mean=0.985 p10=0.984 p90=0.985
Iter 0009740: train nll 1.387, valid error 074.420%, best valid error 074.070%, avg grad norm   0.194, avg grad norm (post clip)   0.053, rho_Whh  0.95, Omega  0.00, alpha  2.000, steps in the past 0.000, valid nll 1.386
  [diag] log10|dL/dh_t| hist bins=60 range=(-12.50,-11.50) mean=-12.00 p50=-12.00 p05=-12.00 p95=-12.00
  [diag] sat-dist hist bins=60 sat<0.05=0.0% mean=0.985 p10=0.984 p90=0.986
Iter 0009760: train nll 1.386, valid error 074.330%, best valid error 074.070%, avg grad norm   0.219, avg grad norm (post clip)   0.053, rho_Whh  0.95, Omega  0.00, alpha  2.000, steps in the past 0.000, valid nll 1.386
  [diag] log10|dL/dh_t| hist bins=60 range=(-12.50,-11.50) mean=-12.00 p50=-12.00 p05=-12.00 p95=-12.00
  [diag] sat-dist hist bins=60 sat<0.05=0.0% mean=0.985 p10=0.984 p90=0.986
Iter 0009780: train nll 1.386, valid error 074.330%, best valid error 074.070%, avg grad norm   0.167, avg grad norm (post clip)   0.052, rho_Whh  0.95, Omega  0.00, alpha  2.000, steps in the past 0.000, valid nll 1.386
  [diag] log10|dL/dh_t| hist bins=60 range=(-12.50,-11.50) mean=-12.00 p50=-12.00 p05=-12.00 p95=-12.00
  [diag] sat-dist hist bins=60 sat<0.05=0.0% mean=0.985 p10=0.984 p90=0.986
Iter 0009800: train nll 1.386, valid error 074.330%, best valid error 074.070%, avg grad norm   0.189, avg grad norm (post clip)   0.052, rho_Whh  0.95, Omega  0.00, alpha  2.000, steps in the past 0.000, valid nll 1.386
  [diag] log10|dL/dh_t| hist bins=60 range=(-12.50,-11.50) mean=-12.00 p50=-12.00 p05=-12.00 p95=-12.00
  [diag] sat-dist hist bins=60 sat<0.05=0.0% mean=0.985 p10=0.984 p90=0.986
Iter 0009820: train nll 1.386, valid error 074.330%, best valid error 074.070%, avg grad norm   0.182, avg grad norm (post clip)   0.052, rho_Whh  0.95, Omega  0.00, alpha  2.000, steps in the past 0.000, valid nll 1.386
  [diag] log10|dL/dh_t| hist bins=60 range=(-12.50,-11.50) mean=-12.00 p50=-12.00 p05=-12.00 p95=-12.00
  [diag] sat-dist hist bins=60 sat<0.05=0.0% mean=0.985 p10=0.984 p90=0.986
Iter 0009840: train nll 1.387, valid error 074.330%, best valid error 074.070%, avg grad norm   0.163, avg grad norm (post clip)   0.053, rho_Whh  0.95, Omega  0.00, alpha  2.000, steps in the past 0.000, valid nll 1.386
  [diag] log10|dL/dh_t| hist bins=60 range=(-12.50,-11.50) mean=-12.00 p50=-12.00 p05=-12.00 p95=-12.00
  [diag] sat-dist hist bins=60 sat<0.05=0.0% mean=0.985 p10=0.984 p90=0.986
Iter 0009860: train nll 1.386, valid error 074.330%, best valid error 074.070%, avg grad norm   0.205, avg grad norm (post clip)   0.053, rho_Whh  0.95, Omega  0.00, alpha  2.000, steps in the past 0.000, valid nll 1.386
  [diag] log10|dL/dh_t| hist bins=60 range=(-12.50,-11.50) mean=-12.00 p50=-12.00 p05=-12.00 p95=-12.00
  [diag] sat-dist hist bins=60 sat<0.05=0.0% mean=0.985 p10=0.984 p90=0.986
Iter 0009880: train nll 1.386, valid error 074.330%, best valid error 074.070%, avg grad norm   0.166, avg grad norm (post clip)   0.052, rho_Whh  0.95, Omega  0.00, alpha  2.000, steps in the past 0.000, valid nll 1.386
  [diag] log10|dL/dh_t| hist bins=60 range=(-12.50,-11.50) mean=-12.00 p50=-12.00 p05=-12.00 p95=-12.00
  [diag] sat-dist hist bins=60 sat<0.05=0.0% mean=0.985 p10=0.985 p90=0.986
Iter 0009900: train nll 1.386, valid error 074.330%, best valid error 074.070%, avg grad norm   0.153, avg grad norm (post clip)   0.052, rho_Whh  0.95, Omega  0.00, alpha  2.000, steps in the past 0.000, valid nll 1.386
  [diag] log10|dL/dh_t| hist bins=60 range=(-12.50,-11.50) mean=-12.00 p50=-12.00 p05=-12.00 p95=-12.00
  [diag] sat-dist hist bins=60 sat<0.05=0.0% mean=0.985 p10=0.984 p90=0.986
Iter 0009920: train nll 1.386, valid error 074.330%, best valid error 074.070%, avg grad norm   0.199, avg grad norm (post clip)   0.053, rho_Whh  0.95, Omega  0.00, alpha  2.000, steps in the past 0.000, valid nll 1.386
  [diag] log10|dL/dh_t| hist bins=60 range=(-12.50,-11.50) mean=-12.00 p50=-12.00 p05=-12.00 p95=-12.00
  [diag] sat-dist hist bins=60 sat<0.05=0.0% mean=0.985 p10=0.984 p90=0.986
Iter 0009940: train nll 1.387, valid error 074.330%, best valid error 074.070%, avg grad norm   0.208, avg grad norm (post clip)   0.053, rho_Whh  0.95, Omega  0.00, alpha  2.000, steps in the past 0.000, valid nll 1.386
  [diag] log10|dL/dh_t| hist bins=60 range=(-12.50,-11.50) mean=-12.00 p50=-12.00 p05=-12.00 p95=-12.00
  [diag] sat-dist hist bins=60 sat<0.05=0.0% mean=0.985 p10=0.985 p90=0.986
Iter 0009960: train nll 1.386, valid error 074.330%, best valid error 074.070%, avg grad norm   0.197, avg grad norm (post clip)   0.053, rho_Whh  0.95, Omega  0.00, alpha  2.000, steps in the past 0.000, valid nll 1.386
  [diag] log10|dL/dh_t| hist bins=60 range=(-12.50,-11.50) mean=-12.00 p50=-12.00 p05=-12.00 p95=-12.00
  [diag] sat-dist hist bins=60 sat<0.05=0.0% mean=0.985 p10=0.985 p90=0.986
Iter 0009980: train nll 1.386, valid error 074.330%, best valid error 074.070%, avg grad norm   0.176, avg grad norm (post clip)   0.053, rho_Whh  0.95, Omega  0.00, alpha  2.000, steps in the past 0.000, valid nll 1.386
  [diag] log10|dL/dh_t| hist bins=60 range=(-12.50,-11.50) mean=-12.00 p50=-12.00 p05=-12.00 p95=-12.00
  [diag] sat-dist hist bins=60 sat<0.05=0.0% mean=0.985 p10=0.984 p90=0.986
Iter 0010000: train nll 1.387, valid error 074.330%, best valid error 074.070%, avg grad norm   0.218, avg grad norm (post clip)   0.053, rho_Whh  0.95, Omega  0.00, alpha  2.000, steps in the past 0.000, valid nll 1.386
  [diag] log10|dL/dh_t| hist bins=60 range=(-12.50,-11.50) mean=-12.00 p50=-12.00 p05=-12.00 p95=-12.00
  [diag] sat-dist hist bins=60 sat<0.05=0.0% mean=0.985 p10=0.984 p90=0.986
Iter 0010020: train nll 1.386, valid error 074.330%, best valid error 074.070%, avg grad norm   0.193, avg grad norm (post clip)   0.053, rho_Whh  0.95, Omega  0.00, alpha  2.000, steps in the past 0.000, valid nll 1.386
  [diag] log10|dL/dh_t| hist bins=60 range=(-12.50,-11.50) mean=-12.00 p50=-12.00 p05=-12.00 p95=-12.00
  [diag] sat-dist hist bins=60 sat<0.05=0.0% mean=0.985 p10=0.984 p90=0.986
Iter 0010040: train nll 1.386, valid error 074.330%, best valid error 074.070%, avg grad norm   0.181, avg grad norm (post clip)   0.053, rho_Whh  0.95, Omega  0.00, alpha  2.000, steps in the past 0.000, valid nll 1.386
  [diag] log10|dL/dh_t| hist bins=60 range=(-12.50,-11.50) mean=-12.00 p50=-12.00 p05=-12.00 p95=-12.00
  [diag] sat-dist hist bins=60 sat<0.05=0.0% mean=0.985 p10=0.985 p90=0.986
Iter 0010060: train nll 1.387, valid error 074.330%, best valid error 074.070%, avg grad norm   0.172, avg grad norm (post clip)   0.053, rho_Whh  0.95, Omega  0.00, alpha  2.000, steps in the past 0.000, valid nll 1.386
  [diag] log10|dL/dh_t| hist bins=60 range=(-12.50,-11.50) mean=-12.00 p50=-12.00 p05=-12.00 p95=-12.00
  [diag] sat-dist hist bins=60 sat<0.05=0.0% mean=0.985 p10=0.984 p90=0.986
Iter 0010080: train nll 1.386, valid error 074.330%, best valid error 074.070%, avg grad norm   0.179, avg grad norm (post clip)   0.053, rho_Whh  0.95, Omega  0.00, alpha  2.000, steps in the past 0.000, valid nll 1.386
  [diag] log10|dL/dh_t| hist bins=60 range=(-12.50,-11.50) mean=-12.00 p50=-12.00 p05=-12.00 p95=-12.00
  [diag] sat-dist hist bins=60 sat<0.05=0.0% mean=0.985 p10=0.984 p90=0.986
Iter 0010100: train nll 1.386, valid error 074.330%, best valid error 074.070%, avg grad norm   0.193, avg grad norm (post clip)   0.053, rho_Whh  0.95, Omega  0.00, alpha  2.000, steps in the past 0.000, valid nll 1.386
  [diag] log10|dL/dh_t| hist bins=60 range=(-12.50,-11.50) mean=-12.00 p50=-12.00 p05=-12.00 p95=-12.00
  [diag] sat-dist hist bins=60 sat<0.05=0.0% mean=0.985 p10=0.984 p90=0.986
Iter 0010120: train nll 1.386, valid error 074.330%, best valid error 074.070%, avg grad norm   0.188, avg grad norm (post clip)   0.053, rho_Whh  0.95, Omega  0.00, alpha  2.000, steps in the past 0.000, valid nll 1.386
  [diag] log10|dL/dh_t| hist bins=60 range=(-12.50,-11.50) mean=-12.00 p50=-12.00 p05=-12.00 p95=-12.00
  [diag] sat-dist hist bins=60 sat<0.05=0.0% mean=0.985 p10=0.984 p90=0.986
Iter 0010140: train nll 1.387, valid error 074.330%, best valid error 074.070%, avg grad norm   0.192, avg grad norm (post clip)   0.053, rho_Whh  0.95, Omega  0.00, alpha  2.000, steps in the past 0.000, valid nll 1.386
  [diag] log10|dL/dh_t| hist bins=60 range=(-12.50,-11.50) mean=-12.00 p50=-12.00 p05=-12.00 p95=-12.00
  [diag] sat-dist hist bins=60 sat<0.05=0.0% mean=0.985 p10=0.984 p90=0.986
Iter 0010160: train nll 1.386, valid error 074.330%, best valid error 074.070%, avg grad norm   0.186, avg grad norm (post clip)   0.052, rho_Whh  0.95, Omega  0.00, alpha  2.000, steps in the past 0.000, valid nll 1.386
  [diag] log10|dL/dh_t| hist bins=60 range=(-12.50,-11.50) mean=-12.00 p50=-12.00 p05=-12.00 p95=-12.00
  [diag] sat-dist hist bins=60 sat<0.05=0.0% mean=0.985 p10=0.984 p90=0.986
Iter 0010180: train nll 1.387, valid error 074.330%, best valid error 074.070%, avg grad norm   0.190, avg grad norm (post clip)   0.053, rho_Whh  0.95, Omega  0.00, alpha  2.000, steps in the past 0.000, valid nll 1.386
  [diag] log10|dL/dh_t| hist bins=60 range=(-12.50,-11.50) mean=-12.00 p50=-12.00 p05=-12.00 p95=-12.00
  [diag] sat-dist hist bins=60 sat<0.05=0.0% mean=0.985 p10=0.984 p90=0.985
Iter 0010200: train nll 1.387, valid error 074.340%, best valid error 074.070%, avg grad norm   0.182, avg grad norm (post clip)   0.053, rho_Whh  0.95, Omega  0.00, alpha  2.000, steps in the past 0.000, valid nll 1.386
  [diag] log10|dL/dh_t| hist bins=60 range=(-12.50,-11.50) mean=-12.00 p50=-12.00 p05=-12.00 p95=-12.00
  [diag] sat-dist hist bins=60 sat<0.05=0.0% mean=0.985 p10=0.984 p90=0.986
Iter 0010220: train nll 1.386, valid error 074.330%, best valid error 074.070%, avg grad norm   0.197, avg grad norm (post clip)   0.053, rho_Whh  0.95, Omega  0.00, alpha  2.000, steps in the past 0.000, valid nll 1.386
  [diag] log10|dL/dh_t| hist bins=60 range=(-12.50,-11.50) mean=-12.00 p50=-12.00 p05=-12.00 p95=-12.00
  [diag] sat-dist hist bins=60 sat<0.05=0.0% mean=0.985 p10=0.984 p90=0.986
Iter 0010240: train nll 1.386, valid error 074.330%, best valid error 074.070%, avg grad norm   0.191, avg grad norm (post clip)   0.053, rho_Whh  0.95, Omega  0.00, alpha  2.000, steps in the past 0.000, valid nll 1.386
  [diag] log10|dL/dh_t| hist bins=60 range=(-12.50,-11.50) mean=-12.00 p50=-12.00 p05=-12.00 p95=-12.00
  [diag] sat-dist hist bins=60 sat<0.05=0.0% mean=0.985 p10=0.984 p90=0.985
Iter 0010260: train nll 1.387, valid error 074.330%, best valid error 074.070%, avg grad norm   0.200, avg grad norm (post clip)   0.053, rho_Whh  0.95, Omega  0.00, alpha  2.000, steps in the past 0.000, valid nll 1.386
  [diag] log10|dL/dh_t| hist bins=60 range=(-12.50,-11.50) mean=-12.00 p50=-12.00 p05=-12.00 p95=-12.00
  [diag] sat-dist hist bins=60 sat<0.05=0.0% mean=0.985 p10=0.984 p90=0.986
Iter 0010280: train nll 1.386, valid error 074.330%, best valid error 074.070%, avg grad norm   0.176, avg grad norm (post clip)   0.053, rho_Whh  0.95, Omega  0.00, alpha  2.000, steps in the past 0.000, valid nll 1.386
  [diag] log10|dL/dh_t| hist bins=60 range=(-12.50,-11.50) mean=-12.00 p50=-12.00 p05=-12.00 p95=-12.00
  [diag] sat-dist hist bins=60 sat<0.05=0.0% mean=0.985 p10=0.984 p90=0.985
Iter 0010300: train nll 1.387, valid error 074.340%, best valid error 074.070%, avg grad norm   0.169, avg grad norm (post clip)   0.053, rho_Whh  0.95, Omega  0.00, alpha  2.000, steps in the past 0.000, valid nll 1.386
  [diag] log10|dL/dh_t| hist bins=60 range=(-12.50,-11.50) mean=-12.00 p50=-12.00 p05=-12.00 p95=-12.00
  [diag] sat-dist hist bins=60 sat<0.05=0.0% mean=0.985 p10=0.984 p90=0.985
Iter 0010320: train nll 1.386, valid error 074.330%, best valid error 074.070%, avg grad norm   0.162, avg grad norm (post clip)   0.052, rho_Whh  0.95, Omega  0.00, alpha  2.000, steps in the past 0.000, valid nll 1.386
  [diag] log10|dL/dh_t| hist bins=60 range=(-12.50,-11.50) mean=-12.00 p50=-12.00 p05=-12.00 p95=-12.00
  [diag] sat-dist hist bins=60 sat<0.05=0.0% mean=0.985 p10=0.984 p90=0.985
Iter 0010340: train nll 1.386, valid error 074.330%, best valid error 074.070%, avg grad norm   0.194, avg grad norm (post clip)   0.053, rho_Whh  0.95, Omega  0.00, alpha  2.000, steps in the past 0.000, valid nll 1.386
  [diag] log10|dL/dh_t| hist bins=60 range=(-12.50,-11.50) mean=-12.00 p50=-12.00 p05=-12.00 p95=-12.00
  [diag] sat-dist hist bins=60 sat<0.05=0.0% mean=0.985 p10=0.984 p90=0.985
Iter 0010360: train nll 1.386, valid error 074.330%, best valid error 074.070%, avg grad norm   0.192, avg grad norm (post clip)   0.053, rho_Whh  0.95, Omega  0.00, alpha  2.000, steps in the past 0.000, valid nll 1.386
  [diag] log10|dL/dh_t| hist bins=60 range=(-12.50,-11.50) mean=-12.00 p50=-12.00 p05=-12.00 p95=-12.00
  [diag] sat-dist hist bins=60 sat<0.05=0.0% mean=0.985 p10=0.984 p90=0.986
Iter 0010380: train nll 1.386, valid error 074.330%, best valid error 074.070%, avg grad norm   0.192, avg grad norm (post clip)   0.053, rho_Whh  0.95, Omega  0.00, alpha  2.000, steps in the past 0.000, valid nll 1.386
  [diag] log10|dL/dh_t| hist bins=60 range=(-12.50,-11.50) mean=-12.00 p50=-12.00 p05=-12.00 p95=-12.00
  [diag] sat-dist hist bins=60 sat<0.05=0.0% mean=0.985 p10=0.984 p90=0.985
Iter 0010400: train nll 1.386, valid error 074.330%, best valid error 074.070%, avg grad norm   0.197, avg grad norm (post clip)   0.053, rho_Whh  0.95, Omega  0.00, alpha  2.000, steps in the past 0.000, valid nll 1.386
  [diag] log10|dL/dh_t| hist bins=60 range=(-12.50,-11.50) mean=-12.00 p50=-12.00 p05=-12.00 p95=-12.00
  [diag] sat-dist hist bins=60 sat<0.05=0.0% mean=0.985 p10=0.984 p90=0.985
Iter 0010420: train nll 1.386, valid error 074.330%, best valid error 074.070%, avg grad norm   0.200, avg grad norm (post clip)   0.053, rho_Whh  0.95, Omega  0.00, alpha  2.000, steps in the past 0.000, valid nll 1.386
  [diag] log10|dL/dh_t| hist bins=60 range=(-12.50,-11.50) mean=-12.00 p50=-12.00 p05=-12.00 p95=-12.00
  [diag] sat-dist hist bins=60 sat<0.05=0.0% mean=0.985 p10=0.984 p90=0.985
Iter 0010440: train nll 1.387, valid error 074.330%, best valid error 074.070%, avg grad norm   0.189, avg grad norm (post clip)   0.053, rho_Whh  0.95, Omega  0.00, alpha  2.000, steps in the past 0.000, valid nll 1.386
  [diag] log10|dL/dh_t| hist bins=60 range=(-12.50,-11.50) mean=-12.00 p50=-12.00 p05=-12.00 p95=-12.00
  [diag] sat-dist hist bins=60 sat<0.05=0.0% mean=0.985 p10=0.984 p90=0.985
Iter 0010460: train nll 1.386, valid error 074.330%, best valid error 074.070%, avg grad norm   0.194, avg grad norm (post clip)   0.053, rho_Whh  0.95, Omega  0.00, alpha  2.000, steps in the past 0.000, valid nll 1.386
  [diag] log10|dL/dh_t| hist bins=60 range=(-12.50,-11.50) mean=-12.00 p50=-12.00 p05=-12.00 p95=-12.00
  [diag] sat-dist hist bins=60 sat<0.05=0.0% mean=0.985 p10=0.984 p90=0.986
Iter 0010480: train nll 1.386, valid error 074.330%, best valid error 074.070%, avg grad norm   0.183, avg grad norm (post clip)   0.053, rho_Whh  0.95, Omega  0.00, alpha  2.000, steps in the past 0.000, valid nll 1.386
  [diag] log10|dL/dh_t| hist bins=60 range=(-12.50,-11.50) mean=-12.00 p50=-12.00 p05=-12.00 p95=-12.00
  [diag] sat-dist hist bins=60 sat<0.05=0.0% mean=0.985 p10=0.984 p90=0.986
Iter 0010500: train nll 1.386, valid error 074.330%, best valid error 074.070%, avg grad norm   0.177, avg grad norm (post clip)   0.053, rho_Whh  0.95, Omega  0.00, alpha  2.000, steps in the past 0.000, valid nll 1.386
  [diag] log10|dL/dh_t| hist bins=60 range=(-12.50,-11.50) mean=-12.00 p50=-12.00 p05=-12.00 p95=-12.00
  [diag] sat-dist hist bins=60 sat<0.05=0.0% mean=0.985 p10=0.984 p90=0.986
Iter 0010520: train nll 1.386, valid error 074.330%, best valid error 074.070%, avg grad norm   0.204, avg grad norm (post clip)   0.053, rho_Whh  0.95, Omega  0.00, alpha  2.000, steps in the past 0.000, valid nll 1.386
  [diag] log10|dL/dh_t| hist bins=60 range=(-12.50,-11.50) mean=-12.00 p50=-12.00 p05=-12.00 p95=-12.00
  [diag] sat-dist hist bins=60 sat<0.05=0.0% mean=0.985 p10=0.984 p90=0.986
Iter 0010540: train nll 1.387, valid error 074.330%, best valid error 074.070%, avg grad norm   0.196, avg grad norm (post clip)   0.053, rho_Whh  0.95, Omega  0.00, alpha  2.000, steps in the past 0.000, valid nll 1.386
  [diag] log10|dL/dh_t| hist bins=60 range=(-12.50,-11.50) mean=-12.00 p50=-12.00 p05=-12.00 p95=-12.00
  [diag] sat-dist hist bins=60 sat<0.05=0.0% mean=0.985 p10=0.984 p90=0.986
Iter 0010560: train nll 1.386, valid error 074.330%, best valid error 074.070%, avg grad norm   0.193, avg grad norm (post clip)   0.052, rho_Whh  0.95, Omega  0.00, alpha  2.000, steps in the past 0.000, valid nll 1.386
  [diag] log10|dL/dh_t| hist bins=60 range=(-12.50,-11.50) mean=-12.00 p50=-12.00 p05=-12.00 p95=-12.00
  [diag] sat-dist hist bins=60 sat<0.05=0.0% mean=0.985 p10=0.985 p90=0.986
Iter 0010580: train nll 1.386, valid error 074.330%, best valid error 074.070%, avg grad norm   0.174, avg grad norm (post clip)   0.053, rho_Whh  0.95, Omega  0.00, alpha  2.000, steps in the past 0.000, valid nll 1.386
  [diag] log10|dL/dh_t| hist bins=60 range=(-12.50,-11.50) mean=-12.00 p50=-12.00 p05=-12.00 p95=-12.00
  [diag] sat-dist hist bins=60 sat<0.05=0.0% mean=0.985 p10=0.985 p90=0.986
Iter 0010600: train nll 1.386, valid error 074.330%, best valid error 074.070%, avg grad norm   0.204, avg grad norm (post clip)   0.053, rho_Whh  0.95, Omega  0.00, alpha  2.000, steps in the past 0.000, valid nll 1.386
  [diag] log10|dL/dh_t| hist bins=60 range=(-12.50,-11.50) mean=-12.00 p50=-12.00 p05=-12.00 p95=-12.00
  [diag] sat-dist hist bins=60 sat<0.05=0.0% mean=0.985 p10=0.984 p90=0.986
Iter 0010620: train nll 1.386, valid error 074.330%, best valid error 074.070%, avg grad norm   0.187, avg grad norm (post clip)   0.053, rho_Whh  0.95, Omega  0.00, alpha  2.000, steps in the past 0.000, valid nll 1.386
  [diag] log10|dL/dh_t| hist bins=60 range=(-12.50,-11.50) mean=-12.00 p50=-12.00 p05=-12.00 p95=-12.00
  [diag] sat-dist hist bins=60 sat<0.05=0.0% mean=0.985 p10=0.985 p90=0.986
Iter 0010640: train nll 1.387, valid error 074.330%, best valid error 074.070%, avg grad norm   0.203, avg grad norm (post clip)   0.053, rho_Whh  0.95, Omega  0.00, alpha  2.000, steps in the past 0.000, valid nll 1.386
  [diag] log10|dL/dh_t| hist bins=60 range=(-12.50,-11.50) mean=-12.00 p50=-12.00 p05=-12.00 p95=-12.00
  [diag] sat-dist hist bins=60 sat<0.05=0.0% mean=0.985 p10=0.984 p90=0.986
Iter 0010660: train nll 1.387, valid error 074.330%, best valid error 074.070%, avg grad norm   0.175, avg grad norm (post clip)   0.053, rho_Whh  0.95, Omega  0.00, alpha  2.000, steps in the past 0.000, valid nll 1.386
  [diag] log10|dL/dh_t| hist bins=60 range=(-12.50,-11.50) mean=-12.00 p50=-12.00 p05=-12.00 p95=-12.00
  [diag] sat-dist hist bins=60 sat<0.05=0.0% mean=0.985 p10=0.984 p90=0.986
Iter 0010680: train nll 1.387, valid error 074.330%, best valid error 074.070%, avg grad norm   0.195, avg grad norm (post clip)   0.053, rho_Whh  0.95, Omega  0.00, alpha  2.000, steps in the past 0.000, valid nll 1.386
  [diag] log10|dL/dh_t| hist bins=60 range=(-12.50,-11.50) mean=-12.00 p50=-12.00 p05=-12.00 p95=-12.00
  [diag] sat-dist hist bins=60 sat<0.05=0.0% mean=0.985 p10=0.984 p90=0.985
Iter 0010700: train nll 1.387, valid error 074.330%, best valid error 074.070%, avg grad norm   0.166, avg grad norm (post clip)   0.052, rho_Whh  0.95, Omega  0.00, alpha  2.000, steps in the past 0.000, valid nll 1.386
  [diag] log10|dL/dh_t| hist bins=60 range=(-12.50,-11.50) mean=-12.00 p50=-12.00 p05=-12.00 p95=-12.00
  [diag] sat-dist hist bins=60 sat<0.05=0.0% mean=0.985 p10=0.984 p90=0.986
Iter 0010720: train nll 1.386, valid error 074.330%, best valid error 074.070%, avg grad norm   0.200, avg grad norm (post clip)   0.053, rho_Whh  0.95, Omega  0.00, alpha  2.000, steps in the past 0.000, valid nll 1.386
  [diag] log10|dL/dh_t| hist bins=60 range=(-12.50,-11.50) mean=-12.00 p50=-12.00 p05=-12.00 p95=-12.00
  [diag] sat-dist hist bins=60 sat<0.05=0.0% mean=0.985 p10=0.984 p90=0.986
Iter 0010740: train nll 1.386, valid error 074.330%, best valid error 074.070%, avg grad norm   0.179, avg grad norm (post clip)   0.052, rho_Whh  0.95, Omega  0.00, alpha  2.000, steps in the past 0.000, valid nll 1.386
  [diag] log10|dL/dh_t| hist bins=60 range=(-12.50,-11.50) mean=-12.00 p50=-12.00 p05=-12.00 p95=-12.00
  [diag] sat-dist hist bins=60 sat<0.05=0.0% mean=0.985 p10=0.984 p90=0.986
Iter 0010760: train nll 1.386, valid error 074.330%, best valid error 074.070%, avg grad norm   0.194, avg grad norm (post clip)   0.053, rho_Whh  0.95, Omega  0.00, alpha  2.000, steps in the past 0.000, valid nll 1.386
  [diag] log10|dL/dh_t| hist bins=60 range=(-12.50,-11.50) mean=-12.00 p50=-12.00 p05=-12.00 p95=-12.00
  [diag] sat-dist hist bins=60 sat<0.05=0.0% mean=0.985 p10=0.984 p90=0.986
Iter 0010780: train nll 1.387, valid error 074.330%, best valid error 074.070%, avg grad norm   0.180, avg grad norm (post clip)   0.053, rho_Whh  0.95, Omega  0.00, alpha  2.000, steps in the past 0.000, valid nll 1.386
  [diag] log10|dL/dh_t| hist bins=60 range=(-12.50,-11.50) mean=-12.00 p50=-12.00 p05=-12.00 p95=-12.00
  [diag] sat-dist hist bins=60 sat<0.05=0.0% mean=0.985 p10=0.984 p90=0.986
Iter 0010800: train nll 1.387, valid error 074.330%, best valid error 074.070%, avg grad norm   0.175, avg grad norm (post clip)   0.053, rho_Whh  0.95, Omega  0.00, alpha  2.000, steps in the past 0.000, valid nll 1.386
  [diag] log10|dL/dh_t| hist bins=60 range=(-12.50,-11.50) mean=-12.00 p50=-12.00 p05=-12.00 p95=-12.00
  [diag] sat-dist hist bins=60 sat<0.05=0.0% mean=0.985 p10=0.984 p90=0.986
Iter 0010820: train nll 1.386, valid error 074.330%, best valid error 074.070%, avg grad norm   0.144, avg grad norm (post clip)   0.052, rho_Whh  0.95, Omega  0.00, alpha  2.000, steps in the past 0.000, valid nll 1.386
  [diag] log10|dL/dh_t| hist bins=60 range=(-12.50,-11.50) mean=-12.00 p50=-12.00 p05=-12.00 p95=-12.00
  [diag] sat-dist hist bins=60 sat<0.05=0.0% mean=0.985 p10=0.984 p90=0.986
Iter 0010840: train nll 1.386, valid error 074.330%, best valid error 074.070%, avg grad norm   0.187, avg grad norm (post clip)   0.053, rho_Whh  0.95, Omega  0.00, alpha  2.000, steps in the past 0.000, valid nll 1.386
  [diag] log10|dL/dh_t| hist bins=60 range=(-12.50,-11.50) mean=-12.00 p50=-12.00 p05=-12.00 p95=-12.00
  [diag] sat-dist hist bins=60 sat<0.05=0.0% mean=0.985 p10=0.984 p90=0.986
Iter 0010860: train nll 1.387, valid error 074.330%, best valid error 074.070%, avg grad norm   0.180, avg grad norm (post clip)   0.053, rho_Whh  0.95, Omega  0.00, alpha  2.000, steps in the past 0.000, valid nll 1.386
  [diag] log10|dL/dh_t| hist bins=60 range=(-12.50,-11.50) mean=-12.00 p50=-12.00 p05=-12.00 p95=-12.00
  [diag] sat-dist hist bins=60 sat<0.05=0.0% mean=0.985 p10=0.984 p90=0.985
Iter 0010880: train nll 1.387, valid error 074.330%, best valid error 074.070%, avg grad norm   0.194, avg grad norm (post clip)   0.053, rho_Whh  0.95, Omega  0.00, alpha  2.000, steps in the past 0.000, valid nll 1.386
  [diag] log10|dL/dh_t| hist bins=60 range=(-12.50,-11.50) mean=-12.00 p50=-12.00 p05=-12.00 p95=-12.00
  [diag] sat-dist hist bins=60 sat<0.05=0.0% mean=0.985 p10=0.984 p90=0.986
Iter 0010900: train nll 1.387, valid error 074.330%, best valid error 074.070%, avg grad norm   0.203, avg grad norm (post clip)   0.053, rho_Whh  0.95, Omega  0.00, alpha  2.000, steps in the past 0.000, valid nll 1.386
  [diag] log10|dL/dh_t| hist bins=60 range=(-12.50,-11.50) mean=-12.00 p50=-12.00 p05=-12.00 p95=-12.00
  [diag] sat-dist hist bins=60 sat<0.05=0.0% mean=0.985 p10=0.984 p90=0.985
Iter 0010920: train nll 1.386, valid error 074.330%, best valid error 074.070%, avg grad norm   0.185, avg grad norm (post clip)   0.053, rho_Whh  0.95, Omega  0.00, alpha  2.000, steps in the past 0.000, valid nll 1.386
  [diag] log10|dL/dh_t| hist bins=60 range=(-12.50,-11.50) mean=-12.00 p50=-12.00 p05=-12.00 p95=-12.00
  [diag] sat-dist hist bins=60 sat<0.05=0.0% mean=0.985 p10=0.984 p90=0.986
Iter 0010940: train nll 1.386, valid error 074.340%, best valid error 074.070%, avg grad norm   0.202, avg grad norm (post clip)   0.053, rho_Whh  0.95, Omega  0.00, alpha  2.000, steps in the past 0.000, valid nll 1.386
  [diag] log10|dL/dh_t| hist bins=60 range=(-12.50,-11.50) mean=-12.00 p50=-12.00 p05=-12.00 p95=-12.00
  [diag] sat-dist hist bins=60 sat<0.05=0.0% mean=0.985 p10=0.984 p90=0.986
Iter 0010960: train nll 1.386, valid error 074.330%, best valid error 074.070%, avg grad norm   0.160, avg grad norm (post clip)   0.053, rho_Whh  0.95, Omega  0.00, alpha  2.000, steps in the past 0.000, valid nll 1.386
  [diag] log10|dL/dh_t| hist bins=60 range=(-12.50,-11.50) mean=-12.00 p50=-12.00 p05=-12.00 p95=-12.00
  [diag] sat-dist hist bins=60 sat<0.05=0.0% mean=0.985 p10=0.984 p90=0.986
Iter 0010980: train nll 1.387, valid error 074.330%, best valid error 074.070%, avg grad norm   0.183, avg grad norm (post clip)   0.053, rho_Whh  0.95, Omega  0.00, alpha  2.000, steps in the past 0.000, valid nll 1.386
  [diag] log10|dL/dh_t| hist bins=60 range=(-12.50,-11.50) mean=-12.00 p50=-12.00 p05=-12.00 p95=-12.00
  [diag] sat-dist hist bins=60 sat<0.05=0.0% mean=0.985 p10=0.984 p90=0.986
Iter 0011000: train nll 1.386, valid error 074.330%, best valid error 074.070%, avg grad norm   0.153, avg grad norm (post clip)   0.053, rho_Whh  0.95, Omega  0.00, alpha  2.000, steps in the past 0.000, valid nll 1.386
  [diag] log10|dL/dh_t| hist bins=60 range=(-12.50,-11.50) mean=-12.00 p50=-12.00 p05=-12.00 p95=-12.00
  [diag] sat-dist hist bins=60 sat<0.05=0.0% mean=0.985 p10=0.984 p90=0.986
Iter 0011020: train nll 1.386, valid error 074.330%, best valid error 074.070%, avg grad norm   0.177, avg grad norm (post clip)   0.053, rho_Whh  0.95, Omega  0.00, alpha  2.000, steps in the past 0.000, valid nll 1.386
  [diag] log10|dL/dh_t| hist bins=60 range=(-12.50,-11.50) mean=-12.00 p50=-12.00 p05=-12.00 p95=-12.00
  [diag] sat-dist hist bins=60 sat<0.05=0.0% mean=0.985 p10=0.984 p90=0.986
Iter 0011040: train nll 1.386, valid error 074.330%, best valid error 074.070%, avg grad norm   0.175, avg grad norm (post clip)   0.053, rho_Whh  0.95, Omega  0.00, alpha  2.000, steps in the past 0.000, valid nll 1.386
  [diag] log10|dL/dh_t| hist bins=60 range=(-12.50,-11.50) mean=-12.00 p50=-12.00 p05=-12.00 p95=-12.00
  [diag] sat-dist hist bins=60 sat<0.05=0.0% mean=0.985 p10=0.984 p90=0.986
Iter 0011060: train nll 1.387, valid error 074.330%, best valid error 074.070%, avg grad norm   0.173, avg grad norm (post clip)   0.053, rho_Whh  0.95, Omega  0.00, alpha  2.000, steps in the past 0.000, valid nll 1.386
  [diag] log10|dL/dh_t| hist bins=60 range=(-12.50,-11.50) mean=-12.00 p50=-12.00 p05=-12.00 p95=-12.00
  [diag] sat-dist hist bins=60 sat<0.05=0.0% mean=0.985 p10=0.984 p90=0.986
Iter 0011080: train nll 1.386, valid error 074.300%, best valid error 074.070%, avg grad norm   0.197, avg grad norm (post clip)   0.053, rho_Whh  0.95, Omega  0.00, alpha  2.000, steps in the past 0.000, valid nll 1.386
  [diag] log10|dL/dh_t| hist bins=60 range=(-12.50,-11.50) mean=-12.00 p50=-12.00 p05=-12.00 p95=-12.00
  [diag] sat-dist hist bins=60 sat<0.05=0.0% mean=0.985 p10=0.984 p90=0.985
Iter 0011100: train nll 1.387, valid error 074.370%, best valid error 074.070%, avg grad norm   0.185, avg grad norm (post clip)   0.053, rho_Whh  0.95, Omega  0.00, alpha  2.000, steps in the past 0.000, valid nll 1.386
  [diag] log10|dL/dh_t| hist bins=60 range=(-12.50,-11.50) mean=-12.00 p50=-12.00 p05=-12.00 p95=-12.00
  [diag] sat-dist hist bins=60 sat<0.05=0.0% mean=0.985 p10=0.984 p90=0.985
Iter 0011120: train nll 1.387, valid error 074.140%, best valid error 074.070%, avg grad norm   0.171, avg grad norm (post clip)   0.053, rho_Whh  0.95, Omega  0.00, alpha  2.000, steps in the past 0.000, valid nll 1.386
  [diag] log10|dL/dh_t| hist bins=60 range=(-12.50,-11.50) mean=-12.00 p50=-12.00 p05=-12.00 p95=-12.00
  [diag] sat-dist hist bins=60 sat<0.05=0.0% mean=0.984 p10=0.984 p90=0.985
Iter 0011140: train nll 1.387, valid error 074.560%, best valid error 074.070%, avg grad norm   0.186, avg grad norm (post clip)   0.053, rho_Whh  0.95, Omega  0.00, alpha  2.000, steps in the past 0.000, valid nll 1.386
  [diag] log10|dL/dh_t| hist bins=60 range=(-12.50,-11.50) mean=-12.00 p50=-12.00 p05=-12.00 p95=-12.00
  [diag] sat-dist hist bins=60 sat<0.05=0.0% mean=0.984 p10=0.984 p90=0.985
Iter 0011160: train nll 1.386, valid error 074.790%, best valid error 074.070%, avg grad norm   0.177, avg grad norm (post clip)   0.053, rho_Whh  0.95, Omega  0.00, alpha  2.000, steps in the past 0.000, valid nll 1.386
  [diag] log10|dL/dh_t| hist bins=60 range=(-12.50,-11.50) mean=-12.00 p50=-12.00 p05=-12.00 p95=-12.00
  [diag] sat-dist hist bins=60 sat<0.05=0.0% mean=0.984 p10=0.984 p90=0.985
Iter 0011180: train nll 1.386, valid error 074.850%, best valid error 074.070%, avg grad norm   0.162, avg grad norm (post clip)   0.053, rho_Whh  0.95, Omega  0.00, alpha  2.000, steps in the past 0.000, valid nll 1.386
  [diag] log10|dL/dh_t| hist bins=60 range=(-12.50,-11.50) mean=-12.00 p50=-12.00 p05=-12.00 p95=-12.00
  [diag] sat-dist hist bins=60 sat<0.05=0.0% mean=0.984 p10=0.984 p90=0.985
Iter 0011200: train nll 1.386, valid error 074.800%, best valid error 074.070%, avg grad norm   0.177, avg grad norm (post clip)   0.052, rho_Whh  0.95, Omega  0.00, alpha  2.000, steps in the past 0.000, valid nll 1.386
  [diag] log10|dL/dh_t| hist bins=60 range=(-12.50,-11.50) mean=-12.00 p50=-12.00 p05=-12.00 p95=-12.00
  [diag] sat-dist hist bins=60 sat<0.05=0.0% mean=0.984 p10=0.983 p90=0.984
Iter 0011220: train nll 1.386, valid error 075.300%, best valid error 074.070%, avg grad norm   0.168, avg grad norm (post clip)   0.053, rho_Whh  0.95, Omega  0.00, alpha  2.000, steps in the past 0.000, valid nll 1.386
  [diag] log10|dL/dh_t| hist bins=60 range=(-12.50,-11.50) mean=-12.00 p50=-12.00 p05=-12.00 p95=-12.00
  [diag] sat-dist hist bins=60 sat<0.05=0.0% mean=0.984 p10=0.983 p90=0.984
Iter 0011240: train nll 1.386, valid error 075.070%, best valid error 074.070%, avg grad norm   0.196, avg grad norm (post clip)   0.053, rho_Whh  0.95, Omega  0.00, alpha  2.000, steps in the past 0.000, valid nll 1.386
  [diag] log10|dL/dh_t| hist bins=60 range=(-12.50,-11.50) mean=-12.00 p50=-12.00 p05=-12.00 p95=-12.00
  [diag] sat-dist hist bins=60 sat<0.05=0.0% mean=0.984 p10=0.983 p90=0.984
Iter 0011260: train nll 1.386, valid error 075.140%, best valid error 074.070%, avg grad norm   0.222, avg grad norm (post clip)   0.053, rho_Whh  0.95, Omega  0.00, alpha  2.000, steps in the past 0.000, valid nll 1.386
  [diag] log10|dL/dh_t| hist bins=60 range=(-12.50,-11.50) mean=-12.00 p50=-12.00 p05=-12.00 p95=-12.00
  [diag] sat-dist hist bins=60 sat<0.05=0.0% mean=0.984 p10=0.983 p90=0.984
Iter 0011280: train nll 1.387, valid error 075.290%, best valid error 074.070%, avg grad norm   0.191, avg grad norm (post clip)   0.053, rho_Whh  0.95, Omega  0.00, alpha  2.000, steps in the past 0.000, valid nll 1.386
  [diag] log10|dL/dh_t| hist bins=60 range=(-12.50,-11.50) mean=-12.00 p50=-12.00 p05=-12.00 p95=-12.00
  [diag] sat-dist hist bins=60 sat<0.05=0.0% mean=0.984 p10=0.983 p90=0.984
Iter 0011300: train nll 1.387, valid error 075.030%, best valid error 074.070%, avg grad norm   0.182, avg grad norm (post clip)   0.053, rho_Whh  0.95, Omega  0.00, alpha  2.000, steps in the past 0.000, valid nll 1.386
  [diag] log10|dL/dh_t| hist bins=60 range=(-12.50,-11.50) mean=-12.00 p50=-12.00 p05=-12.00 p95=-12.00
  [diag] sat-dist hist bins=60 sat<0.05=0.0% mean=0.984 p10=0.983 p90=0.984
Iter 0011320: train nll 1.386, valid error 075.130%, best valid error 074.070%, avg grad norm   0.197, avg grad norm (post clip)   0.053, rho_Whh  0.95, Omega  0.00, alpha  2.000, steps in the past 0.000, valid nll 1.386
  [diag] log10|dL/dh_t| hist bins=60 range=(-12.50,-11.50) mean=-12.00 p50=-12.00 p05=-12.00 p95=-12.00
  [diag] sat-dist hist bins=60 sat<0.05=0.0% mean=0.984 p10=0.983 p90=0.984
Iter 0011340: train nll 1.386, valid error 074.910%, best valid error 074.070%, avg grad norm   0.186, avg grad norm (post clip)   0.053, rho_Whh  0.95, Omega  0.00, alpha  2.000, steps in the past 0.000, valid nll 1.386
  [diag] log10|dL/dh_t| hist bins=60 range=(-12.50,-11.50) mean=-12.00 p50=-12.00 p05=-12.00 p95=-12.00
  [diag] sat-dist hist bins=60 sat<0.05=0.0% mean=0.984 p10=0.983 p90=0.984
Iter 0011360: train nll 1.386, valid error 075.190%, best valid error 074.070%, avg grad norm   0.169, avg grad norm (post clip)   0.052, rho_Whh  0.95, Omega  0.00, alpha  2.000, steps in the past 0.000, valid nll 1.386
  [diag] log10|dL/dh_t| hist bins=60 range=(-12.50,-11.50) mean=-12.00 p50=-12.00 p05=-12.00 p95=-12.00
  [diag] sat-dist hist bins=60 sat<0.05=0.0% mean=0.984 p10=0.983 p90=0.984
Iter 0011380: train nll 1.386, valid error 075.170%, best valid error 074.070%, avg grad norm   0.198, avg grad norm (post clip)   0.053, rho_Whh  0.95, Omega  0.00, alpha  2.000, steps in the past 0.000, valid nll 1.386
  [diag] log10|dL/dh_t| hist bins=60 range=(-12.50,-11.50) mean=-12.00 p50=-12.00 p05=-12.00 p95=-12.00
  [diag] sat-dist hist bins=60 sat<0.05=0.0% mean=0.984 p10=0.983 p90=0.984
Iter 0011400: train nll 1.386, valid error 075.020%, best valid error 074.070%, avg grad norm   0.211, avg grad norm (post clip)   0.053, rho_Whh  0.95, Omega  0.00, alpha  2.000, steps in the past 0.000, valid nll 1.386
  [diag] log10|dL/dh_t| hist bins=60 range=(-12.50,-11.50) mean=-12.00 p50=-12.00 p05=-12.00 p95=-12.00
  [diag] sat-dist hist bins=60 sat<0.05=0.0% mean=0.984 p10=0.983 p90=0.984
Iter 0011420: train nll 1.386, valid error 075.090%, best valid error 074.070%, avg grad norm   0.213, avg grad norm (post clip)   0.053, rho_Whh  0.95, Omega  0.00, alpha  2.000, steps in the past 0.000, valid nll 1.386
  [diag] log10|dL/dh_t| hist bins=60 range=(-12.50,-11.50) mean=-12.00 p50=-12.00 p05=-12.00 p95=-12.00
  [diag] sat-dist hist bins=60 sat<0.05=0.0% mean=0.984 p10=0.983 p90=0.985
Iter 0011440: train nll 1.386, valid error 074.790%, best valid error 074.070%, avg grad norm   0.180, avg grad norm (post clip)   0.053, rho_Whh  0.95, Omega  0.00, alpha  2.000, steps in the past 0.000, valid nll 1.386
  [diag] log10|dL/dh_t| hist bins=60 range=(-12.50,-11.50) mean=-12.00 p50=-12.00 p05=-12.00 p95=-12.00
  [diag] sat-dist hist bins=60 sat<0.05=0.0% mean=0.984 p10=0.984 p90=0.985
Iter 0011460: train nll 1.386, valid error 075.610%, best valid error 074.070%, avg grad norm   0.188, avg grad norm (post clip)   0.052, rho_Whh  0.95, Omega  0.00, alpha  2.000, steps in the past 0.000, valid nll 1.386
  [diag] log10|dL/dh_t| hist bins=60 range=(-12.50,-11.50) mean=-12.00 p50=-12.00 p05=-12.00 p95=-12.00
  [diag] sat-dist hist bins=60 sat<0.05=0.0% mean=0.985 p10=0.984 p90=0.985
Iter 0011480: train nll 1.386, valid error 074.990%, best valid error 074.070%, avg grad norm   0.179, avg grad norm (post clip)   0.053, rho_Whh  0.95, Omega  0.00, alpha  2.000, steps in the past 0.000, valid nll 1.386
  [diag] log10|dL/dh_t| hist bins=60 range=(-12.50,-11.50) mean=-12.00 p50=-12.00 p05=-12.00 p95=-12.00
  [diag] sat-dist hist bins=60 sat<0.05=0.0% mean=0.984 p10=0.984 p90=0.985
Iter 0011500: train nll 1.386, valid error 075.800%, best valid error 074.070%, avg grad norm   0.154, avg grad norm (post clip)   0.053, rho_Whh  0.95, Omega  0.00, alpha  2.000, steps in the past 0.000, valid nll 1.386
  [diag] log10|dL/dh_t| hist bins=60 range=(-12.50,-11.50) mean=-12.00 p50=-12.00 p05=-12.00 p95=-12.00
  [diag] sat-dist hist bins=60 sat<0.05=0.0% mean=0.984 p10=0.984 p90=0.985
Iter 0011520: train nll 1.386, valid error 075.130%, best valid error 074.070%, avg grad norm   0.177, avg grad norm (post clip)   0.053, rho_Whh  0.95, Omega  0.00, alpha  2.000, steps in the past 0.000, valid nll 1.386
  [diag] log10|dL/dh_t| hist bins=60 range=(-12.50,-11.50) mean=-12.00 p50=-12.00 p05=-12.00 p95=-12.00
  [diag] sat-dist hist bins=60 sat<0.05=0.0% mean=0.984 p10=0.983 p90=0.985
Iter 0011540: train nll 1.386, valid error 074.580%, best valid error 074.070%, avg grad norm   0.186, avg grad norm (post clip)   0.053, rho_Whh  0.95, Omega  0.00, alpha  2.000, steps in the past 0.000, valid nll 1.386
  [diag] log10|dL/dh_t| hist bins=60 range=(-12.50,-11.50) mean=-12.00 p50=-12.00 p05=-12.00 p95=-12.00
  [diag] sat-dist hist bins=60 sat<0.05=0.0% mean=0.984 p10=0.983 p90=0.985
Iter 0011560: train nll 1.386, valid error 074.750%, best valid error 074.070%, avg grad norm   0.162, avg grad norm (post clip)   0.052, rho_Whh  0.95, Omega  0.00, alpha  2.000, steps in the past 0.000, valid nll 1.386
  [diag] log10|dL/dh_t| hist bins=60 range=(-12.50,-11.50) mean=-12.00 p50=-12.00 p05=-12.00 p95=-12.00
  [diag] sat-dist hist bins=60 sat<0.05=0.0% mean=0.984 p10=0.983 p90=0.985
Iter 0011580: train nll 1.386, valid error 074.980%, best valid error 074.070%, avg grad norm   0.205, avg grad norm (post clip)   0.053, rho_Whh  0.95, Omega  0.00, alpha  2.000, steps in the past 0.000, valid nll 1.386
  [diag] log10|dL/dh_t| hist bins=60 range=(-12.50,-11.50) mean=-12.00 p50=-12.00 p05=-12.00 p95=-12.00
  [diag] sat-dist hist bins=60 sat<0.05=0.0% mean=0.984 p10=0.983 p90=0.985
Iter 0011600: train nll 1.387, valid error 074.980%, best valid error 074.070%, avg grad norm   0.203, avg grad norm (post clip)   0.052, rho_Whh  0.95, Omega  0.00, alpha  2.000, steps in the past 0.000, valid nll 1.386
  [diag] log10|dL/dh_t| hist bins=60 range=(-12.50,-11.50) mean=-12.00 p50=-12.00 p05=-12.00 p95=-12.00
  [diag] sat-dist hist bins=60 sat<0.05=0.0% mean=0.984 p10=0.984 p90=0.985
Iter 0011620: train nll 1.386, valid error 075.010%, best valid error 074.070%, avg grad norm   0.185, avg grad norm (post clip)   0.053, rho_Whh  0.95, Omega  0.00, alpha  2.000, steps in the past 0.000, valid nll 1.386
  [diag] log10|dL/dh_t| hist bins=60 range=(-12.50,-11.50) mean=-12.00 p50=-12.00 p05=-12.00 p95=-12.00
  [diag] sat-dist hist bins=60 sat<0.05=0.0% mean=0.984 p10=0.984 p90=0.985
Iter 0011640: train nll 1.386, valid error 074.800%, best valid error 074.070%, avg grad norm   0.197, avg grad norm (post clip)   0.053, rho_Whh  0.95, Omega  0.00, alpha  2.000, steps in the past 0.000, valid nll 1.386
  [diag] log10|dL/dh_t| hist bins=60 range=(-12.50,-11.50) mean=-12.00 p50=-12.00 p05=-12.00 p95=-12.00
  [diag] sat-dist hist bins=60 sat<0.05=0.0% mean=0.984 p10=0.984 p90=0.985
Iter 0011660: train nll 1.387, valid error 074.470%, best valid error 074.070%, avg grad norm   0.162, avg grad norm (post clip)   0.053, rho_Whh  0.95, Omega  0.00, alpha  2.000, steps in the past 0.000, valid nll 1.386
  [diag] log10|dL/dh_t| hist bins=60 range=(-12.50,-11.50) mean=-12.00 p50=-12.00 p05=-12.00 p95=-12.00
  [diag] sat-dist hist bins=60 sat<0.05=0.0% mean=0.984 p10=0.984 p90=0.985
Iter 0011680: train nll 1.386, valid error 074.370%, best valid error 074.070%, avg grad norm   0.209, avg grad norm (post clip)   0.053, rho_Whh  0.95, Omega  0.00, alpha  2.000, steps in the past 0.000, valid nll 1.386
  [diag] log10|dL/dh_t| hist bins=60 range=(-12.50,-11.50) mean=-12.00 p50=-12.00 p05=-12.00 p95=-12.00
  [diag] sat-dist hist bins=60 sat<0.05=0.0% mean=0.984 p10=0.984 p90=0.985
Iter 0011700: train nll 1.386, valid error 074.310%, best valid error 074.070%, avg grad norm   0.210, avg grad norm (post clip)   0.053, rho_Whh  0.95, Omega  0.00, alpha  2.000, steps in the past 0.000, valid nll 1.386
  [diag] log10|dL/dh_t| hist bins=60 range=(-12.50,-11.50) mean=-12.00 p50=-12.00 p05=-12.00 p95=-12.00
  [diag] sat-dist hist bins=60 sat<0.05=0.0% mean=0.984 p10=0.984 p90=0.985
Iter 0011720: train nll 1.386, valid error 074.430%, best valid error 074.070%, avg grad norm   0.181, avg grad norm (post clip)   0.053, rho_Whh  0.95, Omega  0.00, alpha  2.000, steps in the past 0.000, valid nll 1.386
  [diag] log10|dL/dh_t| hist bins=60 range=(-12.50,-11.50) mean=-12.00 p50=-12.00 p05=-12.00 p95=-12.00
  [diag] sat-dist hist bins=60 sat<0.05=0.0% mean=0.985 p10=0.984 p90=0.985
Iter 0011740: train nll 1.386, valid error 075.210%, best valid error 074.070%, avg grad norm   0.161, avg grad norm (post clip)   0.053, rho_Whh  0.95, Omega  0.00, alpha  2.000, steps in the past 0.000, valid nll 1.386
  [diag] log10|dL/dh_t| hist bins=60 range=(-12.50,-11.50) mean=-12.00 p50=-12.00 p05=-12.00 p95=-12.00
  [diag] sat-dist hist bins=60 sat<0.05=0.0% mean=0.985 p10=0.984 p90=0.985
Iter 0011760: train nll 1.386, valid error 075.440%, best valid error 074.070%, avg grad norm   0.174, avg grad norm (post clip)   0.053, rho_Whh  0.95, Omega  0.00, alpha  2.000, steps in the past 0.000, valid nll 1.386
  [diag] log10|dL/dh_t| hist bins=60 range=(-12.50,-11.50) mean=-12.00 p50=-12.00 p05=-12.00 p95=-12.00
  [diag] sat-dist hist bins=60 sat<0.05=0.0% mean=0.985 p10=0.984 p90=0.985
Iter 0011780: train nll 1.386, valid error 074.610%, best valid error 074.070%, avg grad norm   0.165, avg grad norm (post clip)   0.052, rho_Whh  0.95, Omega  0.00, alpha  2.000, steps in the past 0.000, valid nll 1.386
  [diag] log10|dL/dh_t| hist bins=60 range=(-12.50,-11.50) mean=-12.00 p50=-12.00 p05=-12.00 p95=-12.00
  [diag] sat-dist hist bins=60 sat<0.05=0.0% mean=0.985 p10=0.984 p90=0.986
Iter 0011800: train nll 1.386, valid error 075.470%, best valid error 074.070%, avg grad norm   0.164, avg grad norm (post clip)   0.051, rho_Whh  0.95, Omega  0.00, alpha  2.000, steps in the past 0.000, valid nll 1.386
  [diag] log10|dL/dh_t| hist bins=60 range=(-12.50,-11.50) mean=-12.00 p50=-12.00 p05=-12.00 p95=-12.00
  [diag] sat-dist hist bins=60 sat<0.05=0.0% mean=0.985 p10=0.984 p90=0.986
Iter 0011820: train nll 1.386, valid error 074.740%, best valid error 074.070%, avg grad norm   0.161, avg grad norm (post clip)   0.053, rho_Whh  0.95, Omega  0.00, alpha  2.000, steps in the past 0.000, valid nll 1.386
  [diag] log10|dL/dh_t| hist bins=60 range=(-12.50,-11.50) mean=-12.00 p50=-12.00 p05=-12.00 p95=-12.00
  [diag] sat-dist hist bins=60 sat<0.05=0.0% mean=0.985 p10=0.984 p90=0.985
Iter 0011840: train nll 1.386, valid error 074.910%, best valid error 074.070%, avg grad norm   0.183, avg grad norm (post clip)   0.053, rho_Whh  0.95, Omega  0.00, alpha  2.000, steps in the past 0.000, valid nll 1.386
  [diag] log10|dL/dh_t| hist bins=60 range=(-12.50,-11.50) mean=-12.00 p50=-12.00 p05=-12.00 p95=-12.00
  [diag] sat-dist hist bins=60 sat<0.05=0.0% mean=0.985 p10=0.984 p90=0.985
Iter 0011860: train nll 1.386, valid error 074.960%, best valid error 074.070%, avg grad norm   0.170, avg grad norm (post clip)   0.053, rho_Whh  0.95, Omega  0.00, alpha  2.000, steps in the past 0.000, valid nll 1.386
  [diag] log10|dL/dh_t| hist bins=60 range=(-12.50,-11.50) mean=-12.00 p50=-12.00 p05=-12.00 p95=-12.00
  [diag] sat-dist hist bins=60 sat<0.05=0.0% mean=0.985 p10=0.984 p90=0.985
Iter 0011880: train nll 1.386, valid error 074.980%, best valid error 074.070%, avg grad norm   0.182, avg grad norm (post clip)   0.053, rho_Whh  0.95, Omega  0.00, alpha  2.000, steps in the past 0.000, valid nll 1.386
  [diag] log10|dL/dh_t| hist bins=60 range=(-12.50,-11.50) mean=-12.00 p50=-12.00 p05=-12.00 p95=-12.00
  [diag] sat-dist hist bins=60 sat<0.05=0.0% mean=0.985 p10=0.984 p90=0.986
Iter 0011900: train nll 1.387, valid error 074.400%, best valid error 074.070%, avg grad norm   0.196, avg grad norm (post clip)   0.053, rho_Whh  0.95, Omega  0.00, alpha  2.000, steps in the past 0.000, valid nll 1.386
  [diag] log10|dL/dh_t| hist bins=60 range=(-12.50,-11.50) mean=-12.00 p50=-12.00 p05=-12.00 p95=-12.00
  [diag] sat-dist hist bins=60 sat<0.05=0.0% mean=0.985 p10=0.984 p90=0.985
Iter 0011920: train nll 1.386, valid error 074.810%, best valid error 074.070%, avg grad norm   0.171, avg grad norm (post clip)   0.051, rho_Whh  0.95, Omega  0.00, alpha  2.000, steps in the past 0.000, valid nll 1.386
  [diag] log10|dL/dh_t| hist bins=60 range=(-12.50,-11.50) mean=-12.00 p50=-12.00 p05=-12.00 p95=-12.00
  [diag] sat-dist hist bins=60 sat<0.05=0.0% mean=0.985 p10=0.984 p90=0.986
Iter 0011940: train nll 1.386, valid error 074.470%, best valid error 074.070%, avg grad norm   0.153, avg grad norm (post clip)   0.052, rho_Whh  0.95, Omega  0.00, alpha  2.000, steps in the past 0.000, valid nll 1.386
  [diag] log10|dL/dh_t| hist bins=60 range=(-12.50,-11.50) mean=-12.00 p50=-12.00 p05=-12.00 p95=-12.00
  [diag] sat-dist hist bins=60 sat<0.05=0.0% mean=0.985 p10=0.984 p90=0.985
Iter 0011960: train nll 1.386, valid error 074.770%, best valid error 074.070%, avg grad norm   0.195, avg grad norm (post clip)   0.053, rho_Whh  0.95, Omega  0.00, alpha  2.000, steps in the past 0.000, valid nll 1.386
  [diag] log10|dL/dh_t| hist bins=60 range=(-12.50,-11.50) mean=-12.00 p50=-12.00 p05=-12.00 p95=-12.00
  [diag] sat-dist hist bins=60 sat<0.05=0.0% mean=0.985 p10=0.984 p90=0.986
Iter 0011980: train nll 1.386, valid error 074.540%, best valid error 074.070%, avg grad norm   0.171, avg grad norm (post clip)   0.053, rho_Whh  0.95, Omega  0.00, alpha  2.000, steps in the past 0.000, valid nll 1.386
  [diag] log10|dL/dh_t| hist bins=60 range=(-12.50,-11.50) mean=-12.00 p50=-12.00 p05=-12.00 p95=-12.00
  [diag] sat-dist hist bins=60 sat<0.05=0.0% mean=0.985 p10=0.984 p90=0.986
Iter 0012000: train nll 1.386, valid error 074.800%, best valid error 074.070%, avg grad norm   0.185, avg grad norm (post clip)   0.052, rho_Whh  0.95, Omega  0.00, alpha  2.000, steps in the past 0.000, valid nll 1.386
  [diag] log10|dL/dh_t| hist bins=60 range=(-12.50,-11.50) mean=-12.00 p50=-12.00 p05=-12.00 p95=-12.00
  [diag] sat-dist hist bins=60 sat<0.05=0.0% mean=0.985 p10=0.984 p90=0.986
Iter 0012020: train nll 1.387, valid error 074.790%, best valid error 074.070%, avg grad norm   0.166, avg grad norm (post clip)   0.053, rho_Whh  0.95, Omega  0.00, alpha  2.000, steps in the past 0.000, valid nll 1.386
  [diag] log10|dL/dh_t| hist bins=60 range=(-12.50,-11.50) mean=-12.00 p50=-12.00 p05=-12.00 p95=-12.00
  [diag] sat-dist hist bins=60 sat<0.05=0.0% mean=0.985 p10=0.984 p90=0.985
Iter 0012040: train nll 1.387, valid error 074.990%, best valid error 074.070%, avg grad norm   0.208, avg grad norm (post clip)   0.053, rho_Whh  0.95, Omega  0.00, alpha  2.000, steps in the past 0.000, valid nll 1.386
  [diag] log10|dL/dh_t| hist bins=60 range=(-12.50,-11.50) mean=-12.00 p50=-12.00 p05=-12.00 p95=-12.00
  [diag] sat-dist hist bins=60 sat<0.05=0.0% mean=0.985 p10=0.984 p90=0.985
Iter 0012060: train nll 1.386, valid error 074.980%, best valid error 074.070%, avg grad norm   0.161, avg grad norm (post clip)   0.052, rho_Whh  0.95, Omega  0.00, alpha  2.000, steps in the past 0.000, valid nll 1.386
  [diag] log10|dL/dh_t| hist bins=60 range=(-12.50,-11.50) mean=-12.00 p50=-12.00 p05=-12.00 p95=-12.00
  [diag] sat-dist hist bins=60 sat<0.05=0.0% mean=0.985 p10=0.984 p90=0.985
Iter 0012080: train nll 1.387, valid error 074.960%, best valid error 074.070%, avg grad norm   0.203, avg grad norm (post clip)   0.053, rho_Whh  0.95, Omega  0.00, alpha  2.000, steps in the past 0.000, valid nll 1.386
  [diag] log10|dL/dh_t| hist bins=60 range=(-12.50,-11.50) mean=-12.00 p50=-12.00 p05=-12.00 p95=-12.00
  [diag] sat-dist hist bins=60 sat<0.05=0.0% mean=0.985 p10=0.984 p90=0.985
Iter 0012100: train nll 1.386, valid error 074.850%, best valid error 074.070%, avg grad norm   0.167, avg grad norm (post clip)   0.053, rho_Whh  0.95, Omega  0.00, alpha  2.000, steps in the past 0.000, valid nll 1.386
  [diag] log10|dL/dh_t| hist bins=60 range=(-12.50,-11.50) mean=-12.00 p50=-12.00 p05=-12.00 p95=-12.00
  [diag] sat-dist hist bins=60 sat<0.05=0.0% mean=0.985 p10=0.984 p90=0.985
Iter 0012120: train nll 1.386, valid error 074.920%, best valid error 074.070%, avg grad norm   0.168, avg grad norm (post clip)   0.053, rho_Whh  0.95, Omega  0.00, alpha  2.000, steps in the past 0.000, valid nll 1.386
  [diag] log10|dL/dh_t| hist bins=60 range=(-12.50,-11.50) mean=-12.00 p50=-12.00 p05=-12.00 p95=-12.00
  [diag] sat-dist hist bins=60 sat<0.05=0.0% mean=0.985 p10=0.984 p90=0.985
Iter 0012140: train nll 1.387, valid error 074.990%, best valid error 074.070%, avg grad norm   0.216, avg grad norm (post clip)   0.053, rho_Whh  0.95, Omega  0.00, alpha  2.000, steps in the past 0.000, valid nll 1.386
  [diag] log10|dL/dh_t| hist bins=60 range=(-12.50,-11.50) mean=-12.00 p50=-12.00 p05=-12.00 p95=-12.00
  [diag] sat-dist hist bins=60 sat<0.05=0.0% mean=0.985 p10=0.984 p90=0.985
Iter 0012160: train nll 1.386, valid error 074.980%, best valid error 074.070%, avg grad norm   0.178, avg grad norm (post clip)   0.053, rho_Whh  0.95, Omega  0.00, alpha  2.000, steps in the past 0.000, valid nll 1.386
  [diag] log10|dL/dh_t| hist bins=60 range=(-12.50,-11.50) mean=-12.00 p50=-12.00 p05=-12.00 p95=-12.00
  [diag] sat-dist hist bins=60 sat<0.05=0.0% mean=0.985 p10=0.984 p90=0.985
Iter 0012180: train nll 1.386, valid error 074.970%, best valid error 074.070%, avg grad norm   0.174, avg grad norm (post clip)   0.053, rho_Whh  0.95, Omega  0.00, alpha  2.000, steps in the past 0.000, valid nll 1.386
  [diag] log10|dL/dh_t| hist bins=60 range=(-12.50,-11.50) mean=-12.00 p50=-12.00 p05=-12.00 p95=-12.00
  [diag] sat-dist hist bins=60 sat<0.05=0.0% mean=0.984 p10=0.984 p90=0.985
Iter 0012200: train nll 1.386, valid error 074.970%, best valid error 074.070%, avg grad norm   0.150, avg grad norm (post clip)   0.051, rho_Whh  0.95, Omega  0.00, alpha  2.000, steps in the past 0.000, valid nll 1.386
  [diag] log10|dL/dh_t| hist bins=60 range=(-12.50,-11.50) mean=-12.00 p50=-12.00 p05=-12.00 p95=-12.00
  [diag] sat-dist hist bins=60 sat<0.05=0.0% mean=0.985 p10=0.984 p90=0.985
Iter 0012220: train nll 1.386, valid error 074.970%, best valid error 074.070%, avg grad norm   0.159, avg grad norm (post clip)   0.052, rho_Whh  0.95, Omega  0.00, alpha  2.000, steps in the past 0.000, valid nll 1.386
  [diag] log10|dL/dh_t| hist bins=60 range=(-12.50,-11.50) mean=-12.00 p50=-12.00 p05=-12.00 p95=-12.00
  [diag] sat-dist hist bins=60 sat<0.05=0.0% mean=0.984 p10=0.984 p90=0.985
Iter 0012240: train nll 1.387, valid error 074.970%, best valid error 074.070%, avg grad norm   0.185, avg grad norm (post clip)   0.053, rho_Whh  0.95, Omega  0.00, alpha  2.000, steps in the past 0.000, valid nll 1.386
  [diag] log10|dL/dh_t| hist bins=60 range=(-12.50,-11.50) mean=-12.00 p50=-12.00 p05=-12.00 p95=-12.00
  [diag] sat-dist hist bins=60 sat<0.05=0.0% mean=0.984 p10=0.984 p90=0.985
Iter 0012260: train nll 1.386, valid error 074.970%, best valid error 074.070%, avg grad norm   0.187, avg grad norm (post clip)   0.053, rho_Whh  0.95, Omega  0.00, alpha  2.000, steps in the past 0.000, valid nll 1.386
  [diag] log10|dL/dh_t| hist bins=60 range=(-12.50,-11.50) mean=-12.00 p50=-12.00 p05=-12.00 p95=-12.00
  [diag] sat-dist hist bins=60 sat<0.05=0.0% mean=0.985 p10=0.984 p90=0.985
Iter 0012280: train nll 1.386, valid error 074.970%, best valid error 074.070%, avg grad norm   0.176, avg grad norm (post clip)   0.053, rho_Whh  0.95, Omega  0.00, alpha  2.000, steps in the past 0.000, valid nll 1.386
  [diag] log10|dL/dh_t| hist bins=60 range=(-12.50,-11.50) mean=-12.00 p50=-12.00 p05=-12.00 p95=-12.00
  [diag] sat-dist hist bins=60 sat<0.05=0.0% mean=0.985 p10=0.984 p90=0.985
Iter 0012300: train nll 1.386, valid error 074.970%, best valid error 074.070%, avg grad norm   0.173, avg grad norm (post clip)   0.053, rho_Whh  0.95, Omega  0.00, alpha  2.000, steps in the past 0.000, valid nll 1.386
  [diag] log10|dL/dh_t| hist bins=60 range=(-12.50,-11.50) mean=-12.00 p50=-12.00 p05=-12.00 p95=-12.00
  [diag] sat-dist hist bins=60 sat<0.05=0.0% mean=0.984 p10=0.984 p90=0.985
Iter 0012320: train nll 1.387, valid error 074.970%, best valid error 074.070%, avg grad norm   0.217, avg grad norm (post clip)   0.053, rho_Whh  0.95, Omega  0.00, alpha  2.000, steps in the past 0.000, valid nll 1.386
  [diag] log10|dL/dh_t| hist bins=60 range=(-12.50,-11.50) mean=-12.00 p50=-12.00 p05=-12.00 p95=-12.00
  [diag] sat-dist hist bins=60 sat<0.05=0.0% mean=0.985 p10=0.984 p90=0.985
Iter 0012340: train nll 1.386, valid error 074.970%, best valid error 074.070%, avg grad norm   0.168, avg grad norm (post clip)   0.052, rho_Whh  0.95, Omega  0.00, alpha  2.000, steps in the past 0.000, valid nll 1.386
  [diag] log10|dL/dh_t| hist bins=60 range=(-12.50,-11.50) mean=-12.00 p50=-12.00 p05=-12.00 p95=-12.00
  [diag] sat-dist hist bins=60 sat<0.05=0.0% mean=0.985 p10=0.984 p90=0.985
Iter 0012360: train nll 1.387, valid error 074.730%, best valid error 074.070%, avg grad norm   0.164, avg grad norm (post clip)   0.053, rho_Whh  0.95, Omega  0.00, alpha  2.000, steps in the past 0.000, valid nll 1.386
  [diag] log10|dL/dh_t| hist bins=60 range=(-12.50,-11.50) mean=-12.00 p50=-12.00 p05=-12.00 p95=-12.00
  [diag] sat-dist hist bins=60 sat<0.05=0.0% mean=0.984 p10=0.984 p90=0.985
Iter 0012380: train nll 1.386, valid error 074.870%, best valid error 074.070%, avg grad norm   0.156, avg grad norm (post clip)   0.052, rho_Whh  0.95, Omega  0.00, alpha  2.000, steps in the past 0.000, valid nll 1.386
  [diag] log10|dL/dh_t| hist bins=60 range=(-12.50,-11.50) mean=-12.00 p50=-12.00 p05=-12.00 p95=-12.00
  [diag] sat-dist hist bins=60 sat<0.05=0.0% mean=0.984 p10=0.984 p90=0.985
Iter 0012400: train nll 1.387, valid error 074.980%, best valid error 074.070%, avg grad norm   0.172, avg grad norm (post clip)   0.053, rho_Whh  0.95, Omega  0.00, alpha  2.000, steps in the past 0.000, valid nll 1.386
  [diag] log10|dL/dh_t| hist bins=60 range=(-12.50,-11.50) mean=-12.00 p50=-12.00 p05=-12.00 p95=-12.00
  [diag] sat-dist hist bins=60 sat<0.05=0.0% mean=0.984 p10=0.984 p90=0.985
Iter 0012420: train nll 1.386, valid error 075.000%, best valid error 074.070%, avg grad norm   0.188, avg grad norm (post clip)   0.053, rho_Whh  0.95, Omega  0.00, alpha  2.000, steps in the past 0.000, valid nll 1.386
  [diag] log10|dL/dh_t| hist bins=60 range=(-12.50,-11.50) mean=-12.00 p50=-12.00 p05=-12.00 p95=-12.00
  [diag] sat-dist hist bins=60 sat<0.05=0.0% mean=0.984 p10=0.984 p90=0.985
Iter 0012440: train nll 1.386, valid error 074.680%, best valid error 074.070%, avg grad norm   0.174, avg grad norm (post clip)   0.053, rho_Whh  0.95, Omega  0.00, alpha  2.000, steps in the past 0.000, valid nll 1.386
  [diag] log10|dL/dh_t| hist bins=60 range=(-12.50,-11.50) mean=-12.00 p50=-12.00 p05=-12.00 p95=-12.00
  [diag] sat-dist hist bins=60 sat<0.05=0.0% mean=0.984 p10=0.984 p90=0.985
Iter 0012460: train nll 1.387, valid error 074.780%, best valid error 074.070%, avg grad norm   0.172, avg grad norm (post clip)   0.053, rho_Whh  0.95, Omega  0.00, alpha  2.000, steps in the past 0.000, valid nll 1.386
  [diag] log10|dL/dh_t| hist bins=60 range=(-12.50,-11.50) mean=-12.00 p50=-12.00 p05=-12.00 p95=-12.00
  [diag] sat-dist hist bins=60 sat<0.05=0.0% mean=0.984 p10=0.984 p90=0.985
Iter 0012480: train nll 1.386, valid error 074.750%, best valid error 074.070%, avg grad norm   0.214, avg grad norm (post clip)   0.053, rho_Whh  0.95, Omega  0.00, alpha  2.000, steps in the past 0.000, valid nll 1.386
  [diag] log10|dL/dh_t| hist bins=60 range=(-12.50,-11.50) mean=-12.00 p50=-12.00 p05=-12.00 p95=-12.00
  [diag] sat-dist hist bins=60 sat<0.05=0.0% mean=0.984 p10=0.984 p90=0.985
Iter 0012500: train nll 1.386, valid error 074.750%, best valid error 074.070%, avg grad norm   0.177, avg grad norm (post clip)   0.053, rho_Whh  0.95, Omega  0.00, alpha  2.000, steps in the past 0.000, valid nll 1.386
  [diag] log10|dL/dh_t| hist bins=60 range=(-12.50,-11.50) mean=-12.00 p50=-12.00 p05=-12.00 p95=-12.00
  [diag] sat-dist hist bins=60 sat<0.05=0.0% mean=0.984 p10=0.983 p90=0.985
Iter 0012520: train nll 1.386, valid error 074.990%, best valid error 074.070%, avg grad norm   0.175, avg grad norm (post clip)   0.053, rho_Whh  0.95, Omega  0.00, alpha  2.000, steps in the past 0.000, valid nll 1.386
  [diag] log10|dL/dh_t| hist bins=60 range=(-12.50,-11.50) mean=-12.00 p50=-12.00 p05=-12.00 p95=-12.00
  [diag] sat-dist hist bins=60 sat<0.05=0.0% mean=0.984 p10=0.983 p90=0.985
Iter 0012540: train nll 1.386, valid error 074.870%, best valid error 074.070%, avg grad norm   0.215, avg grad norm (post clip)   0.053, rho_Whh  0.95, Omega  0.00, alpha  2.000, steps in the past 0.000, valid nll 1.386
  [diag] log10|dL/dh_t| hist bins=60 range=(-12.50,-11.50) mean=-12.00 p50=-12.00 p05=-12.00 p95=-12.00
  [diag] sat-dist hist bins=60 sat<0.05=0.0% mean=0.984 p10=0.984 p90=0.985
Iter 0012560: train nll 1.387, valid error 074.840%, best valid error 074.070%, avg grad norm   0.191, avg grad norm (post clip)   0.052, rho_Whh  0.95, Omega  0.00, alpha  2.000, steps in the past 0.000, valid nll 1.386
  [diag] log10|dL/dh_t| hist bins=60 range=(-12.50,-11.50) mean=-12.00 p50=-12.00 p05=-12.00 p95=-12.00
  [diag] sat-dist hist bins=60 sat<0.05=0.0% mean=0.984 p10=0.984 p90=0.985
Iter 0012580: train nll 1.386, valid error 074.970%, best valid error 074.070%, avg grad norm   0.188, avg grad norm (post clip)   0.053, rho_Whh  0.95, Omega  0.00, alpha  2.000, steps in the past 0.000, valid nll 1.386
  [diag] log10|dL/dh_t| hist bins=60 range=(-12.50,-11.50) mean=-12.00 p50=-12.00 p05=-12.00 p95=-12.00
  [diag] sat-dist hist bins=60 sat<0.05=0.0% mean=0.984 p10=0.983 p90=0.985
Iter 0012600: train nll 1.386, valid error 074.960%, best valid error 074.070%, avg grad norm   0.206, avg grad norm (post clip)   0.053, rho_Whh  0.95, Omega  0.00, alpha  2.000, steps in the past 0.000, valid nll 1.386
  [diag] log10|dL/dh_t| hist bins=60 range=(-12.50,-11.50) mean=-12.00 p50=-12.00 p05=-12.00 p95=-12.00
  [diag] sat-dist hist bins=60 sat<0.05=0.0% mean=0.984 p10=0.983 p90=0.985
Iter 0012620: train nll 1.386, valid error 074.980%, best valid error 074.070%, avg grad norm   0.201, avg grad norm (post clip)   0.053, rho_Whh  0.95, Omega  0.00, alpha  2.000, steps in the past 0.000, valid nll 1.386
  [diag] log10|dL/dh_t| hist bins=60 range=(-12.50,-11.50) mean=-12.00 p50=-12.00 p05=-12.00 p95=-12.00
  [diag] sat-dist hist bins=60 sat<0.05=0.0% mean=0.984 p10=0.983 p90=0.985
Iter 0012640: train nll 1.386, valid error 074.900%, best valid error 074.070%, avg grad norm   0.179, avg grad norm (post clip)   0.053, rho_Whh  0.95, Omega  0.00, alpha  2.000, steps in the past 0.000, valid nll 1.386
  [diag] log10|dL/dh_t| hist bins=60 range=(-12.50,-11.50) mean=-12.00 p50=-12.00 p05=-12.00 p95=-12.00
  [diag] sat-dist hist bins=60 sat<0.05=0.0% mean=0.984 p10=0.983 p90=0.985
Iter 0012660: train nll 1.386, valid error 074.890%, best valid error 074.070%, avg grad norm   0.188, avg grad norm (post clip)   0.053, rho_Whh  0.95, Omega  0.00, alpha  2.000, steps in the past 0.000, valid nll 1.386
  [diag] log10|dL/dh_t| hist bins=60 range=(-12.50,-11.50) mean=-12.00 p50=-12.00 p05=-12.00 p95=-12.00
  [diag] sat-dist hist bins=60 sat<0.05=0.0% mean=0.984 p10=0.984 p90=0.985
Iter 0012680: train nll 1.386, valid error 074.760%, best valid error 074.070%, avg grad norm   0.183, avg grad norm (post clip)   0.053, rho_Whh  0.95, Omega  0.00, alpha  2.000, steps in the past 0.000, valid nll 1.386
  [diag] log10|dL/dh_t| hist bins=60 range=(-12.50,-11.50) mean=-12.00 p50=-12.00 p05=-12.00 p95=-12.00
  [diag] sat-dist hist bins=60 sat<0.05=0.0% mean=0.985 p10=0.984 p90=0.985
Iter 0012700: train nll 1.387, valid error 074.760%, best valid error 074.070%, avg grad norm   0.184, avg grad norm (post clip)   0.053, rho_Whh  0.95, Omega  0.00, alpha  2.000, steps in the past 0.000, valid nll 1.386
  [diag] log10|dL/dh_t| hist bins=60 range=(-12.50,-11.50) mean=-12.00 p50=-12.00 p05=-12.00 p95=-12.00
  [diag] sat-dist hist bins=60 sat<0.05=0.0% mean=0.985 p10=0.984 p90=0.985
Iter 0012720: train nll 1.386, valid error 074.780%, best valid error 074.070%, avg grad norm   0.176, avg grad norm (post clip)   0.052, rho_Whh  0.95, Omega  0.00, alpha  2.000, steps in the past 0.000, valid nll 1.386
  [diag] log10|dL/dh_t| hist bins=60 range=(-12.50,-11.50) mean=-12.00 p50=-12.00 p05=-12.00 p95=-12.00
  [diag] sat-dist hist bins=60 sat<0.05=0.0% mean=0.984 p10=0.984 p90=0.985
Iter 0012740: train nll 1.387, valid error 074.910%, best valid error 074.070%, avg grad norm   0.213, avg grad norm (post clip)   0.053, rho_Whh  0.95, Omega  0.00, alpha  2.000, steps in the past 0.000, valid nll 1.386
  [diag] log10|dL/dh_t| hist bins=60 range=(-12.50,-11.50) mean=-12.00 p50=-12.00 p05=-12.00 p95=-12.00
  [diag] sat-dist hist bins=60 sat<0.05=0.0% mean=0.984 p10=0.983 p90=0.985
Iter 0012760: train nll 1.386, valid error 074.970%, best valid error 074.070%, avg grad norm   0.181, avg grad norm (post clip)   0.053, rho_Whh  0.95, Omega  0.00, alpha  2.000, steps in the past 0.000, valid nll 1.386
  [diag] log10|dL/dh_t| hist bins=60 range=(-12.50,-11.50) mean=-12.00 p50=-12.00 p05=-12.00 p95=-12.00
  [diag] sat-dist hist bins=60 sat<0.05=0.0% mean=0.984 p10=0.983 p90=0.985
Iter 0012780: train nll 1.387, valid error 074.980%, best valid error 074.070%, avg grad norm   0.181, avg grad norm (post clip)   0.053, rho_Whh  0.95, Omega  0.00, alpha  2.000, steps in the past 0.000, valid nll 1.386
  [diag] log10|dL/dh_t| hist bins=60 range=(-12.50,-11.50) mean=-12.00 p50=-12.00 p05=-12.00 p95=-12.00
  [diag] sat-dist hist bins=60 sat<0.05=0.0% mean=0.984 p10=0.983 p90=0.985
Iter 0012800: train nll 1.386, valid error 074.990%, best valid error 074.070%, avg grad norm   0.192, avg grad norm (post clip)   0.053, rho_Whh  0.95, Omega  0.00, alpha  2.000, steps in the past 0.000, valid nll 1.386
  [diag] log10|dL/dh_t| hist bins=60 range=(-12.50,-11.50) mean=-12.00 p50=-12.00 p05=-12.00 p95=-12.00
  [diag] sat-dist hist bins=60 sat<0.05=0.0% mean=0.984 p10=0.984 p90=0.985
Iter 0012820: train nll 1.386, valid error 075.000%, best valid error 074.070%, avg grad norm   0.166, avg grad norm (post clip)   0.052, rho_Whh  0.95, Omega  0.00, alpha  2.000, steps in the past 0.000, valid nll 1.386
  [diag] log10|dL/dh_t| hist bins=60 range=(-12.50,-11.50) mean=-12.00 p50=-12.00 p05=-12.00 p95=-12.00
  [diag] sat-dist hist bins=60 sat<0.05=0.0% mean=0.984 p10=0.983 p90=0.985
Iter 0012840: train nll 1.387, valid error 074.970%, best valid error 074.070%, avg grad norm   0.168, avg grad norm (post clip)   0.053, rho_Whh  0.95, Omega  0.00, alpha  2.000, steps in the past 0.000, valid nll 1.386
  [diag] log10|dL/dh_t| hist bins=60 range=(-12.50,-11.50) mean=-12.00 p50=-12.00 p05=-12.00 p95=-12.00
  [diag] sat-dist hist bins=60 sat<0.05=0.0% mean=0.984 p10=0.983 p90=0.985
Iter 0012860: train nll 1.387, valid error 074.890%, best valid error 074.070%, avg grad norm   0.191, avg grad norm (post clip)   0.053, rho_Whh  0.95, Omega  0.00, alpha  2.000, steps in the past 0.000, valid nll 1.386
  [diag] log10|dL/dh_t| hist bins=60 range=(-12.50,-11.50) mean=-12.00 p50=-12.00 p05=-12.00 p95=-12.00
  [diag] sat-dist hist bins=60 sat<0.05=0.0% mean=0.984 p10=0.983 p90=0.984
Iter 0012880: train nll 1.386, valid error 074.970%, best valid error 074.070%, avg grad norm   0.174, avg grad norm (post clip)   0.052, rho_Whh  0.95, Omega  0.00, alpha  2.000, steps in the past 0.000, valid nll 1.386
  [diag] log10|dL/dh_t| hist bins=60 range=(-12.50,-11.50) mean=-12.00 p50=-12.00 p05=-12.00 p95=-12.00
  [diag] sat-dist hist bins=60 sat<0.05=0.0% mean=0.984 p10=0.983 p90=0.984
Iter 0012900: train nll 1.386, valid error 074.970%, best valid error 074.070%, avg grad norm   0.197, avg grad norm (post clip)   0.053, rho_Whh  0.95, Omega  0.00, alpha  2.000, steps in the past 0.000, valid nll 1.386
  [diag] log10|dL/dh_t| hist bins=60 range=(-12.50,-11.50) mean=-12.00 p50=-12.00 p05=-12.00 p95=-12.00
  [diag] sat-dist hist bins=60 sat<0.05=0.0% mean=0.984 p10=0.983 p90=0.984
Iter 0012920: train nll 1.387, valid error 074.970%, best valid error 074.070%, avg grad norm   0.163, avg grad norm (post clip)   0.053, rho_Whh  0.95, Omega  0.00, alpha  2.000, steps in the past 0.000, valid nll 1.386
  [diag] log10|dL/dh_t| hist bins=60 range=(-12.50,-11.50) mean=-12.00 p50=-12.00 p05=-12.00 p95=-12.00
  [diag] sat-dist hist bins=60 sat<0.05=0.0% mean=0.984 p10=0.983 p90=0.984
Iter 0012940: train nll 1.386, valid error 074.860%, best valid error 074.070%, avg grad norm   0.203, avg grad norm (post clip)   0.053, rho_Whh  0.95, Omega  0.00, alpha  2.000, steps in the past 0.000, valid nll 1.386
  [diag] log10|dL/dh_t| hist bins=60 range=(-12.50,-11.50) mean=-12.00 p50=-12.00 p05=-12.00 p95=-12.00
  [diag] sat-dist hist bins=60 sat<0.05=0.0% mean=0.984 p10=0.984 p90=0.985
Iter 0012960: train nll 1.386, valid error 074.720%, best valid error 074.070%, avg grad norm   0.169, avg grad norm (post clip)   0.052, rho_Whh  0.95, Omega  0.00, alpha  2.000, steps in the past 0.000, valid nll 1.386
  [diag] log10|dL/dh_t| hist bins=60 range=(-12.50,-11.50) mean=-12.00 p50=-12.00 p05=-12.00 p95=-12.00
  [diag] sat-dist hist bins=60 sat<0.05=0.0% mean=0.984 p10=0.984 p90=0.985
Iter 0012980: train nll 1.386, valid error 074.460%, best valid error 074.070%, avg grad norm   0.187, avg grad norm (post clip)   0.053, rho_Whh  0.95, Omega  0.00, alpha  2.000, steps in the past 0.000, valid nll 1.386
  [diag] log10|dL/dh_t| hist bins=60 range=(-12.50,-11.50) mean=-12.00 p50=-12.00 p05=-12.00 p95=-12.00
  [diag] sat-dist hist bins=60 sat<0.05=0.0% mean=0.984 p10=0.983 p90=0.985
Iter 0013000: train nll 1.387, valid error 075.090%, best valid error 074.070%, avg grad norm   0.173, avg grad norm (post clip)   0.053, rho_Whh  0.95, Omega  0.00, alpha  2.000, steps in the past 0.000, valid nll 1.386
  [diag] log10|dL/dh_t| hist bins=60 range=(-12.50,-11.50) mean=-12.00 p50=-12.00 p05=-12.00 p95=-12.00
  [diag] sat-dist hist bins=60 sat<0.05=0.0% mean=0.984 p10=0.983 p90=0.985
Iter 0013020: train nll 1.386, valid error 074.730%, best valid error 074.070%, avg grad norm   0.188, avg grad norm (post clip)   0.053, rho_Whh  0.95, Omega  0.00, alpha  2.000, steps in the past 0.000, valid nll 1.386
  [diag] log10|dL/dh_t| hist bins=60 range=(-12.50,-11.50) mean=-12.00 p50=-12.00 p05=-12.00 p95=-12.00
  [diag] sat-dist hist bins=60 sat<0.05=0.0% mean=0.984 p10=0.983 p90=0.985
Iter 0013040: train nll 1.387, valid error 074.310%, best valid error 074.070%, avg grad norm   0.194, avg grad norm (post clip)   0.053, rho_Whh  0.95, Omega  0.00, alpha  2.000, steps in the past 0.000, valid nll 1.386
  [diag] log10|dL/dh_t| hist bins=60 range=(-12.50,-11.50) mean=-12.00 p50=-12.00 p05=-12.00 p95=-12.00
  [diag] sat-dist hist bins=60 sat<0.05=0.0% mean=0.984 p10=0.984 p90=0.985
Iter 0013060: train nll 1.386, valid error 074.200%, best valid error 074.070%, avg grad norm   0.161, avg grad norm (post clip)   0.053, rho_Whh  0.95, Omega  0.00, alpha  2.000, steps in the past 0.000, valid nll 1.386
  [diag] log10|dL/dh_t| hist bins=60 range=(-12.50,-11.50) mean=-12.00 p50=-12.00 p05=-12.00 p95=-12.00
  [diag] sat-dist hist bins=60 sat<0.05=0.0% mean=0.985 p10=0.984 p90=0.985
Iter 0013080: train nll 1.386, valid error 074.160%, best valid error 074.070%, avg grad norm   0.202, avg grad norm (post clip)   0.052, rho_Whh  0.95, Omega  0.00, alpha  2.000, steps in the past 0.000, valid nll 1.386
  [diag] log10|dL/dh_t| hist bins=60 range=(-12.50,-11.50) mean=-12.00 p50=-12.00 p05=-12.00 p95=-12.00
  [diag] sat-dist hist bins=60 sat<0.05=0.0% mean=0.985 p10=0.984 p90=0.985
Iter 0013100: train nll 1.386, valid error 074.320%, best valid error 074.070%, avg grad norm   0.174, avg grad norm (post clip)   0.053, rho_Whh  0.95, Omega  0.00, alpha  2.000, steps in the past 0.000, valid nll 1.386
  [diag] log10|dL/dh_t| hist bins=60 range=(-12.50,-11.50) mean=-12.00 p50=-12.00 p05=-12.00 p95=-12.00
  [diag] sat-dist hist bins=60 sat<0.05=0.0% mean=0.985 p10=0.984 p90=0.985
Iter 0013120: train nll 1.386, valid error 074.330%, best valid error 074.070%, avg grad norm   0.198, avg grad norm (post clip)   0.053, rho_Whh  0.95, Omega  0.00, alpha  2.000, steps in the past 0.000, valid nll 1.386
  [diag] log10|dL/dh_t| hist bins=60 range=(-12.50,-11.50) mean=-12.00 p50=-12.00 p05=-12.00 p95=-12.00
  [diag] sat-dist hist bins=60 sat<0.05=0.0% mean=0.985 p10=0.984 p90=0.985
Iter 0013140: train nll 1.386, valid error 074.370%, best valid error 074.070%, avg grad norm   0.178, avg grad norm (post clip)   0.053, rho_Whh  0.95, Omega  0.00, alpha  2.000, steps in the past 0.000, valid nll 1.386
  [diag] log10|dL/dh_t| hist bins=60 range=(-12.50,-11.50) mean=-12.00 p50=-12.00 p05=-12.00 p95=-12.00
  [diag] sat-dist hist bins=60 sat<0.05=0.0% mean=0.985 p10=0.984 p90=0.985
Iter 0013160: train nll 1.386, valid error 074.290%, best valid error 074.070%, avg grad norm   0.180, avg grad norm (post clip)   0.053, rho_Whh  0.95, Omega  0.00, alpha  2.000, steps in the past 0.000, valid nll 1.386
  [diag] log10|dL/dh_t| hist bins=60 range=(-12.50,-11.50) mean=-12.00 p50=-12.00 p05=-12.00 p95=-12.00
  [diag] sat-dist hist bins=60 sat<0.05=0.0% mean=0.985 p10=0.984 p90=0.985
Iter 0013180: train nll 1.387, valid error 074.350%, best valid error 074.070%, avg grad norm   0.166, avg grad norm (post clip)   0.053, rho_Whh  0.95, Omega  0.00, alpha  2.000, steps in the past 0.000, valid nll 1.386
  [diag] log10|dL/dh_t| hist bins=60 range=(-12.50,-11.50) mean=-12.00 p50=-12.00 p05=-12.00 p95=-12.00
  [diag] sat-dist hist bins=60 sat<0.05=0.0% mean=0.985 p10=0.984 p90=0.985
Iter 0013200: train nll 1.386, valid error 074.340%, best valid error 074.070%, avg grad norm   0.170, avg grad norm (post clip)   0.053, rho_Whh  0.95, Omega  0.00, alpha  2.000, steps in the past 0.000, valid nll 1.386
  [diag] log10|dL/dh_t| hist bins=60 range=(-12.50,-11.50) mean=-12.00 p50=-12.00 p05=-12.00 p95=-12.00
  [diag] sat-dist hist bins=60 sat<0.05=0.0% mean=0.985 p10=0.984 p90=0.985
Iter 0013220: train nll 1.386, valid error 074.330%, best valid error 074.070%, avg grad norm   0.175, avg grad norm (post clip)   0.053, rho_Whh  0.95, Omega  0.00, alpha  2.000, steps in the past 0.000, valid nll 1.386
  [diag] log10|dL/dh_t| hist bins=60 range=(-12.50,-11.50) mean=-12.00 p50=-12.00 p05=-12.00 p95=-12.00
  [diag] sat-dist hist bins=60 sat<0.05=0.0% mean=0.985 p10=0.984 p90=0.985
Iter 0013240: train nll 1.386, valid error 074.340%, best valid error 074.070%, avg grad norm   0.190, avg grad norm (post clip)   0.053, rho_Whh  0.95, Omega  0.00, alpha  2.000, steps in the past 0.000, valid nll 1.386
  [diag] log10|dL/dh_t| hist bins=60 range=(-12.50,-11.50) mean=-12.00 p50=-12.00 p05=-12.00 p95=-12.00
  [diag] sat-dist hist bins=60 sat<0.05=0.0% mean=0.985 p10=0.984 p90=0.985
Iter 0013260: train nll 1.386, valid error 074.330%, best valid error 074.070%, avg grad norm   0.192, avg grad norm (post clip)   0.053, rho_Whh  0.95, Omega  0.00, alpha  2.000, steps in the past 0.000, valid nll 1.386
  [diag] log10|dL/dh_t| hist bins=60 range=(-12.50,-11.50) mean=-12.00 p50=-12.00 p05=-12.00 p95=-12.00
  [diag] sat-dist hist bins=60 sat<0.05=0.0% mean=0.985 p10=0.984 p90=0.985
Iter 0013280: train nll 1.386, valid error 074.330%, best valid error 074.070%, avg grad norm   0.169, avg grad norm (post clip)   0.053, rho_Whh  0.95, Omega  0.00, alpha  2.000, steps in the past 0.000, valid nll 1.386
  [diag] log10|dL/dh_t| hist bins=60 range=(-12.50,-11.50) mean=-12.00 p50=-12.00 p05=-12.00 p95=-12.00
  [diag] sat-dist hist bins=60 sat<0.05=0.0% mean=0.985 p10=0.984 p90=0.985
Iter 0013300: train nll 1.387, valid error 074.340%, best valid error 074.070%, avg grad norm   0.182, avg grad norm (post clip)   0.053, rho_Whh  0.95, Omega  0.00, alpha  2.000, steps in the past 0.000, valid nll 1.386
  [diag] log10|dL/dh_t| hist bins=60 range=(-12.50,-11.50) mean=-12.00 p50=-12.00 p05=-12.00 p95=-12.00
  [diag] sat-dist hist bins=60 sat<0.05=0.0% mean=0.985 p10=0.984 p90=0.985
Iter 0013320: train nll 1.387, valid error 074.340%, best valid error 074.070%, avg grad norm   0.203, avg grad norm (post clip)   0.053, rho_Whh  0.95, Omega  0.00, alpha  2.000, steps in the past 0.000, valid nll 1.386
  [diag] log10|dL/dh_t| hist bins=60 range=(-12.50,-11.50) mean=-12.00 p50=-12.00 p05=-12.00 p95=-12.00
  [diag] sat-dist hist bins=60 sat<0.05=0.0% mean=0.985 p10=0.984 p90=0.985
Iter 0013340: train nll 1.386, valid error 074.330%, best valid error 074.070%, avg grad norm   0.200, avg grad norm (post clip)   0.053, rho_Whh  0.95, Omega  0.00, alpha  2.000, steps in the past 0.000, valid nll 1.386
  [diag] log10|dL/dh_t| hist bins=60 range=(-12.50,-11.50) mean=-12.00 p50=-12.00 p05=-12.00 p95=-12.00
  [diag] sat-dist hist bins=60 sat<0.05=0.0% mean=0.985 p10=0.984 p90=0.985
Iter 0013360: train nll 1.386, valid error 074.350%, best valid error 074.070%, avg grad norm   0.187, avg grad norm (post clip)   0.052, rho_Whh  0.95, Omega  0.00, alpha  2.000, steps in the past 0.000, valid nll 1.386
  [diag] log10|dL/dh_t| hist bins=60 range=(-12.50,-11.50) mean=-12.00 p50=-12.00 p05=-12.00 p95=-12.00
  [diag] sat-dist hist bins=60 sat<0.05=0.0% mean=0.984 p10=0.984 p90=0.985
Iter 0013380: train nll 1.386, valid error 074.440%, best valid error 074.070%, avg grad norm   0.172, avg grad norm (post clip)   0.053, rho_Whh  0.95, Omega  0.00, alpha  2.000, steps in the past 0.000, valid nll 1.386
  [diag] log10|dL/dh_t| hist bins=60 range=(-12.50,-11.50) mean=-12.00 p50=-12.00 p05=-12.00 p95=-12.00
  [diag] sat-dist hist bins=60 sat<0.05=0.0% mean=0.984 p10=0.984 p90=0.985
Iter 0013400: train nll 1.386, valid error 074.460%, best valid error 074.070%, avg grad norm   0.190, avg grad norm (post clip)   0.052, rho_Whh  0.95, Omega  0.00, alpha  2.000, steps in the past 0.000, valid nll 1.386
  [diag] log10|dL/dh_t| hist bins=60 range=(-12.50,-11.50) mean=-12.00 p50=-12.00 p05=-12.00 p95=-12.00
  [diag] sat-dist hist bins=60 sat<0.05=0.0% mean=0.984 p10=0.983 p90=0.985
Iter 0013420: train nll 1.387, valid error 075.240%, best valid error 074.070%, avg grad norm   0.213, avg grad norm (post clip)   0.053, rho_Whh  0.95, Omega  0.00, alpha  2.000, steps in the past 0.000, valid nll 1.386
  [diag] log10|dL/dh_t| hist bins=60 range=(-12.50,-11.50) mean=-12.00 p50=-12.00 p05=-12.00 p95=-12.00
  [diag] sat-dist hist bins=60 sat<0.05=0.0% mean=0.984 p10=0.983 p90=0.984
Iter 0013440: train nll 1.386, valid error 075.110%, best valid error 074.070%, avg grad norm   0.175, avg grad norm (post clip)   0.051, rho_Whh  0.95, Omega  0.00, alpha  2.000, steps in the past 0.000, valid nll 1.386
  [diag] log10|dL/dh_t| hist bins=60 range=(-12.50,-11.50) mean=-12.00 p50=-12.00 p05=-12.00 p95=-12.00
  [diag] sat-dist hist bins=60 sat<0.05=0.0% mean=0.984 p10=0.983 p90=0.985
Iter 0013460: train nll 1.386, valid error 074.690%, best valid error 074.070%, avg grad norm   0.173, avg grad norm (post clip)   0.051, rho_Whh  0.95, Omega  0.00, alpha  2.000, steps in the past 0.000, valid nll 1.386
  [diag] log10|dL/dh_t| hist bins=60 range=(-12.50,-11.50) mean=-12.00 p50=-12.00 p05=-12.00 p95=-12.00
  [diag] sat-dist hist bins=60 sat<0.05=0.0% mean=0.984 p10=0.983 p90=0.985
Iter 0013480: train nll 1.386, valid error 074.350%, best valid error 074.070%, avg grad norm   0.176, avg grad norm (post clip)   0.053, rho_Whh  0.95, Omega  0.00, alpha  2.000, steps in the past 0.000, valid nll 1.386
  [diag] log10|dL/dh_t| hist bins=60 range=(-12.50,-11.50) mean=-12.00 p50=-12.00 p05=-12.00 p95=-12.00
  [diag] sat-dist hist bins=60 sat<0.05=0.0% mean=0.984 p10=0.983 p90=0.985
Iter 0013500: train nll 1.386, valid error 074.810%, best valid error 074.070%, avg grad norm   0.177, avg grad norm (post clip)   0.053, rho_Whh  0.95, Omega  0.00, alpha  2.000, steps in the past 0.000, valid nll 1.386
  [diag] log10|dL/dh_t| hist bins=60 range=(-12.50,-11.50) mean=-12.00 p50=-12.00 p05=-12.00 p95=-12.00
  [diag] sat-dist hist bins=60 sat<0.05=0.0% mean=0.984 p10=0.983 p90=0.985
Iter 0013520: train nll 1.386, valid error 074.900%, best valid error 074.070%, avg grad norm   0.209, avg grad norm (post clip)   0.053, rho_Whh  0.95, Omega  0.00, alpha  2.000, steps in the past 0.000, valid nll 1.386
  [diag] log10|dL/dh_t| hist bins=60 range=(-12.50,-11.50) mean=-12.00 p50=-12.00 p05=-12.00 p95=-12.00
  [diag] sat-dist hist bins=60 sat<0.05=0.0% mean=0.984 p10=0.983 p90=0.985
Iter 0013540: train nll 1.386, valid error 075.370%, best valid error 074.070%, avg grad norm   0.185, avg grad norm (post clip)   0.053, rho_Whh  0.95, Omega  0.00, alpha  2.000, steps in the past 0.000, valid nll 1.386
  [diag] log10|dL/dh_t| hist bins=60 range=(-12.50,-11.50) mean=-12.00 p50=-12.00 p05=-12.00 p95=-12.00
  [diag] sat-dist hist bins=60 sat<0.05=0.0% mean=0.984 p10=0.983 p90=0.985
Iter 0013560: train nll 1.386, valid error 074.750%, best valid error 074.070%, avg grad norm   0.162, avg grad norm (post clip)   0.053, rho_Whh  0.95, Omega  0.00, alpha  2.000, steps in the past 0.000, valid nll 1.386
  [diag] log10|dL/dh_t| hist bins=60 range=(-12.50,-11.50) mean=-12.00 p50=-12.00 p05=-12.00 p95=-12.00
  [diag] sat-dist hist bins=60 sat<0.05=0.0% mean=0.984 p10=0.983 p90=0.985
Iter 0013580: train nll 1.387, valid error 074.850%, best valid error 074.070%, avg grad norm   0.201, avg grad norm (post clip)   0.053, rho_Whh  0.95, Omega  0.00, alpha  2.000, steps in the past 0.000, valid nll 1.386
  [diag] log10|dL/dh_t| hist bins=60 range=(-12.50,-11.50) mean=-12.00 p50=-12.00 p05=-12.00 p95=-12.00
  [diag] sat-dist hist bins=60 sat<0.05=0.0% mean=0.984 p10=0.983 p90=0.984
Iter 0013600: train nll 1.386, valid error 075.220%, best valid error 074.070%, avg grad norm   0.204, avg grad norm (post clip)   0.053, rho_Whh  0.95, Omega  0.00, alpha  2.000, steps in the past 0.000, valid nll 1.386
  [diag] log10|dL/dh_t| hist bins=60 range=(-12.50,-11.50) mean=-12.00 p50=-12.00 p05=-12.00 p95=-12.00
  [diag] sat-dist hist bins=60 sat<0.05=0.0% mean=0.984 p10=0.983 p90=0.985
Iter 0013620: train nll 1.386, valid error 074.920%, best valid error 074.070%, avg grad norm   0.195, avg grad norm (post clip)   0.053, rho_Whh  0.95, Omega  0.00, alpha  2.000, steps in the past 0.000, valid nll 1.386
  [diag] log10|dL/dh_t| hist bins=60 range=(-12.50,-11.50) mean=-12.00 p50=-12.00 p05=-12.00 p95=-12.00
  [diag] sat-dist hist bins=60 sat<0.05=0.0% mean=0.984 p10=0.984 p90=0.985
Iter 0013640: train nll 1.386, valid error 074.460%, best valid error 074.070%, avg grad norm   0.187, avg grad norm (post clip)   0.052, rho_Whh  0.95, Omega  0.00, alpha  2.000, steps in the past 0.000, valid nll 1.386
  [diag] log10|dL/dh_t| hist bins=60 range=(-12.50,-11.50) mean=-12.00 p50=-12.00 p05=-12.00 p95=-12.00
  [diag] sat-dist hist bins=60 sat<0.05=0.0% mean=0.984 p10=0.983 p90=0.985
Iter 0013660: train nll 1.386, valid error 074.440%, best valid error 074.070%, avg grad norm   0.141, avg grad norm (post clip)   0.051, rho_Whh  0.95, Omega  0.00, alpha  2.000, steps in the past 0.000, valid nll 1.386
  [diag] log10|dL/dh_t| hist bins=60 range=(-12.50,-11.50) mean=-12.00 p50=-12.00 p05=-12.00 p95=-12.00
  [diag] sat-dist hist bins=60 sat<0.05=0.0% mean=0.984 p10=0.983 p90=0.984
Iter 0013680: train nll 1.386, valid error 075.210%, best valid error 074.070%, avg grad norm   0.214, avg grad norm (post clip)   0.053, rho_Whh  0.95, Omega  0.00, alpha  2.000, steps in the past 0.000, valid nll 1.386
  [diag] log10|dL/dh_t| hist bins=60 range=(-12.50,-11.50) mean=-12.00 p50=-12.00 p05=-12.00 p95=-12.00
  [diag] sat-dist hist bins=60 sat<0.05=0.0% mean=0.983 p10=0.983 p90=0.984
Iter 0013700: train nll 1.386, valid error 075.220%, best valid error 074.070%, avg grad norm   0.176, avg grad norm (post clip)   0.053, rho_Whh  0.95, Omega  0.00, alpha  2.000, steps in the past 0.000, valid nll 1.386
  [diag] log10|dL/dh_t| hist bins=60 range=(-12.50,-11.50) mean=-12.00 p50=-12.00 p05=-12.00 p95=-12.00
  [diag] sat-dist hist bins=60 sat<0.05=0.0% mean=0.983 p10=0.983 p90=0.984
Iter 0013720: train nll 1.386, valid error 075.280%, best valid error 074.070%, avg grad norm   0.192, avg grad norm (post clip)   0.053, rho_Whh  0.95, Omega  0.00, alpha  2.000, steps in the past 0.000, valid nll 1.386
  [diag] log10|dL/dh_t| hist bins=60 range=(-12.50,-11.50) mean=-12.00 p50=-12.00 p05=-12.00 p95=-12.00
  [diag] sat-dist hist bins=60 sat<0.05=0.0% mean=0.983 p10=0.983 p90=0.984
Iter 0013740: train nll 1.386, valid error 075.240%, best valid error 074.070%, avg grad norm   0.191, avg grad norm (post clip)   0.053, rho_Whh  0.95, Omega  0.00, alpha  2.000, steps in the past 0.000, valid nll 1.386
  [diag] log10|dL/dh_t| hist bins=60 range=(-12.50,-11.50) mean=-12.00 p50=-12.00 p05=-12.00 p95=-12.00
  [diag] sat-dist hist bins=60 sat<0.05=0.0% mean=0.983 p10=0.983 p90=0.984
Iter 0013760: train nll 1.387, valid error 075.110%, best valid error 074.070%, avg grad norm   0.179, avg grad norm (post clip)   0.052, rho_Whh  0.95, Omega  0.00, alpha  2.000, steps in the past 0.000, valid nll 1.386
  [diag] log10|dL/dh_t| hist bins=60 range=(-12.50,-11.50) mean=-12.00 p50=-12.00 p05=-12.00 p95=-12.00
  [diag] sat-dist hist bins=60 sat<0.05=0.0% mean=0.983 p10=0.983 p90=0.984
Iter 0013780: train nll 1.386, valid error 075.140%, best valid error 074.070%, avg grad norm   0.193, avg grad norm (post clip)   0.053, rho_Whh  0.95, Omega  0.00, alpha  2.000, steps in the past 0.000, valid nll 1.386
  [diag] log10|dL/dh_t| hist bins=60 range=(-12.50,-11.50) mean=-12.00 p50=-12.00 p05=-12.00 p95=-12.00
  [diag] sat-dist hist bins=60 sat<0.05=0.0% mean=0.984 p10=0.983 p90=0.984
Iter 0013800: train nll 1.386, valid error 075.160%, best valid error 074.070%, avg grad norm   0.167, avg grad norm (post clip)   0.053, rho_Whh  0.95, Omega  0.00, alpha  2.000, steps in the past 0.000, valid nll 1.386
  [diag] log10|dL/dh_t| hist bins=60 range=(-12.50,-11.50) mean=-12.00 p50=-12.00 p05=-12.00 p95=-12.00
  [diag] sat-dist hist bins=60 sat<0.05=0.0% mean=0.983 p10=0.983 p90=0.984
Iter 0013820: train nll 1.386, valid error 075.240%, best valid error 074.070%, avg grad norm   0.209, avg grad norm (post clip)   0.052, rho_Whh  0.95, Omega  0.00, alpha  2.000, steps in the past 0.000, valid nll 1.386
  [diag] log10|dL/dh_t| hist bins=60 range=(-12.50,-11.50) mean=-12.00 p50=-12.00 p05=-12.00 p95=-12.00
  [diag] sat-dist hist bins=60 sat<0.05=0.0% mean=0.984 p10=0.983 p90=0.984
Iter 0013840: train nll 1.387, valid error 075.050%, best valid error 074.070%, avg grad norm   0.170, avg grad norm (post clip)   0.052, rho_Whh  0.95, Omega  0.00, alpha  2.000, steps in the past 0.000, valid nll 1.386
  [diag] log10|dL/dh_t| hist bins=60 range=(-12.50,-11.50) mean=-12.00 p50=-12.00 p05=-12.00 p95=-12.00
  [diag] sat-dist hist bins=60 sat<0.05=0.0% mean=0.984 p10=0.983 p90=0.984
Iter 0013860: train nll 1.386, valid error 075.140%, best valid error 074.070%, avg grad norm   0.174, avg grad norm (post clip)   0.053, rho_Whh  0.95, Omega  0.00, alpha  2.000, steps in the past 0.000, valid nll 1.386
  [diag] log10|dL/dh_t| hist bins=60 range=(-12.50,-11.50) mean=-12.00 p50=-12.00 p05=-12.00 p95=-12.00
  [diag] sat-dist hist bins=60 sat<0.05=0.0% mean=0.984 p10=0.983 p90=0.984
Iter 0013880: train nll 1.386, valid error 075.070%, best valid error 074.070%, avg grad norm   0.192, avg grad norm (post clip)   0.053, rho_Whh  0.95, Omega  0.00, alpha  2.000, steps in the past 0.000, valid nll 1.386
  [diag] log10|dL/dh_t| hist bins=60 range=(-12.50,-11.50) mean=-12.00 p50=-12.00 p05=-12.00 p95=-12.00
  [diag] sat-dist hist bins=60 sat<0.05=0.0% mean=0.984 p10=0.983 p90=0.984
Iter 0013900: train nll 1.386, valid error 074.440%, best valid error 074.070%, avg grad norm   0.190, avg grad norm (post clip)   0.053, rho_Whh  0.95, Omega  0.00, alpha  2.000, steps in the past 0.000, valid nll 1.386
  [diag] log10|dL/dh_t| hist bins=60 range=(-12.50,-11.50) mean=-12.00 p50=-12.00 p05=-12.00 p95=-12.00
  [diag] sat-dist hist bins=60 sat<0.05=0.0% mean=0.984 p10=0.983 p90=0.984
Iter 0013920: train nll 1.386, valid error 074.230%, best valid error 074.070%, avg grad norm   0.147, avg grad norm (post clip)   0.052, rho_Whh  0.95, Omega  0.00, alpha  2.000, steps in the past 0.000, valid nll 1.386
  [diag] log10|dL/dh_t| hist bins=60 range=(-12.50,-11.50) mean=-12.00 p50=-12.00 p05=-12.00 p95=-12.00
  [diag] sat-dist hist bins=60 sat<0.05=0.0% mean=0.984 p10=0.983 p90=0.984
Iter 0013940: train nll 1.386, valid error 075.160%, best valid error 074.070%, avg grad norm   0.198, avg grad norm (post clip)   0.053, rho_Whh  0.95, Omega  0.00, alpha  2.000, steps in the past 0.000, valid nll 1.386
  [diag] log10|dL/dh_t| hist bins=60 range=(-12.50,-11.50) mean=-12.00 p50=-12.00 p05=-12.00 p95=-12.00
  [diag] sat-dist hist bins=60 sat<0.05=0.0% mean=0.984 p10=0.983 p90=0.984
Iter 0013960: train nll 1.386, valid error 074.980%, best valid error 074.070%, avg grad norm   0.185, avg grad norm (post clip)   0.053, rho_Whh  0.95, Omega  0.00, alpha  2.000, steps in the past 0.000, valid nll 1.386
  [diag] log10|dL/dh_t| hist bins=60 range=(-12.50,-11.50) mean=-12.00 p50=-12.00 p05=-12.00 p95=-12.00
  [diag] sat-dist hist bins=60 sat<0.05=0.0% mean=0.984 p10=0.983 p90=0.984
Iter 0013980: train nll 1.386, valid error 074.650%, best valid error 074.070%, avg grad norm   0.183, avg grad norm (post clip)   0.052, rho_Whh  0.95, Omega  0.00, alpha  2.000, steps in the past 0.000, valid nll 1.386
  [diag] log10|dL/dh_t| hist bins=60 range=(-12.50,-11.50) mean=-12.00 p50=-12.00 p05=-12.00 p95=-12.00
  [diag] sat-dist hist bins=60 sat<0.05=0.0% mean=0.984 p10=0.983 p90=0.984
Iter 0014000: train nll 1.386, valid error 074.970%, best valid error 074.070%, avg grad norm   0.187, avg grad norm (post clip)   0.053, rho_Whh  0.95, Omega  0.00, alpha  2.000, steps in the past 0.000, valid nll 1.386
  [diag] log10|dL/dh_t| hist bins=60 range=(-12.50,-11.50) mean=-12.00 p50=-12.00 p05=-12.00 p95=-12.00
  [diag] sat-dist hist bins=60 sat<0.05=0.0% mean=0.984 p10=0.983 p90=0.984
Iter 0014020: train nll 1.386, valid error 075.120%, best valid error 074.070%, avg grad norm   0.163, avg grad norm (post clip)   0.053, rho_Whh  0.95, Omega  0.00, alpha  2.000, steps in the past 0.000, valid nll 1.386
  [diag] log10|dL/dh_t| hist bins=60 range=(-12.50,-11.50) mean=-12.00 p50=-12.00 p05=-12.00 p95=-12.00
  [diag] sat-dist hist bins=60 sat<0.05=0.0% mean=0.984 p10=0.983 p90=0.984
Iter 0014040: train nll 1.386, valid error 074.860%, best valid error 074.070%, avg grad norm   0.187, avg grad norm (post clip)   0.053, rho_Whh  0.95, Omega  0.00, alpha  2.000, steps in the past 0.000, valid nll 1.386
  [diag] log10|dL/dh_t| hist bins=60 range=(-12.50,-11.50) mean=-12.00 p50=-12.00 p05=-12.00 p95=-12.00
  [diag] sat-dist hist bins=60 sat<0.05=0.0% mean=0.984 p10=0.983 p90=0.984
Iter 0014060: train nll 1.386, valid error 074.900%, best valid error 074.070%, avg grad norm   0.222, avg grad norm (post clip)   0.053, rho_Whh  0.95, Omega  0.00, alpha  2.000, steps in the past 0.000, valid nll 1.386
  [diag] log10|dL/dh_t| hist bins=60 range=(-12.50,-11.50) mean=-12.00 p50=-12.00 p05=-12.00 p95=-12.00
  [diag] sat-dist hist bins=60 sat<0.05=0.0% mean=0.984 p10=0.983 p90=0.985
Iter 0014080: train nll 1.386, valid error 074.490%, best valid error 074.070%, avg grad norm   0.165, avg grad norm (post clip)   0.052, rho_Whh  0.95, Omega  0.00, alpha  2.000, steps in the past 0.000, valid nll 1.386
  [diag] log10|dL/dh_t| hist bins=60 range=(-12.50,-11.50) mean=-12.00 p50=-12.00 p05=-12.00 p95=-12.00
  [diag] sat-dist hist bins=60 sat<0.05=0.0% mean=0.984 p10=0.983 p90=0.984
Iter 0014100: train nll 1.386, valid error 074.900%, best valid error 074.070%, avg grad norm   0.192, avg grad norm (post clip)   0.053, rho_Whh  0.95, Omega  0.00, alpha  2.000, steps in the past 0.000, valid nll 1.386
  [diag] log10|dL/dh_t| hist bins=60 range=(-12.50,-11.50) mean=-12.00 p50=-12.00 p05=-12.00 p95=-12.00
  [diag] sat-dist hist bins=60 sat<0.05=0.0% mean=0.984 p10=0.983 p90=0.985
Iter 0014120: train nll 1.386, valid error 075.280%, best valid error 074.070%, avg grad norm   0.191, avg grad norm (post clip)   0.053, rho_Whh  0.95, Omega  0.00, alpha  2.000, steps in the past 0.000, valid nll 1.386
  [diag] log10|dL/dh_t| hist bins=60 range=(-12.50,-11.50) mean=-12.00 p50=-12.00 p05=-12.00 p95=-12.00
  [diag] sat-dist hist bins=60 sat<0.05=0.0% mean=0.984 p10=0.983 p90=0.985
Iter 0014140: train nll 1.386, valid error 074.930%, best valid error 074.070%, avg grad norm   0.178, avg grad norm (post clip)   0.052, rho_Whh  0.95, Omega  0.00, alpha  2.000, steps in the past 0.000, valid nll 1.386
  [diag] log10|dL/dh_t| hist bins=60 range=(-12.50,-11.50) mean=-12.00 p50=-12.00 p05=-12.00 p95=-12.00
  [diag] sat-dist hist bins=60 sat<0.05=0.0% mean=0.984 p10=0.984 p90=0.985
Iter 0014160: train nll 1.386, valid error 074.970%, best valid error 074.070%, avg grad norm   0.170, avg grad norm (post clip)   0.053, rho_Whh  0.95, Omega  0.00, alpha  2.000, steps in the past 0.000, valid nll 1.386
  [diag] log10|dL/dh_t| hist bins=60 range=(-12.50,-11.50) mean=-12.00 p50=-12.00 p05=-12.00 p95=-12.00
  [diag] sat-dist hist bins=60 sat<0.05=0.0% mean=0.984 p10=0.984 p90=0.985
Iter 0014180: train nll 1.386, valid error 074.820%, best valid error 074.070%, avg grad norm   0.192, avg grad norm (post clip)   0.053, rho_Whh  0.95, Omega  0.00, alpha  2.000, steps in the past 0.000, valid nll 1.386
  [diag] log10|dL/dh_t| hist bins=60 range=(-12.50,-11.50) mean=-12.00 p50=-12.00 p05=-12.00 p95=-12.00
  [diag] sat-dist hist bins=60 sat<0.05=0.0% mean=0.984 p10=0.984 p90=0.985
Iter 0014200: train nll 1.386, valid error 075.250%, best valid error 074.070%, avg grad norm   0.172, avg grad norm (post clip)   0.053, rho_Whh  0.95, Omega  0.00, alpha  2.000, steps in the past 0.000, valid nll 1.386
  [diag] log10|dL/dh_t| hist bins=60 range=(-12.50,-11.50) mean=-12.00 p50=-12.00 p05=-12.00 p95=-12.00
  [diag] sat-dist hist bins=60 sat<0.05=0.0% mean=0.985 p10=0.984 p90=0.985
Iter 0014220: train nll 1.386, valid error 075.030%, best valid error 074.070%, avg grad norm   0.183, avg grad norm (post clip)   0.053, rho_Whh  0.95, Omega  0.00, alpha  2.000, steps in the past 0.000, valid nll 1.386
  [diag] log10|dL/dh_t| hist bins=60 range=(-12.50,-11.50) mean=-12.00 p50=-12.00 p05=-12.00 p95=-12.00
  [diag] sat-dist hist bins=60 sat<0.05=0.0% mean=0.985 p10=0.984 p90=0.985
Iter 0014240: train nll 1.386, valid error 075.450%, best valid error 074.070%, avg grad norm   0.181, avg grad norm (post clip)   0.053, rho_Whh  0.95, Omega  0.00, alpha  2.000, steps in the past 0.000, valid nll 1.386
  [diag] log10|dL/dh_t| hist bins=60 range=(-12.50,-11.50) mean=-12.00 p50=-12.00 p05=-12.00 p95=-12.00
  [diag] sat-dist hist bins=60 sat<0.05=0.0% mean=0.984 p10=0.984 p90=0.985
Iter 0014260: train nll 1.386, valid error 075.410%, best valid error 074.070%, avg grad norm   0.154, avg grad norm (post clip)   0.052, rho_Whh  0.95, Omega  0.00, alpha  2.000, steps in the past 0.000, valid nll 1.386
  [diag] log10|dL/dh_t| hist bins=60 range=(-12.50,-11.50) mean=-12.00 p50=-12.00 p05=-12.00 p95=-12.00
  [diag] sat-dist hist bins=60 sat<0.05=0.0% mean=0.984 p10=0.984 p90=0.985
Iter 0014280: train nll 1.386, valid error 075.390%, best valid error 074.070%, avg grad norm   0.158, avg grad norm (post clip)   0.051, rho_Whh  0.95, Omega  0.00, alpha  2.000, steps in the past 0.000, valid nll 1.386
  [diag] log10|dL/dh_t| hist bins=60 range=(-12.50,-11.50) mean=-12.00 p50=-12.00 p05=-12.00 p95=-12.00
  [diag] sat-dist hist bins=60 sat<0.05=0.0% mean=0.985 p10=0.984 p90=0.985
Iter 0014300: train nll 1.386, valid error 074.970%, best valid error 074.070%, avg grad norm   0.170, avg grad norm (post clip)   0.052, rho_Whh  0.95, Omega  0.00, alpha  2.000, steps in the past 0.000, valid nll 1.386
  [diag] log10|dL/dh_t| hist bins=60 range=(-12.50,-11.50) mean=-12.00 p50=-12.00 p05=-12.00 p95=-12.00
  [diag] sat-dist hist bins=60 sat<0.05=0.0% mean=0.985 p10=0.984 p90=0.985
Iter 0014320: train nll 1.386, valid error 074.400%, best valid error 074.070%, avg grad norm   0.179, avg grad norm (post clip)   0.052, rho_Whh  0.95, Omega  0.00, alpha  2.000, steps in the past 0.000, valid nll 1.386
  [diag] log10|dL/dh_t| hist bins=60 range=(-12.50,-11.50) mean=-12.00 p50=-12.00 p05=-12.00 p95=-12.00
  [diag] sat-dist hist bins=60 sat<0.05=0.0% mean=0.985 p10=0.984 p90=0.985
Iter 0014340: train nll 1.386, valid error 074.280%, best valid error 074.070%, avg grad norm   0.196, avg grad norm (post clip)   0.053, rho_Whh  0.95, Omega  0.00, alpha  2.000, steps in the past 0.000, valid nll 1.386
  [diag] log10|dL/dh_t| hist bins=60 range=(-12.50,-11.50) mean=-12.00 p50=-12.00 p05=-12.00 p95=-12.00
  [diag] sat-dist hist bins=60 sat<0.05=0.0% mean=0.985 p10=0.984 p90=0.985
Iter 0014360: train nll 1.386, valid error 074.340%, best valid error 074.070%, avg grad norm   0.162, avg grad norm (post clip)   0.053, rho_Whh  0.95, Omega  0.00, alpha  2.000, steps in the past 0.000, valid nll 1.386
  [diag] log10|dL/dh_t| hist bins=60 range=(-12.50,-11.50) mean=-12.00 p50=-12.00 p05=-12.00 p95=-12.00
  [diag] sat-dist hist bins=60 sat<0.05=0.0% mean=0.985 p10=0.984 p90=0.985
Iter 0014380: train nll 1.386, valid error 074.330%, best valid error 074.070%, avg grad norm   0.170, avg grad norm (post clip)   0.053, rho_Whh  0.95, Omega  0.00, alpha  2.000, steps in the past 0.000, valid nll 1.386
  [diag] log10|dL/dh_t| hist bins=60 range=(-12.50,-11.50) mean=-12.00 p50=-12.00 p05=-12.00 p95=-12.00
  [diag] sat-dist hist bins=60 sat<0.05=0.0% mean=0.985 p10=0.984 p90=0.985
Iter 0014400: train nll 1.386, valid error 074.330%, best valid error 074.070%, avg grad norm   0.200, avg grad norm (post clip)   0.053, rho_Whh  0.95, Omega  0.00, alpha  2.000, steps in the past 0.000, valid nll 1.386
  [diag] log10|dL/dh_t| hist bins=60 range=(-12.50,-11.50) mean=-12.00 p50=-12.00 p05=-12.00 p95=-12.00
  [diag] sat-dist hist bins=60 sat<0.05=0.0% mean=0.984 p10=0.984 p90=0.985
Iter 0014420: train nll 1.386, valid error 074.340%, best valid error 074.070%, avg grad norm   0.199, avg grad norm (post clip)   0.053, rho_Whh  0.95, Omega  0.00, alpha  2.000, steps in the past 0.000, valid nll 1.386
  [diag] log10|dL/dh_t| hist bins=60 range=(-12.50,-11.50) mean=-12.00 p50=-12.00 p05=-12.00 p95=-12.00
  [diag] sat-dist hist bins=60 sat<0.05=0.0% mean=0.984 p10=0.984 p90=0.985
Iter 0014440: train nll 1.386, valid error 074.330%, best valid error 074.070%, avg grad norm   0.190, avg grad norm (post clip)   0.053, rho_Whh  0.95, Omega  0.00, alpha  2.000, steps in the past 0.000, valid nll 1.386
  [diag] log10|dL/dh_t| hist bins=60 range=(-12.50,-11.50) mean=-12.00 p50=-12.00 p05=-12.00 p95=-12.00
  [diag] sat-dist hist bins=60 sat<0.05=0.0% mean=0.984 p10=0.984 p90=0.985
Iter 0014460: train nll 1.386, valid error 074.430%, best valid error 074.070%, avg grad norm   0.197, avg grad norm (post clip)   0.053, rho_Whh  0.95, Omega  0.00, alpha  2.000, steps in the past 0.000, valid nll 1.386
  [diag] log10|dL/dh_t| hist bins=60 range=(-12.50,-11.50) mean=-12.00 p50=-12.00 p05=-12.00 p95=-12.00
  [diag] sat-dist hist bins=60 sat<0.05=0.0% mean=0.984 p10=0.983 p90=0.985
Iter 0014480: train nll 1.386, valid error 074.590%, best valid error 074.070%, avg grad norm   0.176, avg grad norm (post clip)   0.053, rho_Whh  0.95, Omega  0.00, alpha  2.000, steps in the past 0.000, valid nll 1.386
  [diag] log10|dL/dh_t| hist bins=60 range=(-12.50,-11.50) mean=-12.00 p50=-12.00 p05=-12.00 p95=-12.00
  [diag] sat-dist hist bins=60 sat<0.05=0.0% mean=0.984 p10=0.983 p90=0.984
Iter 0014500: train nll 1.386, valid error 075.080%, best valid error 074.070%, avg grad norm   0.169, avg grad norm (post clip)   0.053, rho_Whh  0.95, Omega  0.00, alpha  2.000, steps in the past 0.000, valid nll 1.386
  [diag] log10|dL/dh_t| hist bins=60 range=(-12.50,-11.50) mean=-12.00 p50=-12.00 p05=-12.00 p95=-12.00
  [diag] sat-dist hist bins=60 sat<0.05=0.0% mean=0.984 p10=0.983 p90=0.985
Iter 0014520: train nll 1.386, valid error 074.460%, best valid error 074.070%, avg grad norm   0.181, avg grad norm (post clip)   0.053, rho_Whh  0.95, Omega  0.00, alpha  2.000, steps in the past 0.000, valid nll 1.386
  [diag] log10|dL/dh_t| hist bins=60 range=(-12.50,-11.50) mean=-12.00 p50=-12.00 p05=-12.00 p95=-12.00
  [diag] sat-dist hist bins=60 sat<0.05=0.0% mean=0.984 p10=0.984 p90=0.985
Iter 0014540: train nll 1.386, valid error 074.420%, best valid error 074.070%, avg grad norm   0.169, avg grad norm (post clip)   0.053, rho_Whh  0.95, Omega  0.00, alpha  2.000, steps in the past 0.000, valid nll 1.386
  [diag] log10|dL/dh_t| hist bins=60 range=(-12.50,-11.50) mean=-12.00 p50=-12.00 p05=-12.00 p95=-12.00
  [diag] sat-dist hist bins=60 sat<0.05=0.0% mean=0.984 p10=0.984 p90=0.985
Iter 0014560: train nll 1.386, valid error 074.510%, best valid error 074.070%, avg grad norm   0.182, avg grad norm (post clip)   0.053, rho_Whh  0.95, Omega  0.00, alpha  2.000, steps in the past 0.000, valid nll 1.386
  [diag] log10|dL/dh_t| hist bins=60 range=(-12.50,-11.50) mean=-12.00 p50=-12.00 p05=-12.00 p95=-12.00
  [diag] sat-dist hist bins=60 sat<0.05=0.0% mean=0.984 p10=0.984 p90=0.985
Iter 0014580: train nll 1.386, valid error 074.410%, best valid error 074.070%, avg grad norm   0.198, avg grad norm (post clip)   0.053, rho_Whh  0.95, Omega  0.00, alpha  2.000, steps in the past 0.000, valid nll 1.386
  [diag] log10|dL/dh_t| hist bins=60 range=(-12.50,-11.50) mean=-12.00 p50=-12.00 p05=-12.00 p95=-12.00
  [diag] sat-dist hist bins=60 sat<0.05=0.0% mean=0.984 p10=0.984 p90=0.985
Iter 0014600: train nll 1.386, valid error 074.440%, best valid error 074.070%, avg grad norm   0.194, avg grad norm (post clip)   0.053, rho_Whh  0.95, Omega  0.00, alpha  2.000, steps in the past 0.000, valid nll 1.386
  [diag] log10|dL/dh_t| hist bins=60 range=(-12.50,-11.50) mean=-12.00 p50=-12.00 p05=-12.00 p95=-12.00
  [diag] sat-dist hist bins=60 sat<0.05=0.0% mean=0.985 p10=0.984 p90=0.985
Iter 0014620: train nll 1.386, valid error 074.330%, best valid error 074.070%, avg grad norm   0.175, avg grad norm (post clip)   0.051, rho_Whh  0.95, Omega  0.00, alpha  2.000, steps in the past 0.000, valid nll 1.386
  [diag] log10|dL/dh_t| hist bins=60 range=(-12.50,-11.50) mean=-12.00 p50=-12.00 p05=-12.00 p95=-12.00
  [diag] sat-dist hist bins=60 sat<0.05=0.0% mean=0.985 p10=0.984 p90=0.985
Iter 0014640: train nll 1.386, valid error 074.330%, best valid error 074.070%, avg grad norm   0.172, avg grad norm (post clip)   0.052, rho_Whh  0.95, Omega  0.00, alpha  2.000, steps in the past 0.000, valid nll 1.386
  [diag] log10|dL/dh_t| hist bins=60 range=(-12.50,-11.50) mean=-12.00 p50=-12.00 p05=-12.00 p95=-12.00
  [diag] sat-dist hist bins=60 sat<0.05=0.0% mean=0.984 p10=0.984 p90=0.985
Iter 0014660: train nll 1.386, valid error 074.340%, best valid error 074.070%, avg grad norm   0.185, avg grad norm (post clip)   0.053, rho_Whh  0.95, Omega  0.00, alpha  2.000, steps in the past 0.000, valid nll 1.386
  [diag] log10|dL/dh_t| hist bins=60 range=(-12.50,-11.50) mean=-12.00 p50=-12.00 p05=-12.00 p95=-12.00
  [diag] sat-dist hist bins=60 sat<0.05=0.0% mean=0.985 p10=0.984 p90=0.985
Iter 0014680: train nll 1.386, valid error 074.330%, best valid error 074.070%, avg grad norm   0.172, avg grad norm (post clip)   0.053, rho_Whh  0.95, Omega  0.00, alpha  2.000, steps in the past 0.000, valid nll 1.386
  [diag] log10|dL/dh_t| hist bins=60 range=(-12.50,-11.50) mean=-12.00 p50=-12.00 p05=-12.00 p95=-12.00
  [diag] sat-dist hist bins=60 sat<0.05=0.0% mean=0.985 p10=0.984 p90=0.985
Iter 0014700: train nll 1.386, valid error 074.330%, best valid error 074.070%, avg grad norm   0.179, avg grad norm (post clip)   0.053, rho_Whh  0.95, Omega  0.00, alpha  2.000, steps in the past 0.000, valid nll 1.386
  [diag] log10|dL/dh_t| hist bins=60 range=(-12.50,-11.50) mean=-12.00 p50=-12.00 p05=-12.00 p95=-12.00
  [diag] sat-dist hist bins=60 sat<0.05=0.0% mean=0.985 p10=0.984 p90=0.985
Iter 0014720: train nll 1.387, valid error 074.330%, best valid error 074.070%, avg grad norm   0.159, avg grad norm (post clip)   0.053, rho_Whh  0.95, Omega  0.00, alpha  2.000, steps in the past 0.000, valid nll 1.386
  [diag] log10|dL/dh_t| hist bins=60 range=(-12.50,-11.50) mean=-12.00 p50=-12.00 p05=-12.00 p95=-12.00
  [diag] sat-dist hist bins=60 sat<0.05=0.0% mean=0.985 p10=0.984 p90=0.985
Iter 0014740: train nll 1.386, valid error 074.340%, best valid error 074.070%, avg grad norm   0.176, avg grad norm (post clip)   0.053, rho_Whh  0.95, Omega  0.00, alpha  2.000, steps in the past 0.000, valid nll 1.386
  [diag] log10|dL/dh_t| hist bins=60 range=(-12.50,-11.50) mean=-12.00 p50=-12.00 p05=-12.00 p95=-12.00
  [diag] sat-dist hist bins=60 sat<0.05=0.0% mean=0.984 p10=0.984 p90=0.985
Iter 0014760: train nll 1.386, valid error 074.510%, best valid error 074.070%, avg grad norm   0.187, avg grad norm (post clip)   0.053, rho_Whh  0.95, Omega  0.00, alpha  2.000, steps in the past 0.000, valid nll 1.386
  [diag] log10|dL/dh_t| hist bins=60 range=(-12.50,-11.50) mean=-12.00 p50=-12.00 p05=-12.00 p95=-12.00
  [diag] sat-dist hist bins=60 sat<0.05=0.0% mean=0.984 p10=0.984 p90=0.985
Iter 0014780: train nll 1.387, valid error 074.430%, best valid error 074.070%, avg grad norm   0.158, avg grad norm (post clip)   0.053, rho_Whh  0.95, Omega  0.00, alpha  2.000, steps in the past 0.000, valid nll 1.386
  [diag] log10|dL/dh_t| hist bins=60 range=(-12.50,-11.50) mean=-12.00 p50=-12.00 p05=-12.00 p95=-12.00
  [diag] sat-dist hist bins=60 sat<0.05=0.0% mean=0.984 p10=0.984 p90=0.985
Iter 0014800: train nll 1.386, valid error 074.470%, best valid error 074.070%, avg grad norm   0.193, avg grad norm (post clip)   0.053, rho_Whh  0.95, Omega  0.00, alpha  2.000, steps in the past 0.000, valid nll 1.386
  [diag] log10|dL/dh_t| hist bins=60 range=(-12.50,-11.50) mean=-12.00 p50=-12.00 p05=-12.00 p95=-12.00
  [diag] sat-dist hist bins=60 sat<0.05=0.0% mean=0.984 p10=0.984 p90=0.985
Iter 0014820: train nll 1.386, valid error 074.370%, best valid error 074.070%, avg grad norm   0.186, avg grad norm (post clip)   0.053, rho_Whh  0.95, Omega  0.00, alpha  2.000, steps in the past 0.000, valid nll 1.386
  [diag] log10|dL/dh_t| hist bins=60 range=(-12.50,-11.50) mean=-12.00 p50=-12.00 p05=-12.00 p95=-12.00
  [diag] sat-dist hist bins=60 sat<0.05=0.0% mean=0.984 p10=0.984 p90=0.985
Iter 0014840: train nll 1.386, valid error 074.480%, best valid error 074.070%, avg grad norm   0.189, avg grad norm (post clip)   0.053, rho_Whh  0.95, Omega  0.00, alpha  2.000, steps in the past 0.000, valid nll 1.386
  [diag] log10|dL/dh_t| hist bins=60 range=(-12.50,-11.50) mean=-12.00 p50=-12.00 p05=-12.00 p95=-12.00
  [diag] sat-dist hist bins=60 sat<0.05=0.0% mean=0.984 p10=0.984 p90=0.985
Iter 0014860: train nll 1.386, valid error 074.490%, best valid error 074.070%, avg grad norm   0.162, avg grad norm (post clip)   0.052, rho_Whh  0.95, Omega  0.00, alpha  2.000, steps in the past 0.000, valid nll 1.386
  [diag] log10|dL/dh_t| hist bins=60 range=(-12.50,-11.50) mean=-12.00 p50=-12.00 p05=-12.00 p95=-12.00
  [diag] sat-dist hist bins=60 sat<0.05=0.0% mean=0.984 p10=0.984 p90=0.985
Iter 0014880: train nll 1.387, valid error 074.450%, best valid error 074.070%, avg grad norm   0.169, avg grad norm (post clip)   0.053, rho_Whh  0.95, Omega  0.00, alpha  2.000, steps in the past 0.000, valid nll 1.386
  [diag] log10|dL/dh_t| hist bins=60 range=(-12.50,-11.50) mean=-12.00 p50=-12.00 p05=-12.00 p95=-12.00
  [diag] sat-dist hist bins=60 sat<0.05=0.0% mean=0.984 p10=0.983 p90=0.985
Iter 0014900: train nll 1.386, valid error 074.580%, best valid error 074.070%, avg grad norm   0.188, avg grad norm (post clip)   0.053, rho_Whh  0.95, Omega  0.00, alpha  2.000, steps in the past 0.000, valid nll 1.386
  [diag] log10|dL/dh_t| hist bins=60 range=(-12.50,-11.50) mean=-12.00 p50=-12.00 p05=-12.00 p95=-12.00
  [diag] sat-dist hist bins=60 sat<0.05=0.0% mean=0.984 p10=0.983 p90=0.985
Iter 0014920: train nll 1.386, valid error 074.900%, best valid error 074.070%, avg grad norm   0.167, avg grad norm (post clip)   0.053, rho_Whh  0.95, Omega  0.00, alpha  2.000, steps in the past 0.000, valid nll 1.386
  [diag] log10|dL/dh_t| hist bins=60 range=(-12.50,-11.50) mean=-12.00 p50=-12.00 p05=-12.00 p95=-12.00
  [diag] sat-dist hist bins=60 sat<0.05=0.0% mean=0.984 p10=0.983 p90=0.984
Iter 0014940: train nll 1.386, valid error 075.100%, best valid error 074.070%, avg grad norm   0.168, avg grad norm (post clip)   0.053, rho_Whh  0.95, Omega  0.00, alpha  2.000, steps in the past 0.000, valid nll 1.386
  [diag] log10|dL/dh_t| hist bins=60 range=(-12.50,-11.50) mean=-12.00 p50=-12.00 p05=-12.00 p95=-12.00
  [diag] sat-dist hist bins=60 sat<0.05=0.0% mean=0.984 p10=0.983 p90=0.984
Iter 0014960: train nll 1.387, valid error 075.120%, best valid error 074.070%, avg grad norm   0.210, avg grad norm (post clip)   0.052, rho_Whh  0.95, Omega  0.00, alpha  2.000, steps in the past 0.000, valid nll 1.386
  [diag] log10|dL/dh_t| hist bins=60 range=(-12.50,-11.50) mean=-12.00 p50=-12.00 p05=-12.00 p95=-12.00
  [diag] sat-dist hist bins=60 sat<0.05=0.0% mean=0.984 p10=0.983 p90=0.984
Iter 0014980: train nll 1.387, valid error 075.220%, best valid error 074.070%, avg grad norm   0.176, avg grad norm (post clip)   0.053, rho_Whh  0.95, Omega  0.00, alpha  2.000, steps in the past 0.000, valid nll 1.386
Done. solved=0 steps=14999 best_valid_error=74.0700%
/usr/bin/python /home/sakshi/Downloads/PA2_code/PA2_final/code/train.py --task torder --model rnn --init smart_tanh --clipstyle rescale --cutoff 0.05 --alpha 2.0 --lr 0.01 --nhid 50 --bs 20 --min_length 50 --max_length 200 --maxiters 15000 --ebs 10000 --cbs 1000 --checkFreq 20 --seed 52 --valid_seed 12345 --collectDiags --diagBins 60 --satThresh 0.05 --device cuda --name /home/sakshi/Downloads/PA2_code/PA2_final/results/checkpoints/EC_torder_smart_clip005_alpha20_lr001_nh50

